fetched_utc,api_ts_utc,id,name,bact,viral,algae,samlet,forecast,confirm_reason,data_confidence
2026-09-26T05:46:56Z,2026-09-26T05:37:50Z,DKBW16,SØVANG,0,0,0.3401,0.3401,0.5307,,middel
2026-09-26T05:46:56Z,2026-09-26T05:37:50Z,DKBW1906,TEGLHOLM BRYGGE BADEZONE,0.9911,0.892,0.2439,0.9911,1,,middel
2026-09-26T05:46:56Z,2026-09-26T05:37:50Z,DKBW24,CHARLOTTENLUND STRANDPARK,0.2694,0.4835,0.2439,0.4835,1,,middel
2026-09-26T05:46:56Z,2026-09-26T05:37:50Z,DKBW14,AMAGER SYDSTRAND,0,0,0.3401,0.3401,0.5307,,middel
2026-09-26T05:46:56Z,2026-09-26T05:37:50Z,DKBW1526,"AMAGER STRANDPARK, ØRESUND",0.0923,0.1486,0.2439,0.2439,1,,middel
2026-09-26T05:46:56Z,2026-09-26T05:37:50Z,DKBW1578,SLUSEHOLMEN HAVNEBAD,0.8208,0.8382,0.2439,0.8382,1,,hoej
2026-09-26T05:46:56Z,2026-09-26T05:37:50Z,DKBW1667,KALVEBOD BØLGE BADEZONE,0.2235,0.199,0.2439,0.2439,1,,hoej
2026-09-26T05:46:56Z,2026-09-26T05:37:50Z,DKBW4,"KBS, UD FOR HYLDETANGEN",0.6425,0.6978,0.2085,0.6978,0.6682,,middel
2026-09-26T05:46:56Z,2026-09-26T05:37:50Z,DKBW1464,"VALLENSBÆK STRAND, VED SKRUBBEN",,,,,,all-stormwater,hoej
2026-09-26T05:46:56Z,2026-09-26T05:37:50Z,DKBW1590,LODSPARKEN,0.4594,0.6922,0.2439,0.6922,1,,middel
2026-09-26T05:46:56Z,2026-09-26T05:37:50Z,DKBW1593,TAARBÆK HAVN,0.2848,0.5035,0.2439,0.5035,1,,middel
2026-09-26T05:46:56Z,2026-09-26T05:37:50Z,DKBW8,DRAGØR NORDSTRAND,0.1148,0.438,0.2439,0.438,1,,middel
2026-09-26T05:46:56Z,2026-09-26T05:37:50Z,DKBW1904,STRANDEN VED VALBYPARKEN,0.6774,0.7868,0.2439,0.7868,1,,hoej
2026-09-26T05:46:56Z,2026-09-26T05:37:50Z,DKBW1913,HVIDOVRE HAVN,0.4488,0.6869,0.2439,0.6869,1,,middel
2026-09-26T05:46:56Z,2026-09-26T05:37:50Z,DKBW32,FREDERIKSDAL FRIBAD,0.5162,0.631,0.3401,0.631,0.5857,,lav
2026-09-26T05:46:56Z,2026-09-26T05:37:50Z,DKBW1527,"AMAGER STRANDPARK, LAGUNEN",0.0972,0.1512,0.2439,0.2439,1,,middel
2026-09-26T05:46:56Z,2026-09-26T05:37:50Z,DKBW1598,SYD FOR KASTRUP LYSTBÅDEHAVN,0.0658,0.2195,0.2439,0.2439,1,,middel
2026-09-26T05:46:56Z,2026-09-26T05:37:50Z,DKBW1629,HALFDANSGADE BADEZONE,0.207,0.194,0.2439,0.2439,1,,hoej
2026-09-26T05:46:56Z,2026-09-26T05:37:50Z,DKBW1652,SKOVSHOVED HAVBAD,0.2811,0.4903,0.2439,0.4903,1,,middel
2026-09-26T05:46:56Z,2026-09-26T05:37:50Z,DKBW1656,SØNDRE REFSHALE BADEZONE,0.1573,0.3943,0.2439,0.3943,1,,hoej
2026-09-26T05:46:56Z,2026-09-26T05:37:50Z,DKBW1891,SKOVSHOVED SYD,0.2804,0.4899,0.2439,0.4899,1,,middel
2026-09-26T05:46:56Z,2026-09-26T05:37:50Z,DKBW10,"DRAGØR SØBAD, NORD",0.0153,0.0905,0.2439,0.2439,1,,hoej
2026-09-26T05:46:56Z,2026-09-26T05:37:50Z,DKBW1528,FISKETORVET HAVNEBAD,0.1807,0.1855,0.2439,0.2439,1,,hoej
2026-09-26T05:46:56Z,2026-09-26T05:37:50Z,DKBW1520,"KASTRUP SØBAD, NORD FOR KASTRUP LYSTBÅDEHAVN",0.0743,0.2315,0.2439,0.2439,1,,middel
2026-09-26T05:46:56Z,2026-09-26T05:37:50Z,DKBW1579,SVANEMØLLESTRANDEN,0.2136,0.4479,0.2439,0.4479,1,,middel
2026-09-26T05:46:56Z,2026-09-26T05:37:50Z,DKBW1594,BOMBEGRUNDEN TAARBÆK,0.2886,0.4946,0.2439,0.4946,1,,middel
2026-09-26T05:46:56Z,2026-09-26T05:37:50Z,DKBW1907,VANDTRAPPEN BADEZONE,0.9883,0.8912,0.2439,0.9883,1,,middel
2026-09-26T05:46:56Z,2026-09-26T05:37:50Z,DKBW1908,BYSKOVEN BADEZONE,0.4779,0.7013,0.2439,0.7013,1,,middel
2026-09-26T05:46:56Z,2026-09-26T05:37:50Z,DKBW20,BELLEVUE STRAND,0.2984,0.5001,0.2439,0.5001,1,,hoej
2026-09-26T05:46:56Z,2026-09-26T05:37:50Z,DKBW1772,KVÆSTHUSBROEN,0.1333,0.1752,0.2439,0.2439,1,,middel
2026-09-26T05:46:56Z,2026-09-26T05:37:50Z,DKBW1893,BADEANSTALT I VALLENSBÆK HAVN,,,,,,all-stormwater,hoej
2026-09-26T05:46:56Z,2026-09-26T05:37:50Z,DKBW26,HELLERUP STRAND,0.2464,0.4695,0.2439,0.4695,1,,middel
2026-09-26T05:46:56Z,2026-09-26T05:37:50Z,DKBW1525,ISLANDS BRYGGE HAVNEBAD,0.2214,0.1984,0.2439,0.2439,1,,hoej
2026-09-26T05:46:56Z,2026-09-26T05:37:50Z,DKBW1624,HALVANDET BADEZONE,0.1748,0.4013,0.2439,0.4013,1,,hoej
2026-09-26T05:46:56Z,2026-09-26T05:37:50Z,DKBW1648,SANDKAJ BADEZONE,0.24,0.4221,0.2439,0.4221,1,,hoej
2026-09-26T05:46:56Z,2026-09-26T05:37:50Z,DKBW1905,HAVNEGADE BADEZONE,0.1233,0.1708,0.2439,0.2439,1,,middel
2026-09-26T05:46:56Z,2026-09-26T05:37:50Z,DKBW1640,HAVNEVIGEN BADEZONE,0.1521,0.1752,0.2439,0.2439,1,,hoej
2026-09-26T05:46:56Z,2026-09-26T05:37:50Z,DKBW18,VED KONGELUNDSKROEN,,,,,,all-stormwater,hoej
2026-09-26T05:46:56Z,2026-09-26T05:37:50Z,DKBW1896,LA BANCHINA BADEZONE,0.1523,0.3924,0.2439,0.3924,1,,hoej
2026-09-26T05:46:56Z,2026-09-26T05:37:50Z,DKBW1914,MOERTELRENDEN,0.4769,0.7007,0.2439,0.7007,1,,middel
2026-09-26T05:46:56Z,2026-09-26T05:37:50Z,DKBW30,TAARBÆK SØBADEANSTALT,0.2819,0.4997,0.2439,0.4997,1,,middel
2026-09-26T15:25:55Z,2026-09-26T15:22:51Z,DKBW16,SØVANG,,,,,,all-stormwater,hoej
2026-09-26T15:25:55Z,2026-09-26T15:22:51Z,DKBW1906,TEGLHOLM BRYGGE BADEZONE,0.9911,0.892,0.2439,0.9911,1,,middel
2026-09-26T15:25:55Z,2026-09-26T15:22:51Z,DKBW24,CHARLOTTENLUND STRANDPARK,0.1598,0.1319,0.2439,0.2439,1,,middel
2026-09-26T15:25:55Z,2026-09-26T15:22:51Z,DKBW14,AMAGER SYDSTRAND,0,0,0.3401,0.3401,0.5307,,middel
2026-09-26T15:25:55Z,2026-09-26T15:22:51Z,DKBW1526,"AMAGER STRANDPARK, ØRESUND",0.0511,0.2843,0.2439,0.2843,1,,middel
2026-09-26T15:25:55Z,2026-09-26T15:22:51Z,DKBW1578,SLUSEHOLMEN HAVNEBAD,0.1706,0.182,0.2439,0.2439,1,,middel
2026-09-26T15:25:55Z,2026-09-26T15:22:51Z,DKBW1667,KALVEBOD BØLGE BADEZONE,0.2373,0.3458,0.2439,0.3458,1,,hoej
2026-09-26T15:25:55Z,2026-09-26T15:22:51Z,DKBW4,"KBS, UD FOR HYLDETANGEN",0.6425,0.6978,0.2085,0.6978,0.6682,,middel
2026-09-26T15:25:55Z,2026-09-26T15:22:51Z,DKBW1464,"VALLENSBÆK STRAND, VED SKRUBBEN",,,,,,all-stormwater,hoej
2026-09-26T15:25:55Z,2026-09-26T15:22:51Z,DKBW1590,LODSPARKEN,0.6652,0.7821,0.2439,0.7821,1,,middel
2026-09-26T15:25:55Z,2026-09-26T15:22:51Z,DKBW1593,TAARBÆK HAVN,0.2263,0.1844,0.2439,0.2439,1,,middel
2026-09-26T15:25:55Z,2026-09-26T15:22:51Z,DKBW8,DRAGØR NORDSTRAND,0.0174,0.0726,0.2439,0.2439,1,,middel
2026-09-26T15:25:55Z,2026-09-26T15:22:51Z,DKBW1904,STRANDEN VED VALBYPARKEN,0.8154,0.8364,0.2439,0.8364,1,,hoej
2026-09-26T15:25:55Z,2026-09-26T15:22:51Z,DKBW1913,HVIDOVRE HAVN,0.6571,0.7789,0.2439,0.7789,1,,middel
2026-09-26T15:25:55Z,2026-09-26T15:22:51Z,DKBW32,FREDERIKSDAL FRIBAD,0.5162,0.631,0.3401,0.631,0.5857,,lav
2026-09-26T15:25:55Z,2026-09-26T15:22:51Z,DKBW1527,"AMAGER STRANDPARK, LAGUNEN",0.0591,0.2982,0.2439,0.2982,1,,middel
2026-09-26T15:25:55Z,2026-09-26T15:22:51Z,DKBW1598,SYD FOR KASTRUP LYSTBÅDEHAVN,0.0479,0.2782,0.2439,0.2782,1,,middel
2026-09-26T15:25:55Z,2026-09-26T15:22:51Z,DKBW1629,HALFDANSGADE BADEZONE,0.228,0.3645,0.2439,0.3645,1,,hoej
2026-09-26T15:25:55Z,2026-09-26T15:22:51Z,DKBW1652,SKOVSHOVED HAVBAD,0.0907,0.1364,0.2439,0.2439,1,,hoej
2026-09-26T15:25:55Z,2026-09-26T15:22:51Z,DKBW1656,SØNDRE REFSHALE BADEZONE,0.0834,0.2249,0.2439,0.2439,1,,middel
2026-09-26T15:25:55Z,2026-09-26T15:22:51Z,DKBW1891,SKOVSHOVED SYD,0.0733,0.1271,0.2439,0.2439,1,,middel
2026-09-26T15:25:55Z,2026-09-26T15:22:51Z,DKBW10,"DRAGØR SØBAD, NORD",0.0157,0.0138,0.2439,0.2439,1,,hoej
2026-09-26T15:25:55Z,2026-09-26T15:22:51Z,DKBW1528,FISKETORVET HAVNEBAD,0.2123,0.373,0.2439,0.373,1,,hoej
2026-09-26T15:25:55Z,2026-09-26T15:22:51Z,DKBW1520,"KASTRUP SØBAD, NORD FOR KASTRUP LYSTBÅDEHAVN",0.0541,0.2897,0.2439,0.2897,1,,middel
2026-09-26T15:25:55Z,2026-09-26T15:22:51Z,DKBW1579,SVANEMØLLESTRANDEN,0.2359,0.2784,0.2439,0.2784,1,,hoej
2026-09-26T15:25:55Z,2026-09-26T15:22:51Z,DKBW1594,BOMBEGRUNDEN TAARBÆK,0.189,0.1738,0.2439,0.2439,1,,hoej
2026-09-26T15:25:55Z,2026-09-26T15:22:51Z,DKBW1907,VANDTRAPPEN BADEZONE,0.9883,0.8912,0.2439,0.9883,1,,middel
2026-09-26T15:25:55Z,2026-09-26T15:22:51Z,DKBW1908,BYSKOVEN BADEZONE,0.6791,0.7874,0.2439,0.7874,1,,middel
2026-09-26T15:25:55Z,2026-09-26T15:22:51Z,DKBW20,BELLEVUE STRAND,0.1518,0.1616,0.2439,0.2439,1,,hoej
2026-09-26T15:25:55Z,2026-09-26T15:22:51Z,DKBW1772,KVÆSTHUSBROEN,0.1867,0.273,0.2439,0.273,1,,middel
2026-09-26T15:25:55Z,2026-09-26T15:22:51Z,DKBW1893,BADEANSTALT I VALLENSBÆK HAVN,,,,,,all-stormwater,hoej
2026-09-26T15:25:55Z,2026-09-26T15:22:51Z,DKBW26,HELLERUP STRAND,0.1473,0.3249,0.2439,0.3249,1,,hoej
2026-09-26T15:25:55Z,2026-09-26T15:22:51Z,DKBW1525,ISLANDS BRYGGE HAVNEBAD,0.2362,0.3492,0.2439,0.3492,1,,hoej
2026-09-26T15:25:55Z,2026-09-26T15:22:51Z,DKBW1624,HALVANDET BADEZONE,0.0887,0.2051,0.2439,0.2439,1,,middel
2026-09-26T15:25:55Z,2026-09-26T15:22:51Z,DKBW1648,SANDKAJ BADEZONE,0.1044,0.2293,0.2439,0.2439,1,,middel
2026-09-26T15:25:55Z,2026-09-26T15:22:51Z,DKBW1905,HAVNEGADE BADEZONE,0.1792,0.2909,0.2439,0.2909,1,,middel
2026-09-26T15:25:55Z,2026-09-26T15:22:51Z,DKBW1640,HAVNEVIGEN BADEZONE,0.194,0.4297,0.2439,0.4297,1,,hoej
2026-09-26T15:25:55Z,2026-09-26T15:22:51Z,DKBW18,VED KONGELUNDSKROEN,,,,,,all-stormwater,hoej
2026-09-26T15:25:55Z,2026-09-26T15:22:51Z,DKBW1896,LA BANCHINA BADEZONE,0.0821,0.2271,0.2439,0.2439,1,,middel
2026-09-26T15:25:55Z,2026-09-26T15:22:51Z,DKBW1914,MOERTELRENDEN,0.6783,0.7871,0.2439,0.7871,1,,middel
2026-09-26T15:25:55Z,2026-09-26T15:22:51Z,DKBW30,TAARBÆK SØBADEANSTALT,0.2254,0.1842,0.2439,0.2439,1,,middel
2026-09-26T17:46:29Z,2026-09-26T17:37:50Z,DKBW16,SØVANG,,,,,,all-stormwater,hoej
2026-09-26T17:46:29Z,2026-09-26T17:37:50Z,DKBW1906,TEGLHOLM BRYGGE BADEZONE,0.9911,0.892,0.2439,0.9911,1,,middel
2026-09-26T17:46:29Z,2026-09-26T17:37:50Z,DKBW24,CHARLOTTENLUND STRANDPARK,0.1598,0.1319,0.2439,0.2439,1,,middel
2026-09-26T17:46:29Z,2026-09-26T17:37:50Z,DKBW14,AMAGER SYDSTRAND,0,0,0.3401,0.3401,0.5307,,middel
2026-09-26T17:46:29Z,2026-09-26T17:37:50Z,DKBW1526,"AMAGER STRANDPARK, ØRESUND",0.2345,0.4699,0.2439,0.4699,1,,middel
2026-09-26T17:46:29Z,2026-09-26T17:37:50Z,DKBW1578,SLUSEHOLMEN HAVNEBAD,0.1498,0.1744,0.2439,0.2439,1,,middel
2026-09-26T17:46:29Z,2026-09-26T17:37:50Z,DKBW1667,KALVEBOD BØLGE BADEZONE,0.2815,0.4991,0.2439,0.4991,1,,middel
2026-09-26T17:46:29Z,2026-09-26T17:37:50Z,DKBW4,"KBS, UD FOR HYLDETANGEN",0.6425,0.6978,0.2085,0.6978,0.6682,,middel
2026-09-26T17:46:29Z,2026-09-26T17:37:50Z,DKBW1464,"VALLENSBÆK STRAND, VED SKRUBBEN",,,,,,all-stormwater,hoej
2026-09-26T17:46:29Z,2026-09-26T17:37:50Z,DKBW1590,LODSPARKEN,0.5818,0.7483,0.2439,0.7483,1,,middel
2026-09-26T17:46:29Z,2026-09-26T17:37:50Z,DKBW1593,TAARBÆK HAVN,0.2263,0.1844,0.2439,0.2439,1,,middel
2026-09-26T17:46:29Z,2026-09-26T17:37:50Z,DKBW8,DRAGØR NORDSTRAND,0.1517,0.407,0.2439,0.407,1,,middel
2026-09-26T17:46:29Z,2026-09-26T17:37:50Z,DKBW1904,STRANDEN VED VALBYPARKEN,0.7625,0.8181,0.2439,0.8181,1,,hoej
2026-09-26T17:46:29Z,2026-09-26T17:37:50Z,DKBW1913,HVIDOVRE HAVN,0.5724,0.7443,0.2439,0.7443,1,,middel
2026-09-26T17:46:29Z,2026-09-26T17:37:50Z,DKBW32,FREDERIKSDAL FRIBAD,0.5162,0.631,0.3401,0.631,0.5857,,lav
2026-09-26T17:46:29Z,2026-09-26T17:37:50Z,DKBW1527,"AMAGER STRANDPARK, LAGUNEN",0.2452,0.4768,0.2439,0.4768,1,,middel
2026-09-26T17:46:29Z,2026-09-26T17:37:50Z,DKBW1598,SYD FOR KASTRUP LYSTBÅDEHAVN,0.2298,0.4667,0.2439,0.4667,1,,middel
2026-09-26T17:46:29Z,2026-09-26T17:37:50Z,DKBW1629,HALFDANSGADE BADEZONE,0.2957,0.5073,0.2439,0.5073,1,,hoej
2026-09-26T17:46:29Z,2026-09-26T17:37:50Z,DKBW1652,SKOVSHOVED HAVBAD,0.0813,0.0668,0.2439,0.2439,1,,middel
2026-09-26T17:46:29Z,2026-09-26T17:37:50Z,DKBW1656,SØNDRE REFSHALE BADEZONE,0.1883,0.4371,0.2439,0.4371,1,,middel
2026-09-26T17:46:29Z,2026-09-26T17:37:50Z,DKBW1891,SKOVSHOVED SYD,0.0507,0.1191,0.2439,0.2439,1,,middel
2026-09-26T17:46:29Z,2026-09-26T17:37:50Z,DKBW10,"DRAGØR SØBAD, NORD",0.1226,0.3794,0.2439,0.3794,1,,middel
2026-09-26T17:46:29Z,2026-09-26T17:37:50Z,DKBW1528,FISKETORVET HAVNEBAD,0.3021,0.5109,0.2439,0.5109,1,,hoej
2026-09-26T17:46:29Z,2026-09-26T17:37:50Z,DKBW1520,"KASTRUP SØBAD, NORD FOR KASTRUP LYSTBÅDEHAVN",0.2386,0.4726,0.2439,0.4726,1,,middel
2026-09-26T17:46:29Z,2026-09-26T17:37:50Z,DKBW1579,SVANEMØLLESTRANDEN,0.2255,0.3721,0.2439,0.3721,1,,hoej
2026-09-26T17:46:29Z,2026-09-26T17:37:50Z,DKBW1594,BOMBEGRUNDEN TAARBÆK,0.0507,0.0571,0.2439,0.2439,1,,hoej
2026-09-26T17:46:29Z,2026-09-26T17:37:50Z,DKBW1907,VANDTRAPPEN BADEZONE,0.9883,0.8912,0.2439,0.9883,1,,middel
2026-09-26T17:46:29Z,2026-09-26T17:37:50Z,DKBW1908,BYSKOVEN BADEZONE,0.598,0.7551,0.2439,0.7551,1,,middel
2026-09-26T17:46:29Z,2026-09-26T17:37:50Z,DKBW20,BELLEVUE STRAND,0.0581,0.0597,0.2439,0.2439,1,,hoej
2026-09-26T17:46:29Z,2026-09-26T17:37:50Z,DKBW1772,KVÆSTHUSBROEN,0.2257,0.464,0.2439,0.464,1,,middel
2026-09-26T17:46:29Z,2026-09-26T17:37:50Z,DKBW1893,BADEANSTALT I VALLENSBÆK HAVN,,,,,,all-stormwater,hoej
2026-09-26T17:46:29Z,2026-09-26T17:37:50Z,DKBW26,HELLERUP STRAND,0.1821,0.1942,0.2439,0.2439,1,,hoej
2026-09-26T17:46:29Z,2026-09-26T17:37:50Z,DKBW1525,ISLANDS BRYGGE HAVNEBAD,0.2841,0.5006,0.2439,0.5006,1,,middel
2026-09-26T17:46:29Z,2026-09-26T17:37:50Z,DKBW1624,HALVANDET BADEZONE,0.1729,0.4249,0.2439,0.4249,1,,middel
2026-09-26T17:46:29Z,2026-09-26T17:37:50Z,DKBW1648,SANDKAJ BADEZONE,0.1449,0.4009,0.2439,0.4009,1,,middel
2026-09-26T17:46:29Z,2026-09-26T17:37:50Z,DKBW1905,HAVNEGADE BADEZONE,0.2395,0.4732,0.2439,0.4732,1,,middel
2026-09-26T17:46:29Z,2026-09-26T17:37:50Z,DKBW1640,HAVNEVIGEN BADEZONE,0.3448,0.5336,0.2439,0.5336,1,,hoej
2026-09-26T17:46:29Z,2026-09-26T17:37:50Z,DKBW18,VED KONGELUNDSKROEN,,,,,,all-stormwater,hoej
2026-09-26T17:46:29Z,2026-09-26T17:37:50Z,DKBW1896,LA BANCHINA BADEZONE,0.1901,0.4385,0.2439,0.4385,1,,middel
2026-09-26T17:46:29Z,2026-09-26T17:37:50Z,DKBW1914,MOERTELRENDEN,0.5971,0.7547,0.2439,0.7547,1,,middel
2026-09-26T17:46:29Z,2026-09-26T17:37:50Z,DKBW30,TAARBÆK SØBADEANSTALT,0.2254,0.1842,0.2439,0.2439,1,,middel
2026-09-26T21:14:06Z,2026-09-26T21:07:50Z,DKBW16,SØVANG,,,,,,all-stormwater,hoej
2026-09-26T21:14:06Z,2026-09-26T21:07:50Z,DKBW1906,TEGLHOLM BRYGGE BADEZONE,0.9911,0.892,0.2439,0.9911,1,,middel
2026-09-26T21:14:06Z,2026-09-26T21:07:50Z,DKBW24,CHARLOTTENLUND STRANDPARK,0.1598,0.1564,0.2439,0.2439,1,,middel
2026-09-26T21:14:06Z,2026-09-26T21:07:50Z,DKBW14,AMAGER SYDSTRAND,,,,,,all-stormwater,hoej
2026-09-26T21:14:06Z,2026-09-26T21:07:50Z,DKBW1526,"AMAGER STRANDPARK, ØRESUND",0.3185,0.5198,0.2439,0.5198,1,,middel
2026-09-26T21:14:06Z,2026-09-26T21:07:50Z,DKBW1578,SLUSEHOLMEN HAVNEBAD,0.1813,0.178,0.2439,0.2439,1,,middel
2026-09-26T21:14:06Z,2026-09-26T21:07:50Z,DKBW1667,KALVEBOD BØLGE BADEZONE,0.3521,0.5373,0.2439,0.5373,1,,middel
2026-09-26T21:14:06Z,2026-09-26T21:07:50Z,DKBW4,"KBS, UD FOR HYLDETANGEN",0.6425,0.6978,0.2085,0.6978,0.6682,,middel
2026-09-26T21:14:06Z,2026-09-26T21:07:50Z,DKBW1464,"VALLENSBÆK STRAND, VED SKRUBBEN",,,,,,all-stormwater,hoej
2026-09-26T21:14:06Z,2026-09-26T21:07:50Z,DKBW1590,LODSPARKEN,0.3145,0.6108,0.2439,0.6108,1,,middel
2026-09-26T21:14:06Z,2026-09-26T21:07:50Z,DKBW1593,TAARBÆK HAVN,0.2263,0.1844,0.2439,0.2439,1,,middel
2026-09-26T21:14:06Z,2026-09-26T21:07:50Z,DKBW8,DRAGØR NORDSTRAND,0.0174,0.0142,0.2439,0.2439,1,,middel
2026-09-26T21:14:06Z,2026-09-26T21:07:50Z,DKBW1904,STRANDEN VED VALBYPARKEN,0.5603,0.739,0.2439,0.739,1,,hoej
2026-09-26T21:14:06Z,2026-09-26T21:07:50Z,DKBW1913,HVIDOVRE HAVN,0.3038,0.6039,0.2439,0.6039,1,,middel
2026-09-26T21:14:06Z,2026-09-26T21:07:50Z,DKBW32,FREDERIKSDAL FRIBAD,0.5162,0.631,0.3401,0.631,0.5857,,lav
2026-09-26T21:14:06Z,2026-09-26T21:07:50Z,DKBW1527,"AMAGER STRANDPARK, LAGUNEN",0.3264,0.524,0.2439,0.524,1,,middel
2026-09-26T21:14:06Z,2026-09-26T21:07:50Z,DKBW1598,SYD FOR KASTRUP LYSTBÅDEHAVN,0.3149,0.5179,0.2439,0.5179,1,,middel
2026-09-26T21:14:06Z,2026-09-26T21:07:50Z,DKBW1629,HALFDANSGADE BADEZONE,0.3617,0.5421,0.2439,0.5421,1,,hoej
2026-09-26T21:14:06Z,2026-09-26T21:07:50Z,DKBW1652,SKOVSHOVED HAVBAD,0.0813,0.1155,0.2439,0.2439,1,,middel
2026-09-26T21:14:06Z,2026-09-26T21:07:50Z,DKBW1656,SØNDRE REFSHALE BADEZONE,0.2824,0.4996,0.2439,0.4996,1,,middel
2026-09-26T21:14:06Z,2026-09-26T21:07:50Z,DKBW1891,SKOVSHOVED SYD,0.103,0.1504,0.2439,0.2439,1,,middel
2026-09-26T21:14:06Z,2026-09-26T21:07:50Z,DKBW10,"DRAGØR SØBAD, NORD",0,0,0.2439,0.2439,1,,middel
2026-09-26T21:14:06Z,2026-09-26T21:07:50Z,DKBW1528,FISKETORVET HAVNEBAD,0.366,0.5442,0.2439,0.5442,1,,hoej
2026-09-26T21:14:06Z,2026-09-26T21:07:50Z,DKBW1520,"KASTRUP SØBAD, NORD FOR KASTRUP LYSTBÅDEHAVN",0.3215,0.5215,0.2439,0.5215,1,,middel
2026-09-26T21:14:06Z,2026-09-26T21:07:50Z,DKBW1579,SVANEMØLLESTRANDEN,0.2161,0.4574,0.2439,0.4574,1,,middel
2026-09-26T21:14:06Z,2026-09-26T21:07:50Z,DKBW1594,BOMBEGRUNDEN TAARBÆK,0.0611,0.0925,0.2439,0.2439,1,,hoej
2026-09-26T21:14:06Z,2026-09-26T21:07:50Z,DKBW1907,VANDTRAPPEN BADEZONE,0.9883,0.8912,0.2439,0.9883,1,,middel
2026-09-26T21:14:06Z,2026-09-26T21:07:50Z,DKBW1908,BYSKOVEN BADEZONE,0.3335,0.6228,0.2439,0.6228,1,,middel
2026-09-26T21:14:06Z,2026-09-26T21:07:50Z,DKBW20,BELLEVUE STRAND,0.0663,0.099,0.2439,0.2439,1,,hoej
2026-09-26T21:14:06Z,2026-09-26T21:07:50Z,DKBW1772,KVÆSTHUSBROEN,0.3119,0.5163,0.2439,0.5163,1,,middel
2026-09-26T21:14:06Z,2026-09-26T21:07:50Z,DKBW1893,BADEANSTALT I VALLENSBÆK HAVN,,,,,,all-stormwater,hoej
2026-09-26T21:14:06Z,2026-09-26T21:07:50Z,DKBW26,HELLERUP STRAND,0.1337,0.1674,0.2439,0.2439,1,,hoej
2026-09-26T21:14:06Z,2026-09-26T21:07:50Z,DKBW1525,ISLANDS BRYGGE HAVNEBAD,0.3538,0.5382,0.2439,0.5382,1,,middel
2026-09-26T21:14:06Z,2026-09-26T21:07:50Z,DKBW1624,HALVANDET BADEZONE,0.2695,0.4919,0.2439,0.4919,1,,middel
2026-09-26T21:14:06Z,2026-09-26T21:07:50Z,DKBW1648,SANDKAJ BADEZONE,0.2446,0.4765,0.2439,0.4765,1,,middel
2026-09-26T21:14:06Z,2026-09-26T21:07:50Z,DKBW1905,HAVNEGADE BADEZONE,0.3222,0.5218,0.2439,0.5218,1,,middel
2026-09-26T21:14:06Z,2026-09-26T21:07:50Z,DKBW1640,HAVNEVIGEN BADEZONE,0.3935,0.5574,0.2439,0.5574,1,,hoej
2026-09-26T21:14:06Z,2026-09-26T21:07:50Z,DKBW18,VED KONGELUNDSKROEN,,,,,,all-stormwater,hoej
2026-09-26T21:14:06Z,2026-09-26T21:07:50Z,DKBW1896,LA BANCHINA BADEZONE,0.2839,0.5005,0.2439,0.5005,1,,middel
2026-09-26T21:14:06Z,2026-09-26T21:07:50Z,DKBW1914,MOERTELRENDEN,0.3324,0.6221,0.2439,0.6221,1,,middel
2026-09-26T21:14:06Z,2026-09-26T21:07:50Z,DKBW30,TAARBÆK SØBADEANSTALT,0.2254,0.1842,0.2439,0.2439,1,,middel
2026-09-26T23:40:08Z,2026-09-26T23:37:50Z,DKBW16,SØVANG,,,,,,all-stormwater,hoej
2026-09-26T23:40:08Z,2026-09-26T23:37:50Z,DKBW1906,TEGLHOLM BRYGGE BADEZONE,0.9911,0.892,0.2439,0.9911,1,,middel
2026-09-26T23:40:08Z,2026-09-26T23:37:50Z,DKBW24,CHARLOTTENLUND STRANDPARK,0.1598,0.1574,0.2439,0.2439,1,,middel
2026-09-26T23:40:08Z,2026-09-26T23:37:50Z,DKBW14,AMAGER SYDSTRAND,,,,,,all-stormwater,hoej
2026-09-26T23:40:08Z,2026-09-26T23:37:50Z,DKBW1526,"AMAGER STRANDPARK, ØRESUND",0.3215,0.5215,0.2439,0.5215,1,,middel
2026-09-26T23:40:08Z,2026-09-26T23:37:50Z,DKBW1578,SLUSEHOLMEN HAVNEBAD,0.3918,0.5566,0.2439,0.5566,1,,hoej
2026-09-26T23:40:08Z,2026-09-26T23:37:50Z,DKBW1667,KALVEBOD BØLGE BADEZONE,0.3545,0.5385,0.2439,0.5385,1,,middel
2026-09-26T23:40:08Z,2026-09-26T23:37:50Z,DKBW4,"KBS, UD FOR HYLDETANGEN",0.6425,0.6978,0.2085,0.6978,0.6682,,middel
2026-09-26T23:40:08Z,2026-09-26T23:37:50Z,DKBW1464,"VALLENSBÆK STRAND, VED SKRUBBEN",,,,,,all-stormwater,hoej
2026-09-26T23:40:08Z,2026-09-26T23:37:50Z,DKBW1590,LODSPARKEN,0.1794,0.5075,0.2439,0.5075,1,,middel
2026-09-26T23:40:08Z,2026-09-26T23:37:50Z,DKBW1593,TAARBÆK HAVN,0.2263,0.1844,0.2439,0.2439,1,,middel
2026-09-26T23:40:08Z,2026-09-26T23:37:50Z,DKBW8,DRAGØR NORDSTRAND,0.0174,0.0142,0.2439,0.2439,1,,middel
2026-09-26T23:40:08Z,2026-09-26T23:37:50Z,DKBW1904,STRANDEN VED VALBYPARKEN,0.423,0.6736,0.2439,0.6736,1,,hoej
2026-09-26T23:40:08Z,2026-09-26T23:37:50Z,DKBW1913,HVIDOVRE HAVN,0.1704,0.499,0.2439,0.499,1,,middel
2026-09-26T23:40:08Z,2026-09-26T23:37:50Z,DKBW32,FREDERIKSDAL FRIBAD,0.5162,0.631,0.3401,0.631,0.5857,,lav
2026-09-26T23:40:08Z,2026-09-26T23:37:50Z,DKBW1527,"AMAGER STRANDPARK, LAGUNEN",0.3293,0.5256,0.2439,0.5256,1,,middel
2026-09-26T23:40:08Z,2026-09-26T23:37:50Z,DKBW1598,SYD FOR KASTRUP LYSTBÅDEHAVN,0.1692,0.174,0.2439,0.2439,1,,middel
2026-09-26T23:40:08Z,2026-09-26T23:37:50Z,DKBW1629,HALFDANSGADE BADEZONE,0.364,0.5432,0.2439,0.5432,1,,hoej
2026-09-26T23:40:08Z,2026-09-26T23:37:50Z,DKBW1652,SKOVSHOVED HAVBAD,0.0813,0.0842,0.2439,0.2439,1,,middel
2026-09-26T23:40:08Z,2026-09-26T23:37:50Z,DKBW1656,SØNDRE REFSHALE BADEZONE,0.286,0.5017,0.2439,0.5017,1,,middel
2026-09-26T23:40:08Z,2026-09-26T23:37:50Z,DKBW1891,SKOVSHOVED SYD,0.1053,0.1515,0.2439,0.2439,1,,middel
2026-09-26T23:40:08Z,2026-09-26T23:37:50Z,DKBW10,"DRAGØR SØBAD, NORD",0,0,0.2439,0.2439,1,,middel
2026-09-26T23:40:08Z,2026-09-26T23:37:50Z,DKBW1528,FISKETORVET HAVNEBAD,0.3682,0.5453,0.2439,0.5453,1,,hoej
2026-09-26T23:40:08Z,2026-09-26T23:37:50Z,DKBW1520,"KASTRUP SØBAD, NORD FOR KASTRUP LYSTBÅDEHAVN",0.1697,0.1742,0.2439,0.2439,1,,middel
2026-09-26T23:40:08Z,2026-09-26T23:37:50Z,DKBW1579,SVANEMØLLESTRANDEN,0.2204,0.4604,0.2439,0.4604,1,,middel
2026-09-26T23:40:08Z,2026-09-26T23:37:50Z,DKBW1594,BOMBEGRUNDEN TAARBÆK,0.0646,0.0619,0.2439,0.2439,1,,hoej
2026-09-26T23:40:08Z,2026-09-26T23:37:50Z,DKBW1907,VANDTRAPPEN BADEZONE,0.9883,0.8912,0.2439,0.9883,1,,middel
2026-09-26T23:40:08Z,2026-09-26T23:37:50Z,DKBW1908,BYSKOVEN BADEZONE,0.1957,0.5224,0.2439,0.5224,1,,middel
2026-09-26T23:40:08Z,2026-09-26T23:37:50Z,DKBW20,BELLEVUE STRAND,0.069,0.068,0.2439,0.2439,1,,hoej
2026-09-26T23:40:08Z,2026-09-26T23:37:50Z,DKBW1772,KVÆSTHUSBROEN,0.3151,0.518,0.2439,0.518,1,,middel
2026-09-26T23:40:08Z,2026-09-26T23:37:50Z,DKBW1893,BADEANSTALT I VALLENSBÆK HAVN,,,,,,all-stormwater,hoej
2026-09-26T23:40:08Z,2026-09-26T23:37:50Z,DKBW26,HELLERUP STRAND,0.1288,0.1619,0.2439,0.2439,1,,middel
2026-09-26T23:40:08Z,2026-09-26T23:37:50Z,DKBW1525,ISLANDS BRYGGE HAVNEBAD,0.3563,0.5394,0.2439,0.5394,1,,middel
2026-09-26T23:40:08Z,2026-09-26T23:37:50Z,DKBW1624,HALVANDET BADEZONE,0.2732,0.4942,0.2439,0.4942,1,,middel
2026-09-26T23:40:08Z,2026-09-26T23:37:50Z,DKBW1648,SANDKAJ BADEZONE,0.2486,0.4791,0.2439,0.4791,1,,middel
2026-09-26T23:40:08Z,2026-09-26T23:37:50Z,DKBW1905,HAVNEGADE BADEZONE,0.3252,0.5234,0.2439,0.5234,1,,middel
2026-09-26T23:40:08Z,2026-09-26T23:37:50Z,DKBW1640,HAVNEVIGEN BADEZONE,0.3951,0.5581,0.2439,0.5581,1,,hoej
2026-09-26T23:40:08Z,2026-09-26T23:37:50Z,DKBW18,VED KONGELUNDSKROEN,,,,,,all-stormwater,hoej
2026-09-26T23:40:08Z,2026-09-26T23:37:50Z,DKBW1896,LA BANCHINA BADEZONE,0.2875,0.5026,0.2439,0.5026,1,,middel
2026-09-26T23:40:08Z,2026-09-26T23:37:50Z,DKBW1914,MOERTELRENDEN,0.1948,0.5215,0.2439,0.5215,1,,middel
2026-09-26T23:40:08Z,2026-09-26T23:37:50Z,DKBW30,TAARBÆK SØBADEANSTALT,0.2254,0.1842,0.2439,0.2439,1,,middel
2026-09-27T05:23:15Z,2026-09-27T05:22:50Z,DKBW16,SØVANG,,,,,,all-stormwater,hoej
2026-09-27T05:23:15Z,2026-09-27T05:22:50Z,DKBW1906,TEGLHOLM BRYGGE BADEZONE,0.9911,0.892,0.2439,0.9911,1,,middel
2026-09-27T05:23:15Z,2026-09-27T05:22:50Z,DKBW24,CHARLOTTENLUND STRANDPARK,0.1598,0.1759,0.2439,0.2439,1,,middel
2026-09-27T05:23:15Z,2026-09-27T05:22:50Z,DKBW14,AMAGER SYDSTRAND,,,,,,all-stormwater,hoej
2026-09-27T05:23:15Z,2026-09-27T05:22:50Z,DKBW1526,"AMAGER STRANDPARK, ØRESUND",0.3688,0.5979,0.2439,0.5979,1,,middel
2026-09-27T05:23:15Z,2026-09-27T05:22:50Z,DKBW1578,SLUSEHOLMEN HAVNEBAD,0.417,0.5682,0.2439,0.5682,1,,hoej
2026-09-27T05:23:15Z,2026-09-27T05:22:50Z,DKBW1667,KALVEBOD BØLGE BADEZONE,0.5664,0.7417,0.2439,0.7417,1,,middel
2026-09-27T05:23:15Z,2026-09-27T05:22:50Z,DKBW4,"KBS, UD FOR HYLDETANGEN",0.6425,0.6978,0.2085,0.6978,0.6682,,middel
2026-09-27T05:23:15Z,2026-09-27T05:22:50Z,DKBW1464,"VALLENSBÆK STRAND, VED SKRUBBEN",,,,,,all-stormwater,hoej
2026-09-27T05:23:15Z,2026-09-27T05:22:50Z,DKBW1590,LODSPARKEN,0.1757,0.1762,0.2439,0.2439,1,,middel
2026-09-27T05:23:15Z,2026-09-27T05:22:50Z,DKBW1593,TAARBÆK HAVN,0.2263,0.1844,0.2439,0.2439,1,,middel
2026-09-27T05:23:15Z,2026-09-27T05:22:50Z,DKBW8,DRAGØR NORDSTRAND,0.0174,0.0142,0.2439,0.2439,1,,middel
2026-09-27T05:23:15Z,2026-09-27T05:22:50Z,DKBW1904,STRANDEN VED VALBYPARKEN,0.3802,0.5511,0.2439,0.5511,1,,middel
2026-09-27T05:23:15Z,2026-09-27T05:22:50Z,DKBW1913,HVIDOVRE HAVN,0.1763,0.1764,0.2439,0.2439,1,,middel
2026-09-27T05:23:15Z,2026-09-27T05:22:50Z,DKBW32,FREDERIKSDAL FRIBAD,0.5162,0.631,0.3401,0.631,0.5857,,lav
2026-09-27T05:23:15Z,2026-09-27T05:22:50Z,DKBW1527,"AMAGER STRANDPARK, LAGUNEN",0.3744,0.6086,0.2439,0.6086,1,,middel
2026-09-27T05:23:15Z,2026-09-27T05:22:50Z,DKBW1598,SYD FOR KASTRUP LYSTBÅDEHAVN,0.2639,0.5765,0.2439,0.5765,1,,middel
2026-09-27T05:23:15Z,2026-09-27T05:22:50Z,DKBW1629,HALFDANSGADE BADEZONE,0.5988,0.7554,0.2439,0.7554,1,,hoej
2026-09-27T05:23:15Z,2026-09-27T05:22:50Z,DKBW1652,SKOVSHOVED HAVBAD,0.0949,0.1532,0.2439,0.2439,1,,hoej
2026-09-27T05:23:15Z,2026-09-27T05:22:50Z,DKBW1656,SØNDRE REFSHALE BADEZONE,0.343,0.613,0.2439,0.613,1,,middel
2026-09-27T05:23:15Z,2026-09-27T05:22:50Z,DKBW1891,SKOVSHOVED SYD,0.1447,0.1683,0.2439,0.2439,1,,middel
2026-09-27T05:23:15Z,2026-09-27T05:22:50Z,DKBW10,"DRAGØR SØBAD, NORD",0,0,0.2439,0.2439,1,,middel
2026-09-27T05:23:15Z,2026-09-27T05:22:50Z,DKBW1528,FISKETORVET HAVNEBAD,0.6889,0.7911,0.2439,0.7911,1,,hoej
2026-09-27T05:23:15Z,2026-09-27T05:22:50Z,DKBW1520,"KASTRUP SØBAD, NORD FOR KASTRUP LYSTBÅDEHAVN",0.2804,0.5882,0.2439,0.5882,1,,middel
2026-09-27T05:23:15Z,2026-09-27T05:22:50Z,DKBW1579,SVANEMØLLESTRANDEN,0.2917,0.5393,0.2439,0.5393,1,,middel
2026-09-27T05:23:15Z,2026-09-27T05:22:50Z,DKBW1594,BOMBEGRUNDEN TAARBÆK,0.0717,0.135,0.2439,0.2439,1,,hoej
2026-09-27T05:23:15Z,2026-09-27T05:22:50Z,DKBW1907,VANDTRAPPEN BADEZONE,0.9883,0.8912,0.2439,0.9883,1,,middel
2026-09-27T05:23:15Z,2026-09-27T05:22:50Z,DKBW1908,BYSKOVEN BADEZONE,0.1875,0.18,0.2439,0.2439,1,,middel
2026-09-27T05:23:15Z,2026-09-27T05:22:50Z,DKBW20,BELLEVUE STRAND,0.0749,0.1403,0.2439,0.2439,1,,middel
2026-09-27T05:23:15Z,2026-09-27T05:22:50Z,DKBW1772,KVÆSTHUSBROEN,0.4044,0.6637,0.2439,0.6637,1,,middel
2026-09-27T05:23:15Z,2026-09-27T05:22:50Z,DKBW1893,BADEANSTALT I VALLENSBÆK HAVN,,,,,,all-stormwater,hoej
2026-09-27T05:23:15Z,2026-09-27T05:22:50Z,DKBW26,HELLERUP STRAND,0.1689,0.4976,0.2439,0.4976,1,,middel
2026-09-27T05:23:15Z,2026-09-27T05:22:50Z,DKBW1525,ISLANDS BRYGGE HAVNEBAD,0.5614,0.7395,0.2439,0.7395,1,,middel
2026-09-27T05:23:15Z,2026-09-27T05:22:50Z,DKBW1624,HALVANDET BADEZONE,0.3334,0.5971,0.2439,0.5971,1,,middel
2026-09-27T05:23:15Z,2026-09-27T05:22:50Z,DKBW1648,SANDKAJ BADEZONE,0.3144,0.5738,0.2439,0.5738,1,,middel
2026-09-27T05:23:15Z,2026-09-27T05:22:50Z,DKBW1905,HAVNEGADE BADEZONE,0.432,0.6783,0.2439,0.6783,1,,middel
2026-09-27T05:23:15Z,2026-09-27T05:22:50Z,DKBW1640,HAVNEVIGEN BADEZONE,0.7401,0.8101,0.2439,0.8101,1,,hoej
2026-09-27T05:23:15Z,2026-09-27T05:22:50Z,DKBW18,VED KONGELUNDSKROEN,,,,,,all-stormwater,hoej
2026-09-27T05:23:15Z,2026-09-27T05:22:50Z,DKBW1896,LA BANCHINA BADEZONE,0.3441,0.6124,0.2439,0.6124,1,,middel
2026-09-27T05:23:15Z,2026-09-27T05:22:50Z,DKBW1914,MOERTELRENDEN,0.1765,0.1765,0.2439,0.2439,1,,middel
2026-09-27T05:23:15Z,2026-09-27T05:22:50Z,DKBW30,TAARBÆK SØBADEANSTALT,0.2254,0.1842,0.2439,0.2439,1,,middel
2026-09-27T12:08:11Z,2026-09-27T12:07:50Z,DKBW16,SØVANG,,,,,,all-stormwater,hoej
2026-09-27T12:08:11Z,2026-09-27T12:07:50Z,DKBW1906,TEGLHOLM BRYGGE BADEZONE,0.9911,0.892,0.2439,0.9911,1,,middel
2026-09-27T12:08:11Z,2026-09-27T12:07:50Z,DKBW24,CHARLOTTENLUND STRANDPARK,0.1613,0.1744,0.2439,0.2439,1,,middel
2026-09-27T12:08:11Z,2026-09-27T12:07:50Z,DKBW14,AMAGER SYDSTRAND,,,,,,all-stormwater,hoej
2026-09-27T12:08:11Z,2026-09-27T12:07:50Z,DKBW1526,"AMAGER STRANDPARK, ØRESUND",0.3758,0.549,0.2439,0.549,1,,middel
2026-09-27T12:08:11Z,2026-09-27T12:07:50Z,DKBW1578,SLUSEHOLMEN HAVNEBAD,0.7939,0.829,0.2439,0.829,1,,hoej
2026-09-27T12:08:11Z,2026-09-27T12:07:50Z,DKBW1667,KALVEBOD BØLGE BADEZONE,0.4544,0.6897,0.2439,0.6897,1,,middel
2026-09-27T12:08:11Z,2026-09-27T12:07:50Z,DKBW4,"KBS, UD FOR HYLDETANGEN",0.6425,0.6978,0.2085,0.6978,0.6682,,middel
2026-09-27T12:08:11Z,2026-09-27T12:07:50Z,DKBW1464,"VALLENSBÆK STRAND, VED SKRUBBEN",,,,,,all-stormwater,hoej
2026-09-27T12:08:11Z,2026-09-27T12:07:50Z,DKBW1590,LODSPARKEN,0.3573,0.5399,0.2439,0.5399,1,,middel
2026-09-27T12:08:11Z,2026-09-27T12:07:50Z,DKBW1593,TAARBÆK HAVN,0.3016,0.5019,0.2439,0.5019,1,,middel
2026-09-27T12:08:11Z,2026-09-27T12:07:50Z,DKBW8,DRAGØR NORDSTRAND,0.0797,0.3883,0.2439,0.3883,1,,middel
2026-09-27T12:08:11Z,2026-09-27T12:07:50Z,DKBW1904,STRANDEN VED VALBYPARKEN,0.3865,0.5541,0.2439,0.5541,1,,middel
2026-09-27T12:08:11Z,2026-09-27T12:07:50Z,DKBW1913,HVIDOVRE HAVN,0.1807,0.1778,0.2439,0.2439,1,,middel
2026-09-27T12:08:11Z,2026-09-27T12:07:50Z,DKBW32,FREDERIKSDAL FRIBAD,0.5162,0.631,0.3401,0.631,0.5857,,lav
2026-09-27T12:08:11Z,2026-09-27T12:07:50Z,DKBW1527,"AMAGER STRANDPARK, LAGUNEN",0.381,0.5515,0.2439,0.5515,1,,middel
2026-09-27T12:08:11Z,2026-09-27T12:07:50Z,DKBW1598,SYD FOR KASTRUP LYSTBÅDEHAVN,0.1957,0.4862,0.2439,0.4862,1,,middel
2026-09-27T12:08:11Z,2026-09-27T12:07:50Z,DKBW1629,HALFDANSGADE BADEZONE,0.4909,0.7075,0.2439,0.7075,1,,hoej
2026-09-27T12:08:11Z,2026-09-27T12:07:50Z,DKBW1652,SKOVSHOVED HAVBAD,0.0813,0.1328,0.2439,0.2439,1,,middel
2026-09-27T12:08:11Z,2026-09-27T12:07:50Z,DKBW1656,SØNDRE REFSHALE BADEZONE,0.3516,0.5371,0.2439,0.5371,1,,middel
2026-09-27T12:08:11Z,2026-09-27T12:07:50Z,DKBW1891,SKOVSHOVED SYD,0.1511,0.1707,0.2439,0.2439,1,,middel
2026-09-27T12:08:11Z,2026-09-27T12:07:50Z,DKBW10,"DRAGØR SØBAD, NORD",0,0,0.2439,0.2439,1,,middel
2026-09-27T12:08:11Z,2026-09-27T12:07:50Z,DKBW1528,FISKETORVET HAVNEBAD,0.5962,0.7543,0.2439,0.7543,1,,hoej
2026-09-27T12:08:11Z,2026-09-27T12:07:50Z,DKBW1520,"KASTRUP SØBAD, NORD FOR KASTRUP LYSTBÅDEHAVN",0.196,0.5,0.2439,0.5,1,,middel
2026-09-27T12:08:11Z,2026-09-27T12:07:50Z,DKBW1579,SVANEMØLLESTRANDEN,0.3031,0.5114,0.2439,0.5114,1,,middel
2026-09-27T12:08:11Z,2026-09-27T12:07:50Z,DKBW1594,BOMBEGRUNDEN TAARBÆK,0.069,0.1115,0.2439,0.2439,1,,hoej
2026-09-27T12:08:11Z,2026-09-27T12:07:50Z,DKBW1907,VANDTRAPPEN BADEZONE,0.9883,0.8912,0.2439,0.9883,1,,middel
2026-09-27T12:08:11Z,2026-09-27T12:07:50Z,DKBW1908,BYSKOVEN BADEZONE,0.1912,0.1812,0.2439,0.2439,1,,middel
2026-09-27T12:08:11Z,2026-09-27T12:07:50Z,DKBW20,BELLEVUE STRAND,0.0723,0.1176,0.2439,0.2439,1,,hoej
2026-09-27T12:08:11Z,2026-09-27T12:07:50Z,DKBW1772,KVÆSTHUSBROEN,0.3715,0.5912,0.2439,0.5912,1,,middel
2026-09-27T12:08:11Z,2026-09-27T12:07:50Z,DKBW1893,BADEANSTALT I VALLENSBÆK HAVN,,,,,,all-stormwater,hoej
2026-09-27T12:08:11Z,2026-09-27T12:07:50Z,DKBW26,HELLERUP STRAND,0.1694,0.3964,0.2439,0.3964,1,,middel
2026-09-27T12:08:11Z,2026-09-27T12:07:50Z,DKBW1525,ISLANDS BRYGGE HAVNEBAD,0.4489,0.6869,0.2439,0.6869,1,,middel
2026-09-27T12:08:11Z,2026-09-27T12:07:50Z,DKBW1624,HALVANDET BADEZONE,0.3426,0.5325,0.2439,0.5325,1,,middel
2026-09-27T12:08:11Z,2026-09-27T12:07:50Z,DKBW1648,SANDKAJ BADEZONE,0.3246,0.5231,0.2439,0.5231,1,,middel
2026-09-27T12:08:11Z,2026-09-27T12:07:50Z,DKBW1905,HAVNEGADE BADEZONE,0.3783,0.6093,0.2439,0.6093,1,,middel
2026-09-27T12:08:11Z,2026-09-27T12:07:50Z,DKBW1640,HAVNEVIGEN BADEZONE,0.6587,0.7795,0.2439,0.7795,1,,hoej
2026-09-27T12:08:11Z,2026-09-27T12:07:50Z,DKBW18,VED KONGELUNDSKROEN,,,,,,all-stormwater,hoej
2026-09-27T12:08:11Z,2026-09-27T12:07:50Z,DKBW1896,LA BANCHINA BADEZONE,0.3526,0.5376,0.2439,0.5376,1,,middel
2026-09-27T12:08:11Z,2026-09-27T12:07:50Z,DKBW1914,MOERTELRENDEN,0.3594,0.541,0.2439,0.541,1,,middel
2026-09-27T12:08:11Z,2026-09-27T12:07:50Z,DKBW30,TAARBÆK SØBADEANSTALT,0.2254,0.1842,0.2439,0.2439,1,,middel
2026-09-27T12:29:05Z,2026-09-27T12:22:50Z,DKBW16,SØVANG,,,,,,all-stormwater,hoej
2026-09-27T12:29:05Z,2026-09-27T12:22:50Z,DKBW1906,TEGLHOLM BRYGGE BADEZONE,0.9911,0.892,0.2439,0.9911,1,,middel
2026-09-27T12:29:05Z,2026-09-27T12:22:50Z,DKBW24,CHARLOTTENLUND STRANDPARK,0.1613,0.1744,0.2439,0.2439,1,,middel
2026-09-27T12:29:05Z,2026-09-27T12:22:50Z,DKBW14,AMAGER SYDSTRAND,,,,,,all-stormwater,hoej
2026-09-27T12:29:05Z,2026-09-27T12:22:50Z,DKBW1526,"AMAGER STRANDPARK, ØRESUND",0.3758,0.549,0.2439,0.549,1,,middel
2026-09-27T12:29:05Z,2026-09-27T12:22:50Z,DKBW1578,SLUSEHOLMEN HAVNEBAD,0.7939,0.829,0.2439,0.829,1,,hoej
2026-09-27T12:29:05Z,2026-09-27T12:22:50Z,DKBW1667,KALVEBOD BØLGE BADEZONE,0.4544,0.6897,0.2439,0.6897,1,,middel
2026-09-27T12:29:05Z,2026-09-27T12:22:50Z,DKBW4,"KBS, UD FOR HYLDETANGEN",0.6425,0.6978,0.2085,0.6978,0.6682,,middel
2026-09-27T12:29:05Z,2026-09-27T12:22:50Z,DKBW1464,"VALLENSBÆK STRAND, VED SKRUBBEN",,,,,,all-stormwater,hoej
2026-09-27T12:29:05Z,2026-09-27T12:22:50Z,DKBW1590,LODSPARKEN,0.3573,0.5399,0.2439,0.5399,1,,middel
2026-09-27T12:29:05Z,2026-09-27T12:22:50Z,DKBW1593,TAARBÆK HAVN,0.3016,0.5019,0.2439,0.5019,1,,middel
2026-09-27T12:29:05Z,2026-09-27T12:22:50Z,DKBW8,DRAGØR NORDSTRAND,0.0797,0.3883,0.2439,0.3883,1,,middel
2026-09-27T12:29:05Z,2026-09-27T12:22:50Z,DKBW1904,STRANDEN VED VALBYPARKEN,0.3865,0.5541,0.2439,0.5541,1,,middel
2026-09-27T12:29:05Z,2026-09-27T12:22:50Z,DKBW1913,HVIDOVRE HAVN,0.1807,0.1778,0.2439,0.2439,1,,middel
2026-09-27T12:29:05Z,2026-09-27T12:22:50Z,DKBW32,FREDERIKSDAL FRIBAD,0.5162,0.631,0.3401,0.631,0.5857,,lav
2026-09-27T12:29:05Z,2026-09-27T12:22:50Z,DKBW1527,"AMAGER STRANDPARK, LAGUNEN",0.381,0.5515,0.2439,0.5515,1,,middel
2026-09-27T12:29:05Z,2026-09-27T12:22:50Z,DKBW1598,SYD FOR KASTRUP LYSTBÅDEHAVN,0.1957,0.4862,0.2439,0.4862,1,,middel
2026-09-27T12:29:05Z,2026-09-27T12:22:50Z,DKBW1629,HALFDANSGADE BADEZONE,0.4909,0.7075,0.2439,0.7075,1,,hoej
2026-09-27T12:29:05Z,2026-09-27T12:22:50Z,DKBW1652,SKOVSHOVED HAVBAD,0.0813,0.1328,0.2439,0.2439,1,,middel
2026-09-27T12:29:05Z,2026-09-27T12:22:50Z,DKBW1656,SØNDRE REFSHALE BADEZONE,0.3516,0.5371,0.2439,0.5371,1,,middel
2026-09-27T12:29:05Z,2026-09-27T12:22:50Z,DKBW1891,SKOVSHOVED SYD,0.1511,0.1707,0.2439,0.2439,1,,middel
2026-09-27T12:29:05Z,2026-09-27T12:22:50Z,DKBW10,"DRAGØR SØBAD, NORD",0,0,0.2439,0.2439,1,,middel
2026-09-27T12:29:05Z,2026-09-27T12:22:50Z,DKBW1528,FISKETORVET HAVNEBAD,0.5962,0.7543,0.2439,0.7543,1,,hoej
2026-09-27T12:29:05Z,2026-09-27T12:22:50Z,DKBW1520,"KASTRUP SØBAD, NORD FOR KASTRUP LYSTBÅDEHAVN",0.196,0.5,0.2439,0.5,1,,middel
2026-09-27T12:29:05Z,2026-09-27T12:22:50Z,DKBW1579,SVANEMØLLESTRANDEN,0.3031,0.5114,0.2439,0.5114,1,,middel
2026-09-27T12:29:05Z,2026-09-27T12:22:50Z,DKBW1594,BOMBEGRUNDEN TAARBÆK,0.069,0.1115,0.2439,0.2439,1,,hoej
2026-09-27T12:29:05Z,2026-09-27T12:22:50Z,DKBW1907,VANDTRAPPEN BADEZONE,0.9883,0.8912,0.2439,0.9883,1,,middel
2026-09-27T12:29:05Z,2026-09-27T12:22:50Z,DKBW1908,BYSKOVEN BADEZONE,0.1912,0.1812,0.2439,0.2439,1,,middel
2026-09-27T12:29:05Z,2026-09-27T12:22:50Z,DKBW20,BELLEVUE STRAND,0.0723,0.1176,0.2439,0.2439,1,,hoej
2026-09-27T12:29:05Z,2026-09-27T12:22:50Z,DKBW1772,KVÆSTHUSBROEN,0.3715,0.5912,0.2439,0.5912,1,,middel
2026-09-27T12:29:05Z,2026-09-27T12:22:50Z,DKBW1893,BADEANSTALT I VALLENSBÆK HAVN,,,,,,all-stormwater,hoej
2026-09-27T12:29:05Z,2026-09-27T12:22:50Z,DKBW26,HELLERUP STRAND,0.1694,0.3964,0.2439,0.3964,1,,middel
2026-09-27T12:29:05Z,2026-09-27T12:22:50Z,DKBW1525,ISLANDS BRYGGE HAVNEBAD,0.4489,0.6869,0.2439,0.6869,1,,middel
2026-09-27T12:29:05Z,2026-09-27T12:22:50Z,DKBW1624,HALVANDET BADEZONE,0.3426,0.5325,0.2439,0.5325,1,,middel
2026-09-27T12:29:05Z,2026-09-27T12:22:50Z,DKBW1648,SANDKAJ BADEZONE,0.3246,0.5231,0.2439,0.5231,1,,middel
2026-09-27T12:29:05Z,2026-09-27T12:22:50Z,DKBW1905,HAVNEGADE BADEZONE,0.3783,0.6093,0.2439,0.6093,1,,middel
2026-09-27T12:29:05Z,2026-09-27T12:22:50Z,DKBW1640,HAVNEVIGEN BADEZONE,0.6587,0.7795,0.2439,0.7795,1,,hoej
2026-09-27T12:29:05Z,2026-09-27T12:22:50Z,DKBW18,VED KONGELUNDSKROEN,,,,,,all-stormwater,hoej
2026-09-27T12:29:05Z,2026-09-27T12:22:50Z,DKBW1896,LA BANCHINA BADEZONE,0.3526,0.5376,0.2439,0.5376,1,,middel
2026-09-27T12:29:05Z,2026-09-27T12:22:50Z,DKBW1914,MOERTELRENDEN,0.3594,0.541,0.2439,0.541,1,,middel
2026-09-27T12:29:05Z,2026-09-27T12:22:50Z,DKBW30,TAARBÆK SØBADEANSTALT,0.2254,0.1842,0.2439,0.2439,1,,middel
2026-09-27T13:17:15Z,2026-09-27T13:07:51Z,DKBW16,SØVANG,,,,,,all-stormwater,hoej
2026-09-27T13:17:15Z,2026-09-27T13:07:51Z,DKBW1906,TEGLHOLM BRYGGE BADEZONE,0.9911,0.892,0.2439,0.9911,1,,middel
2026-09-27T13:17:15Z,2026-09-27T13:07:51Z,DKBW24,CHARLOTTENLUND STRANDPARK,0.1633,0.1751,0.2439,0.2439,1,,middel
2026-09-27T13:17:15Z,2026-09-27T13:07:51Z,DKBW14,AMAGER SYDSTRAND,,,,,,all-stormwater,hoej
2026-09-27T13:17:15Z,2026-09-27T13:07:51Z,DKBW1526,"AMAGER STRANDPARK, ØRESUND",0.3781,0.5501,0.2439,0.5501,1,,middel
2026-09-27T13:17:15Z,2026-09-27T13:07:51Z,DKBW1578,SLUSEHOLMEN HAVNEBAD,0.7875,0.8268,0.2439,0.8268,1,,hoej
2026-09-27T13:17:15Z,2026-09-27T13:07:51Z,DKBW1667,KALVEBOD BØLGE BADEZONE,0.4421,0.6835,0.2439,0.6835,1,,middel
2026-09-27T13:17:15Z,2026-09-27T13:07:51Z,DKBW4,"KBS, UD FOR HYLDETANGEN",0.6425,0.6978,0.2085,0.6978,0.6682,,middel
2026-09-27T13:17:15Z,2026-09-27T13:07:51Z,DKBW1464,"VALLENSBÆK STRAND, VED SKRUBBEN",,,,,,all-stormwater,hoej
2026-09-27T13:17:15Z,2026-09-27T13:07:51Z,DKBW1590,LODSPARKEN,0.3601,0.5413,0.2439,0.5413,1,,middel
2026-09-27T13:17:15Z,2026-09-27T13:07:51Z,DKBW1593,TAARBÆK HAVN,0.2263,0.1844,0.2439,0.2439,1,,middel
2026-09-27T13:17:15Z,2026-09-27T13:07:51Z,DKBW8,DRAGØR NORDSTRAND,0.0729,0.3772,0.2439,0.3772,1,,middel
2026-09-27T13:17:15Z,2026-09-27T13:07:51Z,DKBW1904,STRANDEN VED VALBYPARKEN,0.3885,0.5551,0.2439,0.5551,1,,middel
2026-09-27T13:17:15Z,2026-09-27T13:07:51Z,DKBW1913,HVIDOVRE HAVN,0.3602,0.5414,0.2439,0.5414,1,,middel
2026-09-27T13:17:15Z,2026-09-27T13:07:51Z,DKBW32,FREDERIKSDAL FRIBAD,0.5162,0.631,0.3401,0.631,0.5857,,lav
2026-09-27T13:17:15Z,2026-09-27T13:07:51Z,DKBW1527,"AMAGER STRANDPARK, LAGUNEN",0.3832,0.5525,0.2439,0.5525,1,,middel
2026-09-27T13:17:15Z,2026-09-27T13:07:51Z,DKBW1598,SYD FOR KASTRUP LYSTBÅDEHAVN,0.1476,0.476,0.2439,0.476,1,,middel
2026-09-27T13:17:15Z,2026-09-27T13:07:51Z,DKBW1629,HALFDANSGADE BADEZONE,0.4789,0.7017,0.2439,0.7017,1,,hoej
2026-09-27T13:17:15Z,2026-09-27T13:07:51Z,DKBW1652,SKOVSHOVED HAVBAD,0.0813,0.1304,0.2439,0.2439,1,,middel
2026-09-27T13:17:15Z,2026-09-27T13:07:51Z,DKBW1656,SØNDRE REFSHALE BADEZONE,0.3545,0.5385,0.2439,0.5385,1,,middel
2026-09-27T13:17:15Z,2026-09-27T13:07:51Z,DKBW1891,SKOVSHOVED SYD,0.1533,0.1715,0.2439,0.2439,1,,middel
2026-09-27T13:17:15Z,2026-09-27T13:07:51Z,DKBW10,"DRAGØR SØBAD, NORD",0,0,0.2439,0.2439,1,,middel
2026-09-27T13:17:15Z,2026-09-27T13:07:51Z,DKBW1528,FISKETORVET HAVNEBAD,0.5856,0.7499,0.2439,0.7499,1,,hoej
2026-09-27T13:17:15Z,2026-09-27T13:07:51Z,DKBW1520,"KASTRUP SØBAD, NORD FOR KASTRUP LYSTBÅDEHAVN",0.1971,0.4899,0.2439,0.4899,1,,middel
2026-09-27T13:17:15Z,2026-09-27T13:07:51Z,DKBW1579,SVANEMØLLESTRANDEN,0.3069,0.5135,0.2439,0.5135,1,,middel
2026-09-27T13:17:15Z,2026-09-27T13:07:51Z,DKBW1594,BOMBEGRUNDEN TAARBÆK,0.0698,0.1089,0.2439,0.2439,1,,hoej
2026-09-27T13:17:15Z,2026-09-27T13:07:51Z,DKBW1907,VANDTRAPPEN BADEZONE,0.9883,0.8912,0.2439,0.9883,1,,middel
2026-09-27T13:17:15Z,2026-09-27T13:07:51Z,DKBW1908,BYSKOVEN BADEZONE,0.1925,0.1816,0.2439,0.2439,1,,middel
2026-09-27T13:17:15Z,2026-09-27T13:07:51Z,DKBW20,BELLEVUE STRAND,0.073,0.115,0.2439,0.2439,1,,hoej
2026-09-27T13:17:15Z,2026-09-27T13:07:51Z,DKBW1772,KVÆSTHUSBROEN,0.3739,0.5827,0.2439,0.5827,1,,middel
2026-09-27T13:17:15Z,2026-09-27T13:07:51Z,DKBW1893,BADEANSTALT I VALLENSBÆK HAVN,,,,,,all-stormwater,hoej
2026-09-27T13:17:15Z,2026-09-27T13:07:51Z,DKBW26,HELLERUP STRAND,0.1713,0.3853,0.2439,0.3853,1,,middel
2026-09-27T13:17:15Z,2026-09-27T13:07:51Z,DKBW1525,ISLANDS BRYGGE HAVNEBAD,0.4365,0.6806,0.2439,0.6806,1,,middel
2026-09-27T13:17:15Z,2026-09-27T13:07:51Z,DKBW1624,HALVANDET BADEZONE,0.3456,0.534,0.2439,0.534,1,,middel
2026-09-27T13:17:15Z,2026-09-27T13:07:51Z,DKBW1648,SANDKAJ BADEZONE,0.3281,0.5249,0.2439,0.5249,1,,middel
2026-09-27T13:17:15Z,2026-09-27T13:07:51Z,DKBW1905,HAVNEGADE BADEZONE,0.3805,0.6012,0.2439,0.6012,1,,middel
2026-09-27T13:17:15Z,2026-09-27T13:07:51Z,DKBW1640,HAVNEVIGEN BADEZONE,0.6491,0.7758,0.2439,0.7758,1,,hoej
2026-09-27T13:17:15Z,2026-09-27T13:07:51Z,DKBW18,VED KONGELUNDSKROEN,,,,,,all-stormwater,hoej
2026-09-27T13:17:15Z,2026-09-27T13:07:51Z,DKBW1896,LA BANCHINA BADEZONE,0.3555,0.539,0.2439,0.539,1,,middel
2026-09-27T13:17:15Z,2026-09-27T13:07:51Z,DKBW1914,MOERTELRENDEN,0.3621,0.5423,0.2439,0.5423,1,,middel
2026-09-27T13:17:15Z,2026-09-27T13:07:51Z,DKBW30,TAARBÆK SØBADEANSTALT,0.2254,0.1842,0.2439,0.2439,1,,middel
2026-09-27T14:17:15Z,2026-09-27T14:07:50Z,DKBW16,SØVANG,,,,,,all-stormwater,hoej
2026-09-27T14:17:15Z,2026-09-27T14:07:50Z,DKBW1906,TEGLHOLM BRYGGE BADEZONE,0.9911,0.892,0.2439,0.9911,1,,middel
2026-09-27T14:17:15Z,2026-09-27T14:07:50Z,DKBW24,CHARLOTTENLUND STRANDPARK,0.1626,0.1749,0.2439,0.2439,1,,middel
2026-09-27T14:17:15Z,2026-09-27T14:07:50Z,DKBW14,AMAGER SYDSTRAND,,,,,,all-stormwater,hoej
2026-09-27T14:17:15Z,2026-09-27T14:07:50Z,DKBW1526,"AMAGER STRANDPARK, ØRESUND",0.3774,0.5497,0.2439,0.5497,1,,middel
2026-09-27T14:17:15Z,2026-09-27T14:07:50Z,DKBW1578,SLUSEHOLMEN HAVNEBAD,0.7942,0.8292,0.2439,0.8292,1,,hoej
2026-09-27T14:17:15Z,2026-09-27T14:07:50Z,DKBW1667,KALVEBOD BØLGE BADEZONE,0.4551,0.69,0.2439,0.69,1,,middel
2026-09-27T14:17:15Z,2026-09-27T14:07:50Z,DKBW4,"KBS, UD FOR HYLDETANGEN",0.6425,0.6978,0.2085,0.6978,0.6682,,middel
2026-09-27T14:17:15Z,2026-09-27T14:07:50Z,DKBW1464,"VALLENSBÆK STRAND, VED SKRUBBEN",,,,,,all-stormwater,hoej
2026-09-27T14:17:15Z,2026-09-27T14:07:50Z,DKBW1590,LODSPARKEN,0.3592,0.5408,0.2439,0.5408,1,,middel
2026-09-27T14:17:15Z,2026-09-27T14:07:50Z,DKBW1593,TAARBÆK HAVN,0.2263,0.1844,0.2439,0.2439,1,,middel
2026-09-27T14:17:15Z,2026-09-27T14:07:50Z,DKBW8,DRAGØR NORDSTRAND,0.08,0.3889,0.2439,0.3889,1,,middel
2026-09-27T14:17:15Z,2026-09-27T14:07:50Z,DKBW1904,STRANDEN VED VALBYPARKEN,0.3878,0.5547,0.2439,0.5547,1,,middel
2026-09-27T14:17:15Z,2026-09-27T14:07:50Z,DKBW1913,HVIDOVRE HAVN,0.3593,0.5409,0.2439,0.5409,1,,middel
2026-09-27T14:17:15Z,2026-09-27T14:07:50Z,DKBW32,FREDERIKSDAL FRIBAD,0.5162,0.631,0.3401,0.631,0.5857,,lav
2026-09-27T14:17:15Z,2026-09-27T14:07:50Z,DKBW1527,"AMAGER STRANDPARK, LAGUNEN",0.3824,0.5522,0.2439,0.5522,1,,middel
2026-09-27T14:17:15Z,2026-09-27T14:07:50Z,DKBW1598,SYD FOR KASTRUP LYSTBÅDEHAVN,0.158,0.4867,0.2439,0.4867,1,,middel
2026-09-27T14:17:15Z,2026-09-27T14:07:50Z,DKBW1629,HALFDANSGADE BADEZONE,0.4915,0.7078,0.2439,0.7078,1,,hoej
2026-09-27T14:17:15Z,2026-09-27T14:07:50Z,DKBW1652,SKOVSHOVED HAVBAD,0.0813,0.1329,0.2439,0.2439,1,,middel
2026-09-27T14:17:15Z,2026-09-27T14:07:50Z,DKBW1656,SØNDRE REFSHALE BADEZONE,0.3535,0.538,0.2439,0.538,1,,middel
2026-09-27T14:17:15Z,2026-09-27T14:07:50Z,DKBW1891,SKOVSHOVED SYD,0.1526,0.1712,0.2439,0.2439,1,,middel
2026-09-27T14:17:15Z,2026-09-27T14:07:50Z,DKBW10,"DRAGØR SØBAD, NORD",0,0,0.2439,0.2439,1,,middel
2026-09-27T14:17:15Z,2026-09-27T14:07:50Z,DKBW1528,FISKETORVET HAVNEBAD,0.5968,0.7546,0.2439,0.7546,1,,hoej
2026-09-27T14:17:15Z,2026-09-27T14:07:50Z,DKBW1520,"KASTRUP SØBAD, NORD FOR KASTRUP LYSTBÅDEHAVN",0.1968,0.5005,0.2439,0.5005,1,,middel
2026-09-27T14:17:15Z,2026-09-27T14:07:50Z,DKBW1579,SVANEMØLLESTRANDEN,0.3057,0.5128,0.2439,0.5128,1,,middel
2026-09-27T14:17:15Z,2026-09-27T14:07:50Z,DKBW1594,BOMBEGRUNDEN TAARBÆK,0.0706,0.1116,0.2439,0.2439,1,,hoej
2026-09-27T14:17:15Z,2026-09-27T14:07:50Z,DKBW1907,VANDTRAPPEN BADEZONE,0.9883,0.8912,0.2439,0.9883,1,,middel
2026-09-27T14:17:15Z,2026-09-27T14:07:50Z,DKBW1908,BYSKOVEN BADEZONE,0.192,0.1814,0.2439,0.2439,1,,middel
2026-09-27T14:17:15Z,2026-09-27T14:07:50Z,DKBW20,BELLEVUE STRAND,0.0736,0.1177,0.2439,0.2439,1,,hoej
2026-09-27T14:17:15Z,2026-09-27T14:07:50Z,DKBW1772,KVÆSTHUSBROEN,0.3731,0.5916,0.2439,0.5916,1,,middel
2026-09-27T14:17:15Z,2026-09-27T14:07:50Z,DKBW1893,BADEANSTALT I VALLENSBÆK HAVN,,,,,,all-stormwater,hoej
2026-09-27T14:17:15Z,2026-09-27T14:07:50Z,DKBW26,HELLERUP STRAND,0.1707,0.397,0.2439,0.397,1,,middel
2026-09-27T14:17:15Z,2026-09-27T14:07:50Z,DKBW1525,ISLANDS BRYGGE HAVNEBAD,0.4495,0.6872,0.2439,0.6872,1,,middel
2026-09-27T14:17:15Z,2026-09-27T14:07:50Z,DKBW1624,HALVANDET BADEZONE,0.3446,0.5335,0.2439,0.5335,1,,middel
2026-09-27T14:17:15Z,2026-09-27T14:07:50Z,DKBW1648,SANDKAJ BADEZONE,0.3269,0.5243,0.2439,0.5243,1,,middel
2026-09-27T14:17:15Z,2026-09-27T14:07:50Z,DKBW1905,HAVNEGADE BADEZONE,0.3798,0.6097,0.2439,0.6097,1,,middel
2026-09-27T14:17:15Z,2026-09-27T14:07:50Z,DKBW1640,HAVNEVIGEN BADEZONE,0.6591,0.7797,0.2439,0.7797,1,,hoej
2026-09-27T14:17:15Z,2026-09-27T14:07:50Z,DKBW18,VED KONGELUNDSKROEN,,,,,,all-stormwater,hoej
2026-09-27T14:17:15Z,2026-09-27T14:07:50Z,DKBW1896,LA BANCHINA BADEZONE,0.3545,0.5385,0.2439,0.5385,1,,middel
2026-09-27T14:17:15Z,2026-09-27T14:07:50Z,DKBW1914,MOERTELRENDEN,0.3612,0.5419,0.2439,0.5419,1,,middel
2026-09-27T14:17:15Z,2026-09-27T14:07:50Z,DKBW30,TAARBÆK SØBADEANSTALT,0.2254,0.1842,0.2439,0.2439,1,,middel
2026-09-27T15:17:36Z,2026-09-27T15:07:50Z,DKBW16,SØVANG,,,,,,all-stormwater,hoej
2026-09-27T15:17:36Z,2026-09-27T15:07:50Z,DKBW1906,TEGLHOLM BRYGGE BADEZONE,0.9911,0.892,0.2439,0.9911,1,,middel
2026-09-27T15:17:36Z,2026-09-27T15:07:50Z,DKBW24,CHARLOTTENLUND STRANDPARK,0.1646,0.1756,0.2439,0.2439,1,,middel
2026-09-27T15:17:36Z,2026-09-27T15:07:50Z,DKBW14,AMAGER SYDSTRAND,,,,,,all-stormwater,hoej
2026-09-27T15:17:36Z,2026-09-27T15:07:50Z,DKBW1526,"AMAGER STRANDPARK, ØRESUND",0.3797,0.5508,0.2439,0.5508,1,,middel
2026-09-27T15:17:36Z,2026-09-27T15:07:50Z,DKBW1578,SLUSEHOLMEN HAVNEBAD,0.7876,0.8269,0.2439,0.8269,1,,hoej
2026-09-27T15:17:36Z,2026-09-27T15:07:50Z,DKBW1667,KALVEBOD BØLGE BADEZONE,0.4423,0.6835,0.2439,0.6835,1,,middel
2026-09-27T15:17:36Z,2026-09-27T15:07:50Z,DKBW4,"KBS, UD FOR HYLDETANGEN",0.6425,0.6978,0.2085,0.6978,0.6682,,middel
2026-09-27T15:17:36Z,2026-09-27T15:07:50Z,DKBW1464,"VALLENSBÆK STRAND, VED SKRUBBEN",,,,,,all-stormwater,hoej
2026-09-27T15:17:36Z,2026-09-27T15:07:50Z,DKBW1590,LODSPARKEN,0.3619,0.5422,0.2439,0.5422,1,,middel
2026-09-27T15:17:36Z,2026-09-27T15:07:50Z,DKBW1593,TAARBÆK HAVN,0.2263,0.1844,0.2439,0.2439,1,,middel
2026-09-27T15:17:36Z,2026-09-27T15:07:50Z,DKBW8,DRAGØR NORDSTRAND,0.073,0.3773,0.2439,0.3773,1,,middel
2026-09-27T15:17:36Z,2026-09-27T15:07:50Z,DKBW1904,STRANDEN VED VALBYPARKEN,0.3899,0.5557,0.2439,0.5557,1,,middel
2026-09-27T15:17:36Z,2026-09-27T15:07:50Z,DKBW1913,HVIDOVRE HAVN,0.362,0.5422,0.2439,0.5422,1,,middel
2026-09-27T15:17:36Z,2026-09-27T15:07:50Z,DKBW32,FREDERIKSDAL FRIBAD,0.5162,0.631,0.3401,0.631,0.5857,,lav
2026-09-27T15:17:36Z,2026-09-27T15:07:50Z,DKBW1527,"AMAGER STRANDPARK, LAGUNEN",0.3846,0.5532,0.2439,0.5532,1,,middel
2026-09-27T15:17:36Z,2026-09-27T15:07:50Z,DKBW1598,SYD FOR KASTRUP LYSTBÅDEHAVN,0.1478,0.4761,0.2439,0.4761,1,,middel
2026-09-27T15:17:36Z,2026-09-27T15:07:50Z,DKBW1629,HALFDANSGADE BADEZONE,0.479,0.7018,0.2439,0.7018,1,,hoej
2026-09-27T15:17:36Z,2026-09-27T15:07:50Z,DKBW1652,SKOVSHOVED HAVBAD,0.0813,0.1305,0.2439,0.2439,1,,middel
2026-09-27T15:17:36Z,2026-09-27T15:07:50Z,DKBW1656,SØNDRE REFSHALE BADEZONE,0.3564,0.5395,0.2439,0.5395,1,,middel
2026-09-27T15:17:36Z,2026-09-27T15:07:50Z,DKBW1891,SKOVSHOVED SYD,0.1547,0.172,0.2439,0.2439,1,,middel
2026-09-27T15:17:36Z,2026-09-27T15:07:50Z,DKBW10,"DRAGØR SØBAD, NORD",0,0,0.2439,0.2439,1,,middel
2026-09-27T15:17:36Z,2026-09-27T15:07:50Z,DKBW1528,FISKETORVET HAVNEBAD,0.5857,0.7499,0.2439,0.7499,1,,hoej
2026-09-27T15:17:36Z,2026-09-27T15:07:50Z,DKBW1520,"KASTRUP SØBAD, NORD FOR KASTRUP LYSTBÅDEHAVN",0.1979,0.49,0.2439,0.49,1,,middel
2026-09-27T15:17:36Z,2026-09-27T15:07:50Z,DKBW1579,SVANEMØLLESTRANDEN,0.3095,0.5149,0.2439,0.5149,1,,middel
2026-09-27T15:17:36Z,2026-09-27T15:07:50Z,DKBW1594,BOMBEGRUNDEN TAARBÆK,0.0712,0.1089,0.2439,0.2439,1,,hoej
2026-09-27T15:17:36Z,2026-09-27T15:07:50Z,DKBW1907,VANDTRAPPEN BADEZONE,0.9883,0.8912,0.2439,0.9883,1,,middel
2026-09-27T15:17:36Z,2026-09-27T15:07:50Z,DKBW1908,BYSKOVEN BADEZONE,0.1933,0.1818,0.2439,0.2439,1,,middel
2026-09-27T15:17:36Z,2026-09-27T15:07:50Z,DKBW20,BELLEVUE STRAND,0.074,0.1151,0.2439,0.2439,1,,hoej
2026-09-27T15:17:36Z,2026-09-27T15:07:50Z,DKBW1772,KVÆSTHUSBROEN,0.3755,0.5828,0.2439,0.5828,1,,middel
2026-09-27T15:17:36Z,2026-09-27T15:07:50Z,DKBW1893,BADEANSTALT I VALLENSBÆK HAVN,,,,,,all-stormwater,hoej
2026-09-27T15:17:36Z,2026-09-27T15:07:50Z,DKBW26,HELLERUP STRAND,0.1725,0.3855,0.2439,0.3855,1,,middel
2026-09-27T15:17:36Z,2026-09-27T15:07:50Z,DKBW1525,ISLANDS BRYGGE HAVNEBAD,0.4366,0.6807,0.2439,0.6807,1,,middel
2026-09-27T15:17:36Z,2026-09-27T15:07:50Z,DKBW1624,HALVANDET BADEZONE,0.3476,0.5351,0.2439,0.5351,1,,middel
2026-09-27T15:17:36Z,2026-09-27T15:07:50Z,DKBW1648,SANDKAJ BADEZONE,0.3303,0.5261,0.2439,0.5261,1,,middel
2026-09-27T15:17:36Z,2026-09-27T15:07:50Z,DKBW1905,HAVNEGADE BADEZONE,0.382,0.6013,0.2439,0.6013,1,,middel
2026-09-27T15:17:36Z,2026-09-27T15:07:50Z,DKBW1640,HAVNEVIGEN BADEZONE,0.6493,0.7758,0.2439,0.7758,1,,hoej
2026-09-27T15:17:36Z,2026-09-27T15:07:50Z,DKBW18,VED KONGELUNDSKROEN,,,,,,all-stormwater,hoej
2026-09-27T15:17:36Z,2026-09-27T15:07:50Z,DKBW1896,LA BANCHINA BADEZONE,0.3573,0.5399,0.2439,0.5399,1,,middel
2026-09-27T15:17:36Z,2026-09-27T15:07:50Z,DKBW1914,MOERTELRENDEN,0.3639,0.5432,0.2439,0.5432,1,,middel
2026-09-27T15:17:36Z,2026-09-27T15:07:50Z,DKBW30,TAARBÆK SØBADEANSTALT,0.2254,0.1842,0.2439,0.2439,1,,middel
2026-09-27T16:17:15Z,2026-09-27T16:07:50Z,DKBW16,SØVANG,,,,,,all-stormwater,hoej
2026-09-27T16:17:15Z,2026-09-27T16:07:50Z,DKBW1906,TEGLHOLM BRYGGE BADEZONE,0.9911,0.892,0.2439,0.9911,1,,middel
2026-09-27T16:17:15Z,2026-09-27T16:07:50Z,DKBW24,CHARLOTTENLUND STRANDPARK,0.1645,0.1755,0.2439,0.2439,1,,middel
2026-09-27T16:17:15Z,2026-09-27T16:07:50Z,DKBW14,AMAGER SYDSTRAND,,,,,,all-stormwater,hoej
2026-09-27T16:17:15Z,2026-09-27T16:07:50Z,DKBW1526,"AMAGER STRANDPARK, ØRESUND",0.3795,0.5508,0.2439,0.5508,1,,middel
2026-09-27T16:17:15Z,2026-09-27T16:07:50Z,DKBW1578,SLUSEHOLMEN HAVNEBAD,0.7663,0.8195,0.2439,0.8195,1,,hoej
2026-09-27T16:17:15Z,2026-09-27T16:07:50Z,DKBW1667,KALVEBOD BØLGE BADEZONE,0.4028,0.6628,0.2439,0.6628,1,,middel
2026-09-27T16:17:15Z,2026-09-27T16:07:50Z,DKBW4,"KBS, UD FOR HYLDETANGEN",0.6425,0.6978,0.2085,0.6978,0.6682,,middel
2026-09-27T16:17:15Z,2026-09-27T16:07:50Z,DKBW1464,"VALLENSBÆK STRAND, VED SKRUBBEN",,,,,,all-stormwater,hoej
2026-09-27T16:17:15Z,2026-09-27T16:07:50Z,DKBW1590,LODSPARKEN,0.3617,0.5421,0.2439,0.5421,1,,middel
2026-09-27T16:17:15Z,2026-09-27T16:07:50Z,DKBW1593,TAARBÆK HAVN,0.2263,0.1844,0.2439,0.2439,1,,middel
2026-09-27T16:17:15Z,2026-09-27T16:07:50Z,DKBW8,DRAGØR NORDSTRAND,0.0541,0.3418,0.2439,0.3418,1,,middel
2026-09-27T16:17:15Z,2026-09-27T16:07:50Z,DKBW1904,STRANDEN VED VALBYPARKEN,0.3897,0.5556,0.2439,0.5556,1,,middel
2026-09-27T16:17:15Z,2026-09-27T16:07:50Z,DKBW1913,HVIDOVRE HAVN,0.3618,0.5421,0.2439,0.5421,1,,middel
2026-09-27T16:17:15Z,2026-09-27T16:07:50Z,DKBW32,FREDERIKSDAL FRIBAD,0.5162,0.631,0.3401,0.631,0.5857,,lav
2026-09-27T16:17:15Z,2026-09-27T16:07:50Z,DKBW1527,"AMAGER STRANDPARK, LAGUNEN",0.3844,0.5531,0.2439,0.5531,1,,middel
2026-09-27T16:17:15Z,2026-09-27T16:07:50Z,DKBW1598,SYD FOR KASTRUP LYSTBÅDEHAVN,0.1187,0.4429,0.2439,0.4429,1,,middel
2026-09-27T16:17:15Z,2026-09-27T16:07:50Z,DKBW1629,HALFDANSGADE BADEZONE,0.4403,0.6826,0.2439,0.6826,1,,hoej
2026-09-27T16:17:15Z,2026-09-27T16:07:50Z,DKBW1652,SKOVSHOVED HAVBAD,0.0813,0.1228,0.2439,0.2439,1,,middel
2026-09-27T16:17:15Z,2026-09-27T16:07:50Z,DKBW1656,SØNDRE REFSHALE BADEZONE,0.3562,0.5394,0.2439,0.5394,1,,middel
2026-09-27T16:17:15Z,2026-09-27T16:07:50Z,DKBW1891,SKOVSHOVED SYD,0.1546,0.172,0.2439,0.2439,1,,middel
2026-09-27T16:17:15Z,2026-09-27T16:07:50Z,DKBW10,"DRAGØR SØBAD, NORD",0,0,0.2439,0.2439,1,,middel
2026-09-27T16:17:15Z,2026-09-27T16:07:50Z,DKBW1528,FISKETORVET HAVNEBAD,0.5509,0.7349,0.2439,0.7349,1,,hoej
2026-09-27T16:17:15Z,2026-09-27T16:07:50Z,DKBW1520,"KASTRUP SØBAD, NORD FOR KASTRUP LYSTBÅDEHAVN",0.1978,0.4574,0.2439,0.4574,1,,middel
2026-09-27T16:17:15Z,2026-09-27T16:07:50Z,DKBW1579,SVANEMØLLESTRANDEN,0.3092,0.5148,0.2439,0.5148,1,,middel
2026-09-27T16:17:15Z,2026-09-27T16:07:50Z,DKBW1594,BOMBEGRUNDEN TAARBÆK,0.0712,0.1004,0.2439,0.2439,1,,hoej
2026-09-27T16:17:15Z,2026-09-27T16:07:50Z,DKBW1907,VANDTRAPPEN BADEZONE,0.9883,0.8912,0.2439,0.9883,1,,middel
2026-09-27T16:17:15Z,2026-09-27T16:07:50Z,DKBW1908,BYSKOVEN BADEZONE,0.1932,0.1818,0.2439,0.2439,1,,middel
2026-09-27T16:17:15Z,2026-09-27T16:07:50Z,DKBW20,BELLEVUE STRAND,0.074,0.1068,0.2439,0.2439,1,,hoej
2026-09-27T16:17:15Z,2026-09-27T16:07:50Z,DKBW1772,KVÆSTHUSBROEN,0.3753,0.5549,0.2439,0.5549,1,,middel
2026-09-27T16:17:15Z,2026-09-27T16:07:50Z,DKBW1893,BADEANSTALT I VALLENSBÆK HAVN,,,,,,all-stormwater,hoej
2026-09-27T16:17:15Z,2026-09-27T16:07:50Z,DKBW26,HELLERUP STRAND,0.1724,0.3501,0.2439,0.3501,1,,middel
2026-09-27T16:17:15Z,2026-09-27T16:07:50Z,DKBW1525,ISLANDS BRYGGE HAVNEBAD,0.4012,0.6597,0.2439,0.6597,1,,middel
2026-09-27T16:17:15Z,2026-09-27T16:07:50Z,DKBW1624,HALVANDET BADEZONE,0.3474,0.535,0.2439,0.535,1,,middel
2026-09-27T16:17:15Z,2026-09-27T16:07:50Z,DKBW1648,SANDKAJ BADEZONE,0.3301,0.526,0.2439,0.526,1,,middel
2026-09-27T16:17:15Z,2026-09-27T16:07:50Z,DKBW1905,HAVNEGADE BADEZONE,0.3818,0.5745,0.2439,0.5745,1,,middel
2026-09-27T16:17:15Z,2026-09-27T16:07:50Z,DKBW1640,HAVNEVIGEN BADEZONE,0.6179,0.7633,0.2439,0.7633,1,,hoej
2026-09-27T16:17:15Z,2026-09-27T16:07:50Z,DKBW18,VED KONGELUNDSKROEN,,,,,,all-stormwater,hoej
2026-09-27T16:17:15Z,2026-09-27T16:07:50Z,DKBW1896,LA BANCHINA BADEZONE,0.3571,0.5398,0.2439,0.5398,1,,middel
2026-09-27T16:17:15Z,2026-09-27T16:07:50Z,DKBW1914,MOERTELRENDEN,0.3637,0.5431,0.2439,0.5431,1,,middel
2026-09-27T16:17:15Z,2026-09-27T16:07:50Z,DKBW30,TAARBÆK SØBADEANSTALT,0.2254,0.1842,0.2439,0.2439,1,,middel
2026-09-27T17:01:11Z,2026-09-27T16:52:50Z,DKBW16,SØVANG,,,,,,all-stormwater,hoej
2026-09-27T17:01:11Z,2026-09-27T16:52:50Z,DKBW1906,TEGLHOLM BRYGGE BADEZONE,0.9911,0.892,0.2439,0.9911,1,,middel
2026-09-27T17:01:11Z,2026-09-27T16:52:50Z,DKBW24,CHARLOTTENLUND STRANDPARK,0.1644,0.1755,0.2439,0.2439,1,,middel
2026-09-27T17:01:11Z,2026-09-27T16:52:50Z,DKBW14,AMAGER SYDSTRAND,,,,,,all-stormwater,hoej
2026-09-27T17:01:11Z,2026-09-27T16:52:50Z,DKBW1526,"AMAGER STRANDPARK, ØRESUND",0.3794,0.5507,0.2439,0.5507,1,,middel
2026-09-27T17:01:11Z,2026-09-27T16:52:50Z,DKBW1578,SLUSEHOLMEN HAVNEBAD,0.7599,0.8172,0.2439,0.8172,1,,hoej
2026-09-27T17:01:11Z,2026-09-27T16:52:50Z,DKBW1667,KALVEBOD BØLGE BADEZONE,0.4001,0.6565,0.2439,0.6565,1,,middel
2026-09-27T17:01:11Z,2026-09-27T16:52:50Z,DKBW4,"KBS, UD FOR HYLDETANGEN",0.6425,0.6978,0.2085,0.6978,0.6682,,middel
2026-09-27T17:01:11Z,2026-09-27T16:52:50Z,DKBW1464,"VALLENSBÆK STRAND, VED SKRUBBEN",,,,,,all-stormwater,hoej
2026-09-27T17:01:11Z,2026-09-27T16:52:50Z,DKBW1590,LODSPARKEN,0.3616,0.5421,0.2439,0.5421,1,,middel
2026-09-27T17:01:11Z,2026-09-27T16:52:50Z,DKBW1593,TAARBÆK HAVN,0.2263,0.1844,0.2439,0.2439,1,,middel
2026-09-27T17:01:11Z,2026-09-27T16:52:50Z,DKBW8,DRAGØR NORDSTRAND,0.0493,0.3316,0.2439,0.3316,1,,middel
2026-09-27T17:01:11Z,2026-09-27T16:52:50Z,DKBW1904,STRANDEN VED VALBYPARKEN,0.3897,0.5556,0.2439,0.5556,1,,middel
2026-09-27T17:01:11Z,2026-09-27T16:52:50Z,DKBW1913,HVIDOVRE HAVN,0.3617,0.5421,0.2439,0.5421,1,,middel
2026-09-27T17:01:11Z,2026-09-27T16:52:50Z,DKBW32,FREDERIKSDAL FRIBAD,0.5162,0.631,0.3401,0.631,0.5857,,lav
2026-09-27T17:01:11Z,2026-09-27T16:52:50Z,DKBW1527,"AMAGER STRANDPARK, LAGUNEN",0.3844,0.5531,0.2439,0.5531,1,,middel
2026-09-27T17:01:11Z,2026-09-27T16:52:50Z,DKBW1598,SYD FOR KASTRUP LYSTBÅDEHAVN,0.111,0.4332,0.2439,0.4332,1,,middel
2026-09-27T17:01:11Z,2026-09-27T16:52:50Z,DKBW1629,HALFDANSGADE BADEZONE,0.429,0.6767,0.2439,0.6767,1,,hoej
2026-09-27T17:01:11Z,2026-09-27T16:52:50Z,DKBW1652,SKOVSHOVED HAVBAD,0.0813,0.1205,0.2439,0.2439,1,,middel
2026-09-27T17:01:11Z,2026-09-27T16:52:50Z,DKBW1656,SØNDRE REFSHALE BADEZONE,0.3561,0.5393,0.2439,0.5393,1,,middel
2026-09-27T17:01:11Z,2026-09-27T16:52:50Z,DKBW1891,SKOVSHOVED SYD,0.1545,0.172,0.2439,0.2439,1,,middel
2026-09-27T17:01:11Z,2026-09-27T16:52:50Z,DKBW10,"DRAGØR SØBAD, NORD",0,0,0.2439,0.2439,1,,middel
2026-09-27T17:01:11Z,2026-09-27T16:52:50Z,DKBW1528,FISKETORVET HAVNEBAD,0.5406,0.7304,0.2439,0.7304,1,,hoej
2026-09-27T17:01:11Z,2026-09-27T16:52:50Z,DKBW1520,"KASTRUP SØBAD, NORD FOR KASTRUP LYSTBÅDEHAVN",0.1978,0.4478,0.2439,0.4478,1,,middel
2026-09-27T17:01:11Z,2026-09-27T16:52:50Z,DKBW1579,SVANEMØLLESTRANDEN,0.3091,0.5147,0.2439,0.5147,1,,middel
2026-09-27T17:01:11Z,2026-09-27T16:52:50Z,DKBW1594,BOMBEGRUNDEN TAARBÆK,0.0708,0.0979,0.2439,0.2439,1,,hoej
2026-09-27T17:01:11Z,2026-09-27T16:52:50Z,DKBW1907,VANDTRAPPEN BADEZONE,0.9883,0.8912,0.2439,0.9883,1,,middel
2026-09-27T17:01:11Z,2026-09-27T16:52:50Z,DKBW1908,BYSKOVEN BADEZONE,0.1931,0.1818,0.2439,0.2439,1,,middel
2026-09-27T17:01:11Z,2026-09-27T16:52:50Z,DKBW20,BELLEVUE STRAND,0.0737,0.1043,0.2439,0.2439,1,,hoej
2026-09-27T17:01:11Z,2026-09-27T16:52:50Z,DKBW1772,KVÆSTHUSBROEN,0.3753,0.5487,0.2439,0.5487,1,,middel
2026-09-27T17:01:11Z,2026-09-27T16:52:50Z,DKBW1893,BADEANSTALT I VALLENSBÆK HAVN,,,,,,all-stormwater,hoej
2026-09-27T17:01:11Z,2026-09-27T16:52:50Z,DKBW26,HELLERUP STRAND,0.1723,0.3398,0.2439,0.3398,1,,middel
2026-09-27T17:01:11Z,2026-09-27T16:52:50Z,DKBW1525,ISLANDS BRYGGE HAVNEBAD,0.4012,0.6534,0.2439,0.6534,1,,middel
2026-09-27T17:01:11Z,2026-09-27T16:52:50Z,DKBW1624,HALVANDET BADEZONE,0.3473,0.5349,0.2439,0.5349,1,,middel
2026-09-27T17:01:11Z,2026-09-27T16:52:50Z,DKBW1648,SANDKAJ BADEZONE,0.33,0.526,0.2439,0.526,1,,middel
2026-09-27T17:01:11Z,2026-09-27T16:52:50Z,DKBW1905,HAVNEGADE BADEZONE,0.3818,0.5666,0.2439,0.5666,1,,middel
2026-09-27T17:01:11Z,2026-09-27T16:52:50Z,DKBW1640,HAVNEVIGEN BADEZONE,0.6086,0.7595,0.2439,0.7595,1,,hoej
2026-09-27T17:01:11Z,2026-09-27T16:52:50Z,DKBW18,VED KONGELUNDSKROEN,,,,,,all-stormwater,hoej
2026-09-27T17:01:11Z,2026-09-27T16:52:50Z,DKBW1896,LA BANCHINA BADEZONE,0.3571,0.5398,0.2439,0.5398,1,,middel
2026-09-27T17:01:11Z,2026-09-27T16:52:50Z,DKBW1914,MOERTELRENDEN,0.3636,0.5431,0.2439,0.5431,1,,middel
2026-09-27T17:01:11Z,2026-09-27T16:52:50Z,DKBW30,TAARBÆK SØBADEANSTALT,0.2254,0.1842,0.2439,0.2439,1,,middel
2026-09-27T17:17:18Z,2026-09-27T17:07:50Z,DKBW16,SØVANG,,,,,,all-stormwater,hoej
2026-09-27T17:17:18Z,2026-09-27T17:07:50Z,DKBW1906,TEGLHOLM BRYGGE BADEZONE,0.9911,0.892,0.2439,0.9911,1,,middel
2026-09-27T17:17:18Z,2026-09-27T17:07:50Z,DKBW24,CHARLOTTENLUND STRANDPARK,0.1644,0.1755,0.2439,0.2439,1,,middel
2026-09-27T17:17:18Z,2026-09-27T17:07:50Z,DKBW14,AMAGER SYDSTRAND,,,,,,all-stormwater,hoej
2026-09-27T17:17:18Z,2026-09-27T17:07:50Z,DKBW1526,"AMAGER STRANDPARK, ØRESUND",0.3794,0.5507,0.2439,0.5507,1,,middel
2026-09-27T17:17:18Z,2026-09-27T17:07:50Z,DKBW1578,SLUSEHOLMEN HAVNEBAD,0.7599,0.8172,0.2439,0.8172,1,,hoej
2026-09-27T17:17:18Z,2026-09-27T17:07:50Z,DKBW1667,KALVEBOD BØLGE BADEZONE,0.4001,0.6565,0.2439,0.6565,1,,middel
2026-09-27T17:17:18Z,2026-09-27T17:07:50Z,DKBW4,"KBS, UD FOR HYLDETANGEN",0.6425,0.6978,0.2085,0.6978,0.6682,,middel
2026-09-27T17:17:18Z,2026-09-27T17:07:50Z,DKBW1464,"VALLENSBÆK STRAND, VED SKRUBBEN",,,,,,all-stormwater,hoej
2026-09-27T17:17:18Z,2026-09-27T17:07:50Z,DKBW1590,LODSPARKEN,0.3616,0.5421,0.2439,0.5421,1,,middel
2026-09-27T17:17:18Z,2026-09-27T17:07:50Z,DKBW1593,TAARBÆK HAVN,0.2263,0.1844,0.2439,0.2439,1,,middel
2026-09-27T17:17:18Z,2026-09-27T17:07:50Z,DKBW8,DRAGØR NORDSTRAND,0.0493,0.3316,0.2439,0.3316,1,,middel
2026-09-27T17:17:18Z,2026-09-27T17:07:50Z,DKBW1904,STRANDEN VED VALBYPARKEN,0.3897,0.5556,0.2439,0.5556,1,,middel
2026-09-27T17:17:18Z,2026-09-27T17:07:50Z,DKBW1913,HVIDOVRE HAVN,0.3617,0.5421,0.2439,0.5421,1,,middel
2026-09-27T17:17:18Z,2026-09-27T17:07:50Z,DKBW32,FREDERIKSDAL FRIBAD,0.5162,0.631,0.3401,0.631,0.5857,,lav
2026-09-27T17:17:18Z,2026-09-27T17:07:50Z,DKBW1527,"AMAGER STRANDPARK, LAGUNEN",0.3844,0.5531,0.2439,0.5531,1,,middel
2026-09-27T17:17:18Z,2026-09-27T17:07:50Z,DKBW1598,SYD FOR KASTRUP LYSTBÅDEHAVN,0.111,0.4332,0.2439,0.4332,1,,middel
2026-09-27T17:17:18Z,2026-09-27T17:07:50Z,DKBW1629,HALFDANSGADE BADEZONE,0.429,0.6767,0.2439,0.6767,1,,hoej
2026-09-27T17:17:18Z,2026-09-27T17:07:50Z,DKBW1652,SKOVSHOVED HAVBAD,0.0813,0.1205,0.2439,0.2439,1,,middel
2026-09-27T17:17:18Z,2026-09-27T17:07:50Z,DKBW1656,SØNDRE REFSHALE BADEZONE,0.3561,0.5393,0.2439,0.5393,1,,middel
2026-09-27T17:17:18Z,2026-09-27T17:07:50Z,DKBW1891,SKOVSHOVED SYD,0.1545,0.172,0.2439,0.2439,1,,middel
2026-09-27T17:17:18Z,2026-09-27T17:07:50Z,DKBW10,"DRAGØR SØBAD, NORD",0,0,0.2439,0.2439,1,,middel
2026-09-27T17:17:18Z,2026-09-27T17:07:50Z,DKBW1528,FISKETORVET HAVNEBAD,0.5406,0.7304,0.2439,0.7304,1,,hoej
2026-09-27T17:17:18Z,2026-09-27T17:07:50Z,DKBW1520,"KASTRUP SØBAD, NORD FOR KASTRUP LYSTBÅDEHAVN",0.1978,0.4478,0.2439,0.4478,1,,middel
2026-09-27T17:17:18Z,2026-09-27T17:07:50Z,DKBW1579,SVANEMØLLESTRANDEN,0.3091,0.5147,0.2439,0.5147,1,,middel
2026-09-27T17:17:18Z,2026-09-27T17:07:50Z,DKBW1594,BOMBEGRUNDEN TAARBÆK,0.0708,0.0979,0.2439,0.2439,1,,hoej
2026-09-27T17:17:18Z,2026-09-27T17:07:50Z,DKBW1907,VANDTRAPPEN BADEZONE,0.9883,0.8912,0.2439,0.9883,1,,middel
2026-09-27T17:17:18Z,2026-09-27T17:07:50Z,DKBW1908,BYSKOVEN BADEZONE,0.1931,0.1818,0.2439,0.2439,1,,middel
2026-09-27T17:17:18Z,2026-09-27T17:07:50Z,DKBW20,BELLEVUE STRAND,0.0737,0.1043,0.2439,0.2439,1,,hoej
2026-09-27T17:17:18Z,2026-09-27T17:07:50Z,DKBW1772,KVÆSTHUSBROEN,0.3753,0.5487,0.2439,0.5487,1,,middel
2026-09-27T17:17:18Z,2026-09-27T17:07:50Z,DKBW1893,BADEANSTALT I VALLENSBÆK HAVN,,,,,,all-stormwater,hoej
2026-09-27T17:17:18Z,2026-09-27T17:07:50Z,DKBW26,HELLERUP STRAND,0.1723,0.3398,0.2439,0.3398,1,,middel
2026-09-27T17:17:18Z,2026-09-27T17:07:50Z,DKBW1525,ISLANDS BRYGGE HAVNEBAD,0.4012,0.6534,0.2439,0.6534,1,,middel
2026-09-27T17:17:18Z,2026-09-27T17:07:50Z,DKBW1624,HALVANDET BADEZONE,0.3473,0.5349,0.2439,0.5349,1,,middel
2026-09-27T17:17:18Z,2026-09-27T17:07:50Z,DKBW1648,SANDKAJ BADEZONE,0.33,0.526,0.2439,0.526,1,,middel
2026-09-27T17:17:18Z,2026-09-27T17:07:50Z,DKBW1905,HAVNEGADE BADEZONE,0.3818,0.5666,0.2439,0.5666,1,,middel
2026-09-27T17:17:18Z,2026-09-27T17:07:50Z,DKBW1640,HAVNEVIGEN BADEZONE,0.6086,0.7595,0.2439,0.7595,1,,hoej
2026-09-27T17:17:18Z,2026-09-27T17:07:50Z,DKBW18,VED KONGELUNDSKROEN,,,,,,all-stormwater,hoej
2026-09-27T17:17:18Z,2026-09-27T17:07:50Z,DKBW1896,LA BANCHINA BADEZONE,0.3571,0.5398,0.2439,0.5398,1,,middel
2026-09-27T17:17:18Z,2026-09-27T17:07:50Z,DKBW1914,MOERTELRENDEN,0.3636,0.5431,0.2439,0.5431,1,,middel
2026-09-27T17:17:18Z,2026-09-27T17:07:50Z,DKBW30,TAARBÆK SØBADEANSTALT,0.2254,0.1842,0.2439,0.2439,1,,middel
2026-09-27T18:17:16Z,2026-09-27T18:07:50Z,DKBW16,SØVANG,,,,,,all-stormwater,hoej
2026-09-27T18:17:16Z,2026-09-27T18:07:50Z,DKBW1906,TEGLHOLM BRYGGE BADEZONE,0.9911,0.892,0.2439,0.9911,1,,middel
2026-09-27T18:17:16Z,2026-09-27T18:07:50Z,DKBW24,CHARLOTTENLUND STRANDPARK,0.1657,0.176,0.2439,0.2439,1,,middel
2026-09-27T18:17:16Z,2026-09-27T18:07:50Z,DKBW14,AMAGER SYDSTRAND,,,,,,all-stormwater,hoej
2026-09-27T18:17:16Z,2026-09-27T18:07:50Z,DKBW1526,"AMAGER STRANDPARK, ØRESUND",0.3809,0.5514,0.2439,0.5514,1,,middel
2026-09-27T18:17:16Z,2026-09-27T18:07:50Z,DKBW1578,SLUSEHOLMEN HAVNEBAD,0.7497,0.8135,0.2439,0.8135,1,,hoej
2026-09-27T18:17:16Z,2026-09-27T18:07:50Z,DKBW1667,KALVEBOD BØLGE BADEZONE,0.4012,0.6466,0.2439,0.6466,1,,middel
2026-09-27T18:17:16Z,2026-09-27T18:07:50Z,DKBW4,"KBS, UD FOR HYLDETANGEN",0.6425,0.6978,0.2085,0.6978,0.6682,,middel
2026-09-27T18:17:16Z,2026-09-27T18:07:50Z,DKBW1464,"VALLENSBÆK STRAND, VED SKRUBBEN",,,,,,all-stormwater,hoej
2026-09-27T18:17:16Z,2026-09-27T18:07:50Z,DKBW1590,LODSPARKEN,0.3633,0.5429,0.2439,0.5429,1,,middel
2026-09-27T18:17:16Z,2026-09-27T18:07:50Z,DKBW1593,TAARBÆK HAVN,0.2263,0.1844,0.2439,0.2439,1,,middel
2026-09-27T18:17:16Z,2026-09-27T18:07:50Z,DKBW8,DRAGØR NORDSTRAND,0.0425,0.3157,0.2439,0.3157,1,,middel
2026-09-27T18:17:16Z,2026-09-27T18:07:50Z,DKBW1904,STRANDEN VED VALBYPARKEN,0.391,0.5562,0.2439,0.5562,1,,middel
2026-09-27T18:17:16Z,2026-09-27T18:07:50Z,DKBW1913,HVIDOVRE HAVN,0.1839,0.1789,0.2439,0.2439,1,,middel
2026-09-27T18:17:16Z,2026-09-27T18:07:50Z,DKBW32,FREDERIKSDAL FRIBAD,0.5162,0.631,0.3401,0.631,0.5857,,lav
2026-09-27T18:17:16Z,2026-09-27T18:07:50Z,DKBW1527,"AMAGER STRANDPARK, LAGUNEN",0.3858,0.5538,0.2439,0.5538,1,,middel
2026-09-27T18:17:16Z,2026-09-27T18:07:50Z,DKBW1598,SYD FOR KASTRUP LYSTBÅDEHAVN,0.0995,0.4179,0.2439,0.4179,1,,middel
2026-09-27T18:17:16Z,2026-09-27T18:07:50Z,DKBW1629,HALFDANSGADE BADEZONE,0.4115,0.6675,0.2439,0.6675,1,,hoej
2026-09-27T18:17:16Z,2026-09-27T18:07:50Z,DKBW1652,SKOVSHOVED HAVBAD,0.0813,0.117,0.2439,0.2439,1,,middel
2026-09-27T18:17:16Z,2026-09-27T18:07:50Z,DKBW1656,SØNDRE REFSHALE BADEZONE,0.3579,0.5402,0.2439,0.5402,1,,middel
2026-09-27T18:17:16Z,2026-09-27T18:07:50Z,DKBW1891,SKOVSHOVED SYD,0.1559,0.1725,0.2439,0.2439,1,,middel
2026-09-27T18:17:16Z,2026-09-27T18:07:50Z,DKBW10,"DRAGØR SØBAD, NORD",0,0,0.2439,0.2439,1,,middel
2026-09-27T18:17:16Z,2026-09-27T18:07:50Z,DKBW1528,FISKETORVET HAVNEBAD,0.5244,0.7231,0.2439,0.7231,1,,hoej
2026-09-27T18:17:16Z,2026-09-27T18:07:50Z,DKBW1520,"KASTRUP SØBAD, NORD FOR KASTRUP LYSTBÅDEHAVN",0.1985,0.4327,0.2439,0.4327,1,,middel
2026-09-27T18:17:16Z,2026-09-27T18:07:50Z,DKBW1579,SVANEMØLLESTRANDEN,0.3115,0.5161,0.2439,0.5161,1,,middel
2026-09-27T18:17:16Z,2026-09-27T18:07:50Z,DKBW1594,BOMBEGRUNDEN TAARBÆK,0.0702,0.0941,0.2439,0.2439,1,,hoej
2026-09-27T18:17:16Z,2026-09-27T18:07:50Z,DKBW1907,VANDTRAPPEN BADEZONE,0.9883,0.8912,0.2439,0.9883,1,,middel
2026-09-27T18:17:16Z,2026-09-27T18:07:50Z,DKBW1908,BYSKOVEN BADEZONE,0.1939,0.182,0.2439,0.2439,1,,middel
2026-09-27T18:17:16Z,2026-09-27T18:07:50Z,DKBW20,BELLEVUE STRAND,0.0733,0.1005,0.2439,0.2439,1,,hoej
2026-09-27T18:17:16Z,2026-09-27T18:07:50Z,DKBW1772,KVÆSTHUSBROEN,0.3768,0.5495,0.2439,0.5495,1,,middel
2026-09-27T18:17:16Z,2026-09-27T18:07:50Z,DKBW1893,BADEANSTALT I VALLENSBÆK HAVN,,,,,,all-stormwater,hoej
2026-09-27T18:17:16Z,2026-09-27T18:07:50Z,DKBW26,HELLERUP STRAND,0.1735,0.3239,0.2439,0.3239,1,,middel
2026-09-27T18:17:16Z,2026-09-27T18:07:50Z,DKBW1525,ISLANDS BRYGGE HAVNEBAD,0.4023,0.6433,0.2439,0.6433,1,,middel
2026-09-27T18:17:16Z,2026-09-27T18:07:50Z,DKBW1624,HALVANDET BADEZONE,0.3493,0.5359,0.2439,0.5359,1,,middel
2026-09-27T18:17:16Z,2026-09-27T18:07:50Z,DKBW1648,SANDKAJ BADEZONE,0.3322,0.5271,0.2439,0.5271,1,,middel
2026-09-27T18:17:16Z,2026-09-27T18:07:50Z,DKBW1905,HAVNEGADE BADEZONE,0.3832,0.5539,0.2439,0.5539,1,,middel
2026-09-27T18:17:16Z,2026-09-27T18:07:50Z,DKBW1640,HAVNEVIGEN BADEZONE,0.5938,0.7533,0.2439,0.7533,1,,hoej
2026-09-27T18:17:16Z,2026-09-27T18:07:50Z,DKBW18,VED KONGELUNDSKROEN,,,,,,all-stormwater,hoej
2026-09-27T18:17:16Z,2026-09-27T18:07:50Z,DKBW1896,LA BANCHINA BADEZONE,0.3589,0.5407,0.2439,0.5407,1,,middel
2026-09-27T18:17:16Z,2026-09-27T18:07:50Z,DKBW1914,MOERTELRENDEN,0.3653,0.5439,0.2439,0.5439,1,,middel
2026-09-27T18:17:16Z,2026-09-27T18:07:50Z,DKBW30,TAARBÆK SØBADEANSTALT,0.2254,0.1842,0.2439,0.2439,1,,middel
2026-09-27T19:17:16Z,2026-09-27T19:07:49Z,DKBW16,SØVANG,,,,,,all-stormwater,hoej
2026-09-27T19:17:16Z,2026-09-27T19:07:49Z,DKBW1906,TEGLHOLM BRYGGE BADEZONE,0.9911,0.892,0.2439,0.9911,1,,middel
2026-09-27T19:17:16Z,2026-09-27T19:07:49Z,DKBW24,CHARLOTTENLUND STRANDPARK,0.1655,0.1759,0.2439,0.2439,1,,middel
2026-09-27T19:17:16Z,2026-09-27T19:07:49Z,DKBW14,AMAGER SYDSTRAND,,,,,,all-stormwater,hoej
2026-09-27T19:17:16Z,2026-09-27T19:07:49Z,DKBW1526,"AMAGER STRANDPARK, ØRESUND",0.3807,0.5514,0.2439,0.5514,1,,middel
2026-09-27T19:17:16Z,2026-09-27T19:07:49Z,DKBW1578,SLUSEHOLMEN HAVNEBAD,0.7146,0.8008,0.2439,0.8008,1,,hoej
2026-09-27T19:17:16Z,2026-09-27T19:07:49Z,DKBW1667,KALVEBOD BØLGE BADEZONE,0.4011,0.6125,0.2439,0.6125,1,,middel
2026-09-27T19:17:16Z,2026-09-27T19:07:49Z,DKBW4,"KBS, UD FOR HYLDETANGEN",0.6425,0.6978,0.2085,0.6978,0.6682,,middel
2026-09-27T19:17:16Z,2026-09-27T19:07:49Z,DKBW1464,"VALLENSBÆK STRAND, VED SKRUBBEN",,,,,,all-stormwater,hoej
2026-09-27T19:17:16Z,2026-09-27T19:07:49Z,DKBW1590,LODSPARKEN,0.3631,0.5428,0.2439,0.5428,1,,middel
2026-09-27T19:17:16Z,2026-09-27T19:07:49Z,DKBW1593,TAARBÆK HAVN,0.2263,0.1844,0.2439,0.2439,1,,middel
2026-09-27T19:17:16Z,2026-09-27T19:07:49Z,DKBW8,DRAGØR NORDSTRAND,0.0251,0.2654,0.2439,0.2654,1,,middel
2026-09-27T19:17:16Z,2026-09-27T19:07:49Z,DKBW1904,STRANDEN VED VALBYPARKEN,0.3908,0.5561,0.2439,0.5561,1,,middel
2026-09-27T19:17:16Z,2026-09-27T19:07:49Z,DKBW1913,HVIDOVRE HAVN,0.1838,0.1788,0.2439,0.2439,1,,middel
2026-09-27T19:17:16Z,2026-09-27T19:07:49Z,DKBW32,FREDERIKSDAL FRIBAD,0.5162,0.631,0.3401,0.631,0.5857,,lav
2026-09-27T19:17:16Z,2026-09-27T19:07:49Z,DKBW1527,"AMAGER STRANDPARK, LAGUNEN",0.3856,0.5537,0.2439,0.5537,1,,middel
2026-09-27T19:17:16Z,2026-09-27T19:07:49Z,DKBW1598,SYD FOR KASTRUP LYSTBÅDEHAVN,0.0678,0.3682,0.2439,0.3682,1,,middel
2026-09-27T19:17:16Z,2026-09-27T19:07:49Z,DKBW1629,HALFDANSGADE BADEZONE,0.4068,0.6357,0.2439,0.6357,1,,hoej
2026-09-27T19:17:16Z,2026-09-27T19:07:49Z,DKBW1652,SKOVSHOVED HAVBAD,0.0813,0.1052,0.2439,0.2439,1,,middel
2026-09-27T19:17:16Z,2026-09-27T19:07:49Z,DKBW1656,SØNDRE REFSHALE BADEZONE,0.3577,0.5401,0.2439,0.5401,1,,middel
2026-09-27T19:17:16Z,2026-09-27T19:07:49Z,DKBW1891,SKOVSHOVED SYD,0.1557,0.1724,0.2439,0.2439,1,,middel
2026-09-27T19:17:16Z,2026-09-27T19:07:49Z,DKBW10,"DRAGØR SØBAD, NORD",0,0,0.2439,0.2439,1,,middel
2026-09-27T19:17:16Z,2026-09-27T19:07:49Z,DKBW1528,FISKETORVET HAVNEBAD,0.471,0.6979,0.2439,0.6979,1,,hoej
2026-09-27T19:17:16Z,2026-09-27T19:07:49Z,DKBW1520,"KASTRUP SØBAD, NORD FOR KASTRUP LYSTBÅDEHAVN",0.1984,0.3835,0.2439,0.3835,1,,middel
2026-09-27T19:17:16Z,2026-09-27T19:07:49Z,DKBW1579,SVANEMØLLESTRANDEN,0.3112,0.5159,0.2439,0.5159,1,,middel
2026-09-27T19:17:16Z,2026-09-27T19:07:49Z,DKBW1594,BOMBEGRUNDEN TAARBÆK,0.0693,0.0816,0.2439,0.2439,1,,hoej
2026-09-27T19:17:16Z,2026-09-27T19:07:49Z,DKBW1907,VANDTRAPPEN BADEZONE,0.9883,0.8912,0.2439,0.9883,1,,middel
2026-09-27T19:17:16Z,2026-09-27T19:07:49Z,DKBW1908,BYSKOVEN BADEZONE,0.1938,0.182,0.2439,0.2439,1,,middel
2026-09-27T19:17:16Z,2026-09-27T19:07:49Z,DKBW20,BELLEVUE STRAND,0.0726,0.0882,0.2439,0.2439,1,,hoej
2026-09-27T19:17:16Z,2026-09-27T19:07:49Z,DKBW1772,KVÆSTHUSBROEN,0.3766,0.5494,0.2439,0.5494,1,,middel
2026-09-27T19:17:16Z,2026-09-27T19:07:49Z,DKBW1893,BADEANSTALT I VALLENSBÆK HAVN,,,,,,all-stormwater,hoej
2026-09-27T19:17:16Z,2026-09-27T19:07:49Z,DKBW26,HELLERUP STRAND,0.1734,0.2735,0.2439,0.2735,1,,middel
2026-09-27T19:17:16Z,2026-09-27T19:07:49Z,DKBW1525,ISLANDS BRYGGE HAVNEBAD,0.4021,0.6089,0.2439,0.6089,1,,middel
2026-09-27T19:17:16Z,2026-09-27T19:07:49Z,DKBW1624,HALVANDET BADEZONE,0.349,0.5358,0.2439,0.5358,1,,middel
2026-09-27T19:17:16Z,2026-09-27T19:07:49Z,DKBW1648,SANDKAJ BADEZONE,0.3319,0.527,0.2439,0.527,1,,middel
2026-09-27T19:17:16Z,2026-09-27T19:07:49Z,DKBW1905,HAVNEGADE BADEZONE,0.383,0.5525,0.2439,0.5525,1,,middel
2026-09-27T19:17:16Z,2026-09-27T19:07:49Z,DKBW1640,HAVNEVIGEN BADEZONE,0.5445,0.7321,0.2439,0.7321,1,,hoej
2026-09-27T19:17:16Z,2026-09-27T19:07:49Z,DKBW18,VED KONGELUNDSKROEN,,,,,,all-stormwater,hoej
2026-09-27T19:17:16Z,2026-09-27T19:07:49Z,DKBW1896,LA BANCHINA BADEZONE,0.3586,0.5406,0.2439,0.5406,1,,middel
2026-09-27T19:17:16Z,2026-09-27T19:07:49Z,DKBW1914,MOERTELRENDEN,0.3651,0.5438,0.2439,0.5438,1,,middel
2026-09-27T19:17:16Z,2026-09-27T19:07:49Z,DKBW30,TAARBÆK SØBADEANSTALT,0.2254,0.1842,0.2439,0.2439,1,,middel
2026-09-27T20:11:00Z,2026-09-27T20:07:49Z,DKBW16,SØVANG,,,,,,all-stormwater,hoej
2026-09-27T20:11:00Z,2026-09-27T20:07:49Z,DKBW1906,TEGLHOLM BRYGGE BADEZONE,0.9911,0.892,0.2439,0.9911,1,,middel
2026-09-27T20:11:00Z,2026-09-27T20:07:49Z,DKBW24,CHARLOTTENLUND STRANDPARK,0.1653,0.1758,0.2439,0.2439,1,,middel
2026-09-27T20:11:00Z,2026-09-27T20:07:49Z,DKBW14,AMAGER SYDSTRAND,,,,,,all-stormwater,hoej
2026-09-27T20:11:00Z,2026-09-27T20:07:49Z,DKBW1526,"AMAGER STRANDPARK, ØRESUND",0.3804,0.5512,0.2439,0.5512,1,,middel
2026-09-27T20:11:00Z,2026-09-27T20:07:49Z,DKBW1578,SLUSEHOLMEN HAVNEBAD,0.6703,0.784,0.2439,0.784,1,,hoej
2026-09-27T20:11:00Z,2026-09-27T20:07:49Z,DKBW1667,KALVEBOD BØLGE BADEZONE,0.4008,0.5699,0.2439,0.5699,1,,middel
2026-09-27T20:11:00Z,2026-09-27T20:07:49Z,DKBW4,"KBS, UD FOR HYLDETANGEN",0.6425,0.6978,0.2085,0.6978,0.6682,,middel
2026-09-27T20:11:00Z,2026-09-27T20:07:49Z,DKBW1464,"VALLENSBÆK STRAND, VED SKRUBBEN",,,,,,all-stormwater,hoej
2026-09-27T20:11:00Z,2026-09-27T20:07:49Z,DKBW1590,LODSPARKEN,0.3628,0.5426,0.2439,0.5426,1,,middel
2026-09-27T20:11:00Z,2026-09-27T20:07:49Z,DKBW1593,TAARBÆK HAVN,0.2263,0.1844,0.2439,0.2439,1,,middel
2026-09-27T20:11:00Z,2026-09-27T20:07:49Z,DKBW8,DRAGØR NORDSTRAND,0.0174,0.2106,0.2439,0.2439,1,,middel
2026-09-27T20:11:00Z,2026-09-27T20:07:49Z,DKBW1904,STRANDEN VED VALBYPARKEN,0.3905,0.556,0.2439,0.556,1,,middel
2026-09-27T20:11:00Z,2026-09-27T20:07:49Z,DKBW1913,HVIDOVRE HAVN,0.1836,0.1788,0.2439,0.2439,1,,middel
2026-09-27T20:11:00Z,2026-09-27T20:07:49Z,DKBW32,FREDERIKSDAL FRIBAD,0.5162,0.631,0.3401,0.631,0.5857,,lav
2026-09-27T20:11:00Z,2026-09-27T20:07:49Z,DKBW1527,"AMAGER STRANDPARK, LAGUNEN",0.3853,0.5535,0.2439,0.5535,1,,middel
2026-09-27T20:11:00Z,2026-09-27T20:07:49Z,DKBW1598,SYD FOR KASTRUP LYSTBÅDEHAVN,0.0406,0.3109,0.2439,0.3109,1,,middel
2026-09-27T20:11:00Z,2026-09-27T20:07:49Z,DKBW1629,HALFDANSGADE BADEZONE,0.4065,0.5956,0.2439,0.5956,1,,hoej
2026-09-27T20:11:00Z,2026-09-27T20:07:49Z,DKBW1652,SKOVSHOVED HAVBAD,0.0813,0.0913,0.2439,0.2439,1,,middel
2026-09-27T20:11:00Z,2026-09-27T20:07:49Z,DKBW1656,SØNDRE REFSHALE BADEZONE,0.3573,0.5399,0.2439,0.5399,1,,middel
2026-09-27T20:11:00Z,2026-09-27T20:07:49Z,DKBW1891,SKOVSHOVED SYD,0.1554,0.1723,0.2439,0.2439,1,,middel
2026-09-27T20:11:00Z,2026-09-27T20:07:49Z,DKBW10,"DRAGØR SØBAD, NORD",0,0,0.2439,0.2439,1,,middel
2026-09-27T20:11:00Z,2026-09-27T20:07:49Z,DKBW1528,FISKETORVET HAVNEBAD,0.409,0.6657,0.2439,0.6657,1,,hoej
2026-09-27T20:11:00Z,2026-09-27T20:07:49Z,DKBW1520,"KASTRUP SØBAD, NORD FOR KASTRUP LYSTBÅDEHAVN",0.1982,0.3263,0.2439,0.3263,1,,middel
2026-09-27T20:11:00Z,2026-09-27T20:07:49Z,DKBW1579,SVANEMØLLESTRANDEN,0.3107,0.5156,0.2439,0.5156,1,,middel
2026-09-27T20:11:00Z,2026-09-27T20:07:49Z,DKBW1594,BOMBEGRUNDEN TAARBÆK,0.0684,0.0675,0.2439,0.2439,1,,hoej
2026-09-27T20:11:00Z,2026-09-27T20:07:49Z,DKBW1907,VANDTRAPPEN BADEZONE,0.9883,0.8912,0.2439,0.9883,1,,middel
2026-09-27T20:11:00Z,2026-09-27T20:07:49Z,DKBW1908,BYSKOVEN BADEZONE,0.1937,0.1819,0.2439,0.2439,1,,middel
2026-09-27T20:11:00Z,2026-09-27T20:07:49Z,DKBW20,BELLEVUE STRAND,0.0719,0.074,0.2439,0.2439,1,,hoej
2026-09-27T20:11:00Z,2026-09-27T20:07:49Z,DKBW1772,KVÆSTHUSBROEN,0.3763,0.5492,0.2439,0.5492,1,,middel
2026-09-27T20:11:00Z,2026-09-27T20:07:49Z,DKBW1893,BADEANSTALT I VALLENSBÆK HAVN,,,,,,all-stormwater,hoej
2026-09-27T20:11:00Z,2026-09-27T20:07:49Z,DKBW26,HELLERUP STRAND,0.1731,0.2183,0.2439,0.2439,1,,middel
2026-09-27T20:11:00Z,2026-09-27T20:07:49Z,DKBW1525,ISLANDS BRYGGE HAVNEBAD,0.4019,0.5659,0.2439,0.5659,1,,middel
2026-09-27T20:11:00Z,2026-09-27T20:07:49Z,DKBW1624,HALVANDET BADEZONE,0.3486,0.5356,0.2439,0.5356,1,,middel
2026-09-27T20:11:00Z,2026-09-27T20:07:49Z,DKBW1648,SANDKAJ BADEZONE,0.3314,0.5267,0.2439,0.5267,1,,middel
2026-09-27T20:11:00Z,2026-09-27T20:07:49Z,DKBW1905,HAVNEGADE BADEZONE,0.3827,0.5523,0.2439,0.5523,1,,middel
2026-09-27T20:11:00Z,2026-09-27T20:07:49Z,DKBW1640,HAVNEVIGEN BADEZONE,0.485,0.7046,0.2439,0.7046,1,,hoej
2026-09-27T20:11:00Z,2026-09-27T20:07:49Z,DKBW18,VED KONGELUNDSKROEN,,,,,,all-stormwater,hoej
2026-09-27T20:11:00Z,2026-09-27T20:07:49Z,DKBW1896,LA BANCHINA BADEZONE,0.3582,0.5404,0.2439,0.5404,1,,middel
2026-09-27T20:11:00Z,2026-09-27T20:07:49Z,DKBW1914,MOERTELRENDEN,0.3648,0.5436,0.2439,0.5436,1,,middel
2026-09-27T20:11:00Z,2026-09-27T20:07:49Z,DKBW30,TAARBÆK SØBADEANSTALT,0.2254,0.1842,0.2439,0.2439,1,,middel
2026-09-27T20:17:16Z,2026-09-27T20:07:49Z,DKBW16,SØVANG,,,,,,all-stormwater,hoej
2026-09-27T20:17:16Z,2026-09-27T20:07:49Z,DKBW1906,TEGLHOLM BRYGGE BADEZONE,0.9911,0.892,0.2439,0.9911,1,,middel
2026-09-27T20:17:16Z,2026-09-27T20:07:49Z,DKBW24,CHARLOTTENLUND STRANDPARK,0.1653,0.1758,0.2439,0.2439,1,,middel
2026-09-27T20:17:16Z,2026-09-27T20:07:49Z,DKBW14,AMAGER SYDSTRAND,,,,,,all-stormwater,hoej
2026-09-27T20:17:16Z,2026-09-27T20:07:49Z,DKBW1526,"AMAGER STRANDPARK, ØRESUND",0.3804,0.5512,0.2439,0.5512,1,,middel
2026-09-27T20:17:16Z,2026-09-27T20:07:49Z,DKBW1578,SLUSEHOLMEN HAVNEBAD,0.6703,0.784,0.2439,0.784,1,,hoej
2026-09-27T20:17:16Z,2026-09-27T20:07:49Z,DKBW1667,KALVEBOD BØLGE BADEZONE,0.4008,0.5699,0.2439,0.5699,1,,middel
2026-09-27T20:17:16Z,2026-09-27T20:07:49Z,DKBW4,"KBS, UD FOR HYLDETANGEN",0.6425,0.6978,0.2085,0.6978,0.6682,,middel
2026-09-27T20:17:16Z,2026-09-27T20:07:49Z,DKBW1464,"VALLENSBÆK STRAND, VED SKRUBBEN",,,,,,all-stormwater,hoej
2026-09-27T20:17:16Z,2026-09-27T20:07:49Z,DKBW1590,LODSPARKEN,0.3628,0.5426,0.2439,0.5426,1,,middel
2026-09-27T20:17:16Z,2026-09-27T20:07:49Z,DKBW1593,TAARBÆK HAVN,0.2263,0.1844,0.2439,0.2439,1,,middel
2026-09-27T20:17:16Z,2026-09-27T20:07:49Z,DKBW8,DRAGØR NORDSTRAND,0.0174,0.2106,0.2439,0.2439,1,,middel
2026-09-27T20:17:16Z,2026-09-27T20:07:49Z,DKBW1904,STRANDEN VED VALBYPARKEN,0.3905,0.556,0.2439,0.556,1,,middel
2026-09-27T20:17:16Z,2026-09-27T20:07:49Z,DKBW1913,HVIDOVRE HAVN,0.1836,0.1788,0.2439,0.2439,1,,middel
2026-09-27T20:17:16Z,2026-09-27T20:07:49Z,DKBW32,FREDERIKSDAL FRIBAD,0.5162,0.631,0.3401,0.631,0.5857,,lav
2026-09-27T20:17:16Z,2026-09-27T20:07:49Z,DKBW1527,"AMAGER STRANDPARK, LAGUNEN",0.3853,0.5535,0.2439,0.5535,1,,middel
2026-09-27T20:17:16Z,2026-09-27T20:07:49Z,DKBW1598,SYD FOR KASTRUP LYSTBÅDEHAVN,0.0406,0.3109,0.2439,0.3109,1,,middel
2026-09-27T20:17:16Z,2026-09-27T20:07:49Z,DKBW1629,HALFDANSGADE BADEZONE,0.4065,0.5956,0.2439,0.5956,1,,hoej
2026-09-27T20:17:16Z,2026-09-27T20:07:49Z,DKBW1652,SKOVSHOVED HAVBAD,0.0813,0.0913,0.2439,0.2439,1,,middel
2026-09-27T20:17:16Z,2026-09-27T20:07:49Z,DKBW1656,SØNDRE REFSHALE BADEZONE,0.3573,0.5399,0.2439,0.5399,1,,middel
2026-09-27T20:17:16Z,2026-09-27T20:07:49Z,DKBW1891,SKOVSHOVED SYD,0.1554,0.1723,0.2439,0.2439,1,,middel
2026-09-27T20:17:16Z,2026-09-27T20:07:49Z,DKBW10,"DRAGØR SØBAD, NORD",0,0,0.2439,0.2439,1,,middel
2026-09-27T20:17:16Z,2026-09-27T20:07:49Z,DKBW1528,FISKETORVET HAVNEBAD,0.409,0.6657,0.2439,0.6657,1,,hoej
2026-09-27T20:17:16Z,2026-09-27T20:07:49Z,DKBW1520,"KASTRUP SØBAD, NORD FOR KASTRUP LYSTBÅDEHAVN",0.1982,0.3263,0.2439,0.3263,1,,middel
2026-09-27T20:17:16Z,2026-09-27T20:07:49Z,DKBW1579,SVANEMØLLESTRANDEN,0.3107,0.5156,0.2439,0.5156,1,,middel
2026-09-27T20:17:16Z,2026-09-27T20:07:49Z,DKBW1594,BOMBEGRUNDEN TAARBÆK,0.0684,0.0675,0.2439,0.2439,1,,hoej
2026-09-27T20:17:16Z,2026-09-27T20:07:49Z,DKBW1907,VANDTRAPPEN BADEZONE,0.9883,0.8912,0.2439,0.9883,1,,middel
2026-09-27T20:17:16Z,2026-09-27T20:07:49Z,DKBW1908,BYSKOVEN BADEZONE,0.1937,0.1819,0.2439,0.2439,1,,middel
2026-09-27T20:17:16Z,2026-09-27T20:07:49Z,DKBW20,BELLEVUE STRAND,0.0719,0.074,0.2439,0.2439,1,,hoej
2026-09-27T20:17:16Z,2026-09-27T20:07:49Z,DKBW1772,KVÆSTHUSBROEN,0.3763,0.5492,0.2439,0.5492,1,,middel
2026-09-27T20:17:16Z,2026-09-27T20:07:49Z,DKBW1893,BADEANSTALT I VALLENSBÆK HAVN,,,,,,all-stormwater,hoej
2026-09-27T20:17:16Z,2026-09-27T20:07:49Z,DKBW26,HELLERUP STRAND,0.1731,0.2183,0.2439,0.2439,1,,middel
2026-09-27T20:17:16Z,2026-09-27T20:07:49Z,DKBW1525,ISLANDS BRYGGE HAVNEBAD,0.4019,0.5659,0.2439,0.5659,1,,middel
2026-09-27T20:17:16Z,2026-09-27T20:07:49Z,DKBW1624,HALVANDET BADEZONE,0.3486,0.5356,0.2439,0.5356,1,,middel
2026-09-27T20:17:16Z,2026-09-27T20:07:49Z,DKBW1648,SANDKAJ BADEZONE,0.3314,0.5267,0.2439,0.5267,1,,middel
2026-09-27T20:17:16Z,2026-09-27T20:07:49Z,DKBW1905,HAVNEGADE BADEZONE,0.3827,0.5523,0.2439,0.5523,1,,middel
2026-09-27T20:17:16Z,2026-09-27T20:07:49Z,DKBW1640,HAVNEVIGEN BADEZONE,0.485,0.7046,0.2439,0.7046,1,,hoej
2026-09-27T20:17:16Z,2026-09-27T20:07:49Z,DKBW18,VED KONGELUNDSKROEN,,,,,,all-stormwater,hoej
2026-09-27T20:17:16Z,2026-09-27T20:07:49Z,DKBW1896,LA BANCHINA BADEZONE,0.3582,0.5404,0.2439,0.5404,1,,middel
2026-09-27T20:17:16Z,2026-09-27T20:07:49Z,DKBW1914,MOERTELRENDEN,0.3648,0.5436,0.2439,0.5436,1,,middel
2026-09-27T20:17:16Z,2026-09-27T20:07:49Z,DKBW30,TAARBÆK SØBADEANSTALT,0.2254,0.1842,0.2439,0.2439,1,,middel
2026-09-27T21:17:17Z,2026-09-27T21:07:49Z,DKBW16,SØVANG,,,,,,all-stormwater,hoej
2026-09-27T21:17:17Z,2026-09-27T21:07:49Z,DKBW1906,TEGLHOLM BRYGGE BADEZONE,0.9911,0.892,0.2439,0.9911,1,,middel
2026-09-27T21:17:17Z,2026-09-27T21:07:49Z,DKBW24,CHARLOTTENLUND STRANDPARK,0.1656,0.1759,0.2439,0.2439,1,,middel
2026-09-27T21:17:17Z,2026-09-27T21:07:49Z,DKBW14,AMAGER SYDSTRAND,,,,,,all-stormwater,hoej
2026-09-27T21:17:17Z,2026-09-27T21:07:49Z,DKBW1526,"AMAGER STRANDPARK, ØRESUND",0.3808,0.5514,0.2439,0.5514,1,,middel
2026-09-27T21:17:17Z,2026-09-27T21:07:49Z,DKBW1578,SLUSEHOLMEN HAVNEBAD,0.6413,0.7727,0.2439,0.7727,1,,hoej
2026-09-27T21:17:17Z,2026-09-27T21:07:49Z,DKBW1667,KALVEBOD BØLGE BADEZONE,0.4012,0.5609,0.2439,0.5609,1,,middel
2026-09-27T21:17:17Z,2026-09-27T21:07:49Z,DKBW4,"KBS, UD FOR HYLDETANGEN",0.6425,0.6978,0.2085,0.6978,0.6682,,middel
2026-09-27T21:17:17Z,2026-09-27T21:07:49Z,DKBW1464,"VALLENSBÆK STRAND, VED SKRUBBEN",,,,,,all-stormwater,hoej
2026-09-27T21:17:17Z,2026-09-27T21:07:49Z,DKBW1590,LODSPARKEN,0.3632,0.5429,0.2439,0.5429,1,,middel
2026-09-27T21:17:17Z,2026-09-27T21:07:49Z,DKBW1593,TAARBÆK HAVN,0.2263,0.1844,0.2439,0.2439,1,,middel
2026-09-27T21:17:17Z,2026-09-27T21:07:49Z,DKBW8,DRAGØR NORDSTRAND,0.0174,0.1795,0.2439,0.2439,1,,middel
2026-09-27T21:17:17Z,2026-09-27T21:07:49Z,DKBW1904,STRANDEN VED VALBYPARKEN,0.3909,0.5562,0.2439,0.5562,1,,middel
2026-09-27T21:17:17Z,2026-09-27T21:07:49Z,DKBW1913,HVIDOVRE HAVN,0.1839,0.1789,0.2439,0.2439,1,,middel
2026-09-27T21:17:17Z,2026-09-27T21:07:49Z,DKBW32,FREDERIKSDAL FRIBAD,0.5162,0.631,0.3401,0.631,0.5857,,lav
2026-09-27T21:17:17Z,2026-09-27T21:07:49Z,DKBW1527,"AMAGER STRANDPARK, LAGUNEN",0.3857,0.5537,0.2439,0.5537,1,,middel
2026-09-27T21:17:17Z,2026-09-27T21:07:49Z,DKBW1598,SYD FOR KASTRUP LYSTBÅDEHAVN,0.0285,0.2767,0.2439,0.2767,1,,middel
2026-09-27T21:17:17Z,2026-09-27T21:07:49Z,DKBW1629,HALFDANSGADE BADEZONE,0.4068,0.5695,0.2439,0.5695,1,,hoej
2026-09-27T21:17:17Z,2026-09-27T21:07:49Z,DKBW1652,SKOVSHOVED HAVBAD,0.0813,0.0828,0.2439,0.2439,1,,middel
2026-09-27T21:17:17Z,2026-09-27T21:07:49Z,DKBW1656,SØNDRE REFSHALE BADEZONE,0.3578,0.5402,0.2439,0.5402,1,,middel
2026-09-27T21:17:17Z,2026-09-27T21:07:49Z,DKBW1891,SKOVSHOVED SYD,0.1558,0.1724,0.2439,0.2439,1,,middel
2026-09-27T21:17:17Z,2026-09-27T21:07:49Z,DKBW10,"DRAGØR SØBAD, NORD",0,0,0.2439,0.2439,1,,middel
2026-09-27T21:17:17Z,2026-09-27T21:07:49Z,DKBW1528,FISKETORVET HAVNEBAD,0.4093,0.6443,0.2439,0.6443,1,,hoej
2026-09-27T21:17:17Z,2026-09-27T21:07:49Z,DKBW1520,"KASTRUP SØBAD, NORD FOR KASTRUP LYSTBÅDEHAVN",0.1984,0.292,0.2439,0.292,1,,middel
2026-09-27T21:17:17Z,2026-09-27T21:07:49Z,DKBW1579,SVANEMØLLESTRANDEN,0.3114,0.516,0.2439,0.516,1,,middel
2026-09-27T21:17:17Z,2026-09-27T21:07:49Z,DKBW1594,BOMBEGRUNDEN TAARBÆK,0.0675,0.0628,0.2439,0.2439,1,,hoej
2026-09-27T21:17:17Z,2026-09-27T21:07:49Z,DKBW1907,VANDTRAPPEN BADEZONE,0.9883,0.8912,0.2439,0.9883,1,,middel
2026-09-27T21:17:17Z,2026-09-27T21:07:49Z,DKBW1908,BYSKOVEN BADEZONE,0.1939,0.182,0.2439,0.2439,1,,middel
2026-09-27T21:17:17Z,2026-09-27T21:07:49Z,DKBW20,BELLEVUE STRAND,0.0713,0.0672,0.2439,0.2439,1,,hoej
2026-09-27T21:17:17Z,2026-09-27T21:07:49Z,DKBW1772,KVÆSTHUSBROEN,0.3767,0.5494,0.2439,0.5494,1,,middel
2026-09-27T21:17:17Z,2026-09-27T21:07:49Z,DKBW1893,BADEANSTALT I VALLENSBÆK HAVN,,,,,,all-stormwater,hoej
2026-09-27T21:17:17Z,2026-09-27T21:07:49Z,DKBW26,HELLERUP STRAND,0.1734,0.1868,0.2439,0.2439,1,,middel
2026-09-27T21:17:17Z,2026-09-27T21:07:49Z,DKBW1525,ISLANDS BRYGGE HAVNEBAD,0.4022,0.5614,0.2439,0.5614,1,,middel
2026-09-27T21:17:17Z,2026-09-27T21:07:49Z,DKBW1624,HALVANDET BADEZONE,0.3492,0.5358,0.2439,0.5358,1,,middel
2026-09-27T21:17:17Z,2026-09-27T21:07:49Z,DKBW1648,SANDKAJ BADEZONE,0.332,0.527,0.2439,0.527,1,,middel
2026-09-27T21:17:17Z,2026-09-27T21:07:49Z,DKBW1905,HAVNEGADE BADEZONE,0.3831,0.5525,0.2439,0.5525,1,,middel
2026-09-27T21:17:17Z,2026-09-27T21:07:49Z,DKBW1640,HAVNEVIGEN BADEZONE,0.4477,0.6863,0.2439,0.6863,1,,hoej
2026-09-27T21:17:17Z,2026-09-27T21:07:49Z,DKBW18,VED KONGELUNDSKROEN,,,,,,all-stormwater,hoej
2026-09-27T21:17:17Z,2026-09-27T21:07:49Z,DKBW1896,LA BANCHINA BADEZONE,0.3587,0.5406,0.2439,0.5406,1,,middel
2026-09-27T21:17:17Z,2026-09-27T21:07:49Z,DKBW1914,MOERTELRENDEN,0.3652,0.5438,0.2439,0.5438,1,,middel
2026-09-27T21:17:17Z,2026-09-27T21:07:49Z,DKBW30,TAARBÆK SØBADEANSTALT,0.2254,0.1842,0.2439,0.2439,1,,middel
2026-09-27T22:17:16Z,2026-09-27T22:07:50Z,DKBW16,SØVANG,,,,,,all-stormwater,hoej
2026-09-27T22:17:16Z,2026-09-27T22:07:50Z,DKBW1906,TEGLHOLM BRYGGE BADEZONE,0.9911,0.892,0.2439,0.9911,1,,middel
2026-09-27T22:17:16Z,2026-09-27T22:07:50Z,DKBW24,CHARLOTTENLUND STRANDPARK,0.1659,0.176,0.2439,0.2439,1,,middel
2026-09-27T22:17:16Z,2026-09-27T22:07:50Z,DKBW14,AMAGER SYDSTRAND,,,,,,all-stormwater,hoej
2026-09-27T22:17:16Z,2026-09-27T22:07:50Z,DKBW1526,"AMAGER STRANDPARK, ØRESUND",0.3812,0.5516,0.2439,0.5516,1,,middel
2026-09-27T22:17:16Z,2026-09-27T22:07:50Z,DKBW1578,SLUSEHOLMEN HAVNEBAD,0.5918,0.7525,0.2439,0.7525,1,,hoej
2026-09-27T22:17:16Z,2026-09-27T22:07:50Z,DKBW1667,KALVEBOD BØLGE BADEZONE,0.4014,0.5611,0.2439,0.5611,1,,middel
2026-09-27T22:17:16Z,2026-09-27T22:07:50Z,DKBW4,"KBS, UD FOR HYLDETANGEN",0.6425,0.6978,0.2085,0.6978,0.6682,,middel
2026-09-27T22:17:16Z,2026-09-27T22:07:50Z,DKBW1464,"VALLENSBÆK STRAND, VED SKRUBBEN",,,,,,all-stormwater,hoej
2026-09-27T22:17:16Z,2026-09-27T22:07:50Z,DKBW1590,LODSPARKEN,0.3636,0.5431,0.2439,0.5431,1,,middel
2026-09-27T22:17:16Z,2026-09-27T22:07:50Z,DKBW1593,TAARBÆK HAVN,0.2263,0.1844,0.2439,0.2439,1,,middel
2026-09-27T22:17:16Z,2026-09-27T22:07:50Z,DKBW8,DRAGØR NORDSTRAND,0.0174,0.1342,0.2439,0.2439,1,,middel
2026-09-27T22:17:16Z,2026-09-27T22:07:50Z,DKBW1904,STRANDEN VED VALBYPARKEN,0.3912,0.5563,0.2439,0.5563,1,,middel
2026-09-27T22:17:16Z,2026-09-27T22:07:50Z,DKBW1913,HVIDOVRE HAVN,0.1841,0.1789,0.2439,0.2439,1,,middel
2026-09-27T22:17:16Z,2026-09-27T22:07:50Z,DKBW32,FREDERIKSDAL FRIBAD,0.5162,0.631,0.3401,0.631,0.5857,,lav
2026-09-27T22:17:16Z,2026-09-27T22:07:50Z,DKBW1527,"AMAGER STRANDPARK, LAGUNEN",0.386,0.5539,0.2439,0.5539,1,,middel
2026-09-27T22:17:16Z,2026-09-27T22:07:50Z,DKBW1598,SYD FOR KASTRUP LYSTBÅDEHAVN,0.015,0.2237,0.2439,0.2439,1,,middel
2026-09-27T22:17:16Z,2026-09-27T22:07:50Z,DKBW1629,HALFDANSGADE BADEZONE,0.4071,0.5637,0.2439,0.5637,1,,hoej
2026-09-27T22:17:16Z,2026-09-27T22:07:50Z,DKBW1652,SKOVSHOVED HAVBAD,0.0813,0.076,0.2439,0.2439,1,,middel
2026-09-27T22:17:16Z,2026-09-27T22:07:50Z,DKBW1656,SØNDRE REFSHALE BADEZONE,0.3582,0.5404,0.2439,0.5404,1,,middel
2026-09-27T22:17:16Z,2026-09-27T22:07:50Z,DKBW1891,SKOVSHOVED SYD,0.1561,0.1725,0.2439,0.2439,1,,middel
2026-09-27T22:17:16Z,2026-09-27T22:07:50Z,DKBW10,"DRAGØR SØBAD, NORD",0,0,0.2439,0.2439,1,,middel
2026-09-27T22:17:16Z,2026-09-27T22:07:50Z,DKBW1528,FISKETORVET HAVNEBAD,0.4096,0.6071,0.2439,0.6071,1,,hoej
2026-09-27T22:17:16Z,2026-09-27T22:07:50Z,DKBW1520,"KASTRUP SØBAD, NORD FOR KASTRUP LYSTBÅDEHAVN",0.1986,0.2384,0.2439,0.2439,1,,middel
2026-09-27T22:17:16Z,2026-09-27T22:07:50Z,DKBW1579,SVANEMØLLESTRANDEN,0.3119,0.5163,0.2439,0.5163,1,,middel
2026-09-27T22:17:16Z,2026-09-27T22:07:50Z,DKBW1594,BOMBEGRUNDEN TAARBÆK,0.0664,0.0624,0.2439,0.2439,1,,hoej
2026-09-27T22:17:16Z,2026-09-27T22:07:50Z,DKBW1907,VANDTRAPPEN BADEZONE,0.9883,0.8912,0.2439,0.9883,1,,middel
2026-09-27T22:17:16Z,2026-09-27T22:07:50Z,DKBW1908,BYSKOVEN BADEZONE,0.1941,0.1821,0.2439,0.2439,1,,middel
2026-09-27T22:17:16Z,2026-09-27T22:07:50Z,DKBW20,BELLEVUE STRAND,0.0704,0.0636,0.2439,0.2439,1,,hoej
2026-09-27T22:17:16Z,2026-09-27T22:07:50Z,DKBW1772,KVÆSTHUSBROEN,0.3771,0.5496,0.2439,0.5496,1,,middel
2026-09-27T22:17:16Z,2026-09-27T22:07:50Z,DKBW1893,BADEANSTALT I VALLENSBÆK HAVN,,,,,,all-stormwater,hoej
2026-09-27T22:17:16Z,2026-09-27T22:07:50Z,DKBW26,HELLERUP STRAND,0.1737,0.1787,0.2439,0.2439,1,,middel
2026-09-27T22:17:16Z,2026-09-27T22:07:50Z,DKBW1525,ISLANDS BRYGGE HAVNEBAD,0.4025,0.5615,0.2439,0.5615,1,,middel
2026-09-27T22:17:16Z,2026-09-27T22:07:50Z,DKBW1624,HALVANDET BADEZONE,0.3496,0.5361,0.2439,0.5361,1,,middel
2026-09-27T22:17:16Z,2026-09-27T22:07:50Z,DKBW1648,SANDKAJ BADEZONE,0.3325,0.5273,0.2439,0.5273,1,,middel
2026-09-27T22:17:16Z,2026-09-27T22:07:50Z,DKBW1905,HAVNEGADE BADEZONE,0.3835,0.5527,0.2439,0.5527,1,,middel
2026-09-27T22:17:16Z,2026-09-27T22:07:50Z,DKBW1640,HAVNEVIGEN BADEZONE,0.4252,0.6542,0.2439,0.6542,1,,hoej
2026-09-27T22:17:16Z,2026-09-27T22:07:50Z,DKBW18,VED KONGELUNDSKROEN,,,,,,all-stormwater,hoej
2026-09-27T22:17:16Z,2026-09-27T22:07:50Z,DKBW1896,LA BANCHINA BADEZONE,0.3592,0.5409,0.2439,0.5409,1,,middel
2026-09-27T22:17:16Z,2026-09-27T22:07:50Z,DKBW1914,MOERTELRENDEN,0.3656,0.544,0.2439,0.544,1,,middel
2026-09-27T22:17:16Z,2026-09-27T22:07:50Z,DKBW30,TAARBÆK SØBADEANSTALT,0.2254,0.1842,0.2439,0.2439,1,,middel
2026-09-27T23:05:53Z,2026-09-27T22:52:50Z,DKBW16,SØVANG,,,,,,all-stormwater,hoej
2026-09-27T23:05:53Z,2026-09-27T22:52:50Z,DKBW1906,TEGLHOLM BRYGGE BADEZONE,0.9911,0.892,0.2439,0.9911,1,,middel
2026-09-27T23:05:53Z,2026-09-27T22:52:50Z,DKBW24,CHARLOTTENLUND STRANDPARK,0.1659,0.176,0.2439,0.2439,1,,middel
2026-09-27T23:05:53Z,2026-09-27T22:52:50Z,DKBW14,AMAGER SYDSTRAND,,,,,,all-stormwater,hoej
2026-09-27T23:05:53Z,2026-09-27T22:52:50Z,DKBW1526,"AMAGER STRANDPARK, ØRESUND",0.3811,0.5515,0.2439,0.5515,1,,middel
2026-09-27T23:05:53Z,2026-09-27T22:52:50Z,DKBW1578,SLUSEHOLMEN HAVNEBAD,0.4847,0.7045,0.2439,0.7045,1,,hoej
2026-09-27T23:05:53Z,2026-09-27T22:52:50Z,DKBW1667,KALVEBOD BØLGE BADEZONE,0.4014,0.561,0.2439,0.561,1,,middel
2026-09-27T23:05:53Z,2026-09-27T22:52:50Z,DKBW4,"KBS, UD FOR HYLDETANGEN",0.6425,0.6978,0.2085,0.6978,0.6682,,middel
2026-09-27T23:05:53Z,2026-09-27T22:52:50Z,DKBW1464,"VALLENSBÆK STRAND, VED SKRUBBEN",,,,,,all-stormwater,hoej
2026-09-27T23:05:53Z,2026-09-27T22:52:50Z,DKBW1590,LODSPARKEN,0.3636,0.543,0.2439,0.543,1,,middel
2026-09-27T23:05:53Z,2026-09-27T22:52:50Z,DKBW1593,TAARBÆK HAVN,0.2263,0.1844,0.2439,0.2439,1,,middel
2026-09-27T23:05:53Z,2026-09-27T22:52:50Z,DKBW8,DRAGØR NORDSTRAND,0.0174,0.0142,0.2439,0.2439,1,,middel
2026-09-27T23:05:53Z,2026-09-27T22:52:50Z,DKBW1904,STRANDEN VED VALBYPARKEN,0.3911,0.5563,0.2439,0.5563,1,,middel
2026-09-27T23:05:53Z,2026-09-27T22:52:50Z,DKBW1913,HVIDOVRE HAVN,0.1841,0.1789,0.2439,0.2439,1,,middel
2026-09-27T23:05:53Z,2026-09-27T22:52:50Z,DKBW32,FREDERIKSDAL FRIBAD,0.5162,0.631,0.3401,0.631,0.5857,,lav
2026-09-27T23:05:53Z,2026-09-27T22:52:50Z,DKBW1527,"AMAGER STRANDPARK, LAGUNEN",0.3859,0.5538,0.2439,0.5538,1,,middel
2026-09-27T23:05:53Z,2026-09-27T22:52:50Z,DKBW1598,SYD FOR KASTRUP LYSTBÅDEHAVN,0.0145,0.1321,0.2439,0.2439,1,,middel
2026-09-27T23:05:53Z,2026-09-27T22:52:50Z,DKBW1629,HALFDANSGADE BADEZONE,0.407,0.5636,0.2439,0.5636,1,,hoej
2026-09-27T23:05:53Z,2026-09-27T22:52:50Z,DKBW1652,SKOVSHOVED HAVBAD,0.0813,0.0752,0.2439,0.2439,1,,middel
2026-09-27T23:05:53Z,2026-09-27T22:52:50Z,DKBW1656,SØNDRE REFSHALE BADEZONE,0.3581,0.5403,0.2439,0.5403,1,,middel
2026-09-27T23:05:53Z,2026-09-27T22:52:50Z,DKBW1891,SKOVSHOVED SYD,0.1561,0.1725,0.2439,0.2439,1,,middel
2026-09-27T23:05:53Z,2026-09-27T22:52:50Z,DKBW10,"DRAGØR SØBAD, NORD",0,0,0.2439,0.2439,1,,middel
2026-09-27T23:05:53Z,2026-09-27T22:52:50Z,DKBW1528,FISKETORVET HAVNEBAD,0.4095,0.5648,0.2439,0.5648,1,,hoej
2026-09-27T23:05:53Z,2026-09-27T22:52:50Z,DKBW1520,"KASTRUP SØBAD, NORD FOR KASTRUP LYSTBÅDEHAVN",0.1986,0.1834,0.2439,0.2439,1,,middel
2026-09-27T23:05:53Z,2026-09-27T22:52:50Z,DKBW1579,SVANEMØLLESTRANDEN,0.3118,0.5162,0.2439,0.5162,1,,middel
2026-09-27T23:05:53Z,2026-09-27T22:52:50Z,DKBW1594,BOMBEGRUNDEN TAARBÆK,0.0647,0.0619,0.2439,0.2439,1,,hoej
2026-09-27T23:05:53Z,2026-09-27T22:52:50Z,DKBW1907,VANDTRAPPEN BADEZONE,0.9883,0.8912,0.2439,0.9883,1,,middel
2026-09-27T23:05:53Z,2026-09-27T22:52:50Z,DKBW1908,BYSKOVEN BADEZONE,0.194,0.1821,0.2439,0.2439,1,,middel
2026-09-27T23:05:53Z,2026-09-27T22:52:50Z,DKBW20,BELLEVUE STRAND,0.0691,0.0633,0.2439,0.2439,1,,hoej
2026-09-27T23:05:53Z,2026-09-27T22:52:50Z,DKBW1772,KVÆSTHUSBROEN,0.377,0.5496,0.2439,0.5496,1,,middel
2026-09-27T23:05:53Z,2026-09-27T22:52:50Z,DKBW1893,BADEANSTALT I VALLENSBÆK HAVN,,,,,,all-stormwater,hoej
2026-09-27T23:05:53Z,2026-09-27T22:52:50Z,DKBW26,HELLERUP STRAND,0.1736,0.1787,0.2439,0.2439,1,,middel
2026-09-27T23:05:53Z,2026-09-27T22:52:50Z,DKBW1525,ISLANDS BRYGGE HAVNEBAD,0.4024,0.5615,0.2439,0.5615,1,,middel
2026-09-27T23:05:53Z,2026-09-27T22:52:50Z,DKBW1624,HALVANDET BADEZONE,0.3495,0.536,0.2439,0.536,1,,middel
2026-09-27T23:05:53Z,2026-09-27T22:52:50Z,DKBW1648,SANDKAJ BADEZONE,0.3324,0.5272,0.2439,0.5272,1,,middel
2026-09-27T23:05:53Z,2026-09-27T22:52:50Z,DKBW1905,HAVNEGADE BADEZONE,0.3834,0.5526,0.2439,0.5526,1,,middel
2026-09-27T23:05:53Z,2026-09-27T22:52:50Z,DKBW1640,HAVNEVIGEN BADEZONE,0.4251,0.5808,0.2439,0.5808,1,,hoej
2026-09-27T23:05:53Z,2026-09-27T22:52:50Z,DKBW18,VED KONGELUNDSKROEN,,,,,,all-stormwater,hoej
2026-09-27T23:05:53Z,2026-09-27T22:52:50Z,DKBW1896,LA BANCHINA BADEZONE,0.3591,0.5408,0.2439,0.5408,1,,middel
2026-09-27T23:05:53Z,2026-09-27T22:52:50Z,DKBW1914,MOERTELRENDEN,0.3656,0.544,0.2439,0.544,1,,middel
2026-09-27T23:05:53Z,2026-09-27T22:52:50Z,DKBW30,TAARBÆK SØBADEANSTALT,0.2254,0.1842,0.2439,0.2439,1,,middel
2026-09-27T23:17:15Z,2026-09-27T23:07:49Z,DKBW16,SØVANG,,,,,,all-stormwater,hoej
2026-09-27T23:17:15Z,2026-09-27T23:07:49Z,DKBW1906,TEGLHOLM BRYGGE BADEZONE,0.9911,0.892,0.2439,0.9911,1,,middel
2026-09-27T23:17:15Z,2026-09-27T23:07:49Z,DKBW24,CHARLOTTENLUND STRANDPARK,0.1659,0.176,0.2439,0.2439,1,,middel
2026-09-27T23:17:15Z,2026-09-27T23:07:49Z,DKBW14,AMAGER SYDSTRAND,,,,,,all-stormwater,hoej
2026-09-27T23:17:15Z,2026-09-27T23:07:49Z,DKBW1526,"AMAGER STRANDPARK, ØRESUND",0.3811,0.5515,0.2439,0.5515,1,,middel
2026-09-27T23:17:15Z,2026-09-27T23:07:49Z,DKBW1578,SLUSEHOLMEN HAVNEBAD,0.4847,0.7045,0.2439,0.7045,1,,hoej
2026-09-27T23:17:15Z,2026-09-27T23:07:49Z,DKBW1667,KALVEBOD BØLGE BADEZONE,0.4014,0.561,0.2439,0.561,1,,middel
2026-09-27T23:17:15Z,2026-09-27T23:07:49Z,DKBW4,"KBS, UD FOR HYLDETANGEN",0.6425,0.6978,0.2085,0.6978,0.6682,,middel
2026-09-27T23:17:15Z,2026-09-27T23:07:49Z,DKBW1464,"VALLENSBÆK STRAND, VED SKRUBBEN",,,,,,all-stormwater,hoej
2026-09-27T23:17:15Z,2026-09-27T23:07:49Z,DKBW1590,LODSPARKEN,0.3636,0.543,0.2439,0.543,1,,middel
2026-09-27T23:17:15Z,2026-09-27T23:07:49Z,DKBW1593,TAARBÆK HAVN,0.2263,0.1844,0.2439,0.2439,1,,middel
2026-09-27T23:17:15Z,2026-09-27T23:07:49Z,DKBW8,DRAGØR NORDSTRAND,0.0174,0.0142,0.2439,0.2439,1,,middel
2026-09-27T23:17:15Z,2026-09-27T23:07:49Z,DKBW1904,STRANDEN VED VALBYPARKEN,0.3911,0.5563,0.2439,0.5563,1,,middel
2026-09-27T23:17:15Z,2026-09-27T23:07:49Z,DKBW1913,HVIDOVRE HAVN,0.1841,0.1789,0.2439,0.2439,1,,middel
2026-09-27T23:17:15Z,2026-09-27T23:07:49Z,DKBW32,FREDERIKSDAL FRIBAD,0.5162,0.631,0.3401,0.631,0.5857,,lav
2026-09-27T23:17:15Z,2026-09-27T23:07:49Z,DKBW1527,"AMAGER STRANDPARK, LAGUNEN",0.3859,0.5538,0.2439,0.5538,1,,middel
2026-09-27T23:17:15Z,2026-09-27T23:07:49Z,DKBW1598,SYD FOR KASTRUP LYSTBÅDEHAVN,0.0145,0.1321,0.2439,0.2439,1,,middel
2026-09-27T23:17:15Z,2026-09-27T23:07:49Z,DKBW1629,HALFDANSGADE BADEZONE,0.407,0.5636,0.2439,0.5636,1,,hoej
2026-09-27T23:17:15Z,2026-09-27T23:07:49Z,DKBW1652,SKOVSHOVED HAVBAD,0.0813,0.0752,0.2439,0.2439,1,,middel
2026-09-27T23:17:15Z,2026-09-27T23:07:49Z,DKBW1656,SØNDRE REFSHALE BADEZONE,0.3581,0.5403,0.2439,0.5403,1,,middel
2026-09-27T23:17:15Z,2026-09-27T23:07:49Z,DKBW1891,SKOVSHOVED SYD,0.1561,0.1725,0.2439,0.2439,1,,middel
2026-09-27T23:17:15Z,2026-09-27T23:07:49Z,DKBW10,"DRAGØR SØBAD, NORD",0,0,0.2439,0.2439,1,,middel
2026-09-27T23:17:15Z,2026-09-27T23:07:49Z,DKBW1528,FISKETORVET HAVNEBAD,0.4095,0.5648,0.2439,0.5648,1,,hoej
2026-09-27T23:17:15Z,2026-09-27T23:07:49Z,DKBW1520,"KASTRUP SØBAD, NORD FOR KASTRUP LYSTBÅDEHAVN",0.1986,0.1834,0.2439,0.2439,1,,middel
2026-09-27T23:17:15Z,2026-09-27T23:07:49Z,DKBW1579,SVANEMØLLESTRANDEN,0.3118,0.5162,0.2439,0.5162,1,,middel
2026-09-27T23:17:15Z,2026-09-27T23:07:49Z,DKBW1594,BOMBEGRUNDEN TAARBÆK,0.0647,0.0619,0.2439,0.2439,1,,hoej
2026-09-27T23:17:15Z,2026-09-27T23:07:49Z,DKBW1907,VANDTRAPPEN BADEZONE,0.9883,0.8912,0.2439,0.9883,1,,middel
2026-09-27T23:17:15Z,2026-09-27T23:07:49Z,DKBW1908,BYSKOVEN BADEZONE,0.194,0.1821,0.2439,0.2439,1,,middel
2026-09-27T23:17:15Z,2026-09-27T23:07:49Z,DKBW20,BELLEVUE STRAND,0.0691,0.0633,0.2439,0.2439,1,,hoej
2026-09-27T23:17:15Z,2026-09-27T23:07:49Z,DKBW1772,KVÆSTHUSBROEN,0.377,0.5496,0.2439,0.5496,1,,middel
2026-09-27T23:17:15Z,2026-09-27T23:07:49Z,DKBW1893,BADEANSTALT I VALLENSBÆK HAVN,,,,,,all-stormwater,hoej
2026-09-27T23:17:15Z,2026-09-27T23:07:49Z,DKBW26,HELLERUP STRAND,0.1736,0.1787,0.2439,0.2439,1,,middel
2026-09-27T23:17:15Z,2026-09-27T23:07:49Z,DKBW1525,ISLANDS BRYGGE HAVNEBAD,0.4024,0.5615,0.2439,0.5615,1,,middel
2026-09-27T23:17:15Z,2026-09-27T23:07:49Z,DKBW1624,HALVANDET BADEZONE,0.3495,0.536,0.2439,0.536,1,,middel
2026-09-27T23:17:15Z,2026-09-27T23:07:49Z,DKBW1648,SANDKAJ BADEZONE,0.3324,0.5272,0.2439,0.5272,1,,middel
2026-09-27T23:17:15Z,2026-09-27T23:07:49Z,DKBW1905,HAVNEGADE BADEZONE,0.3834,0.5526,0.2439,0.5526,1,,middel
2026-09-27T23:17:15Z,2026-09-27T23:07:49Z,DKBW1640,HAVNEVIGEN BADEZONE,0.4251,0.5808,0.2439,0.5808,1,,hoej
2026-09-27T23:17:15Z,2026-09-27T23:07:49Z,DKBW18,VED KONGELUNDSKROEN,,,,,,all-stormwater,hoej
2026-09-27T23:17:15Z,2026-09-27T23:07:49Z,DKBW1896,LA BANCHINA BADEZONE,0.3591,0.5408,0.2439,0.5408,1,,middel
2026-09-27T23:17:15Z,2026-09-27T23:07:49Z,DKBW1914,MOERTELRENDEN,0.3656,0.544,0.2439,0.544,1,,middel
2026-09-27T23:17:15Z,2026-09-27T23:07:49Z,DKBW30,TAARBÆK SØBADEANSTALT,0.2254,0.1842,0.2439,0.2439,1,,middel
2026-09-28T00:17:16Z,2026-09-28T00:07:50Z,DKBW16,SØVANG,,,,,,all-stormwater,hoej
2026-09-28T00:17:16Z,2026-09-28T00:07:50Z,DKBW1906,TEGLHOLM BRYGGE BADEZONE,0.9911,0.892,0.2439,0.9911,1,,middel
2026-09-28T00:17:16Z,2026-09-28T00:07:50Z,DKBW24,CHARLOTTENLUND STRANDPARK,0.1649,0.1757,0.2439,0.2439,1,,middel
2026-09-28T00:17:16Z,2026-09-28T00:07:50Z,DKBW14,AMAGER SYDSTRAND,,,,,,all-stormwater,hoej
2026-09-28T00:17:16Z,2026-09-28T00:07:50Z,DKBW1526,"AMAGER STRANDPARK, ØRESUND",0.38,0.551,0.2439,0.551,1,,middel
2026-09-28T00:17:16Z,2026-09-28T00:07:50Z,DKBW1578,SLUSEHOLMEN HAVNEBAD,0.4227,0.5707,0.2439,0.5707,1,,hoej
2026-09-28T00:17:16Z,2026-09-28T00:07:50Z,DKBW1667,KALVEBOD BØLGE BADEZONE,0.4005,0.5606,0.2439,0.5606,1,,middel
2026-09-28T00:17:16Z,2026-09-28T00:07:50Z,DKBW4,"KBS, UD FOR HYLDETANGEN",0.6425,0.6978,0.2085,0.6978,0.6682,,middel
2026-09-28T00:17:16Z,2026-09-28T00:07:50Z,DKBW1464,"VALLENSBÆK STRAND, VED SKRUBBEN",,,,,,all-stormwater,hoej
2026-09-28T00:17:16Z,2026-09-28T00:07:50Z,DKBW1590,LODSPARKEN,0.3622,0.5424,0.2439,0.5424,1,,middel
2026-09-28T00:17:16Z,2026-09-28T00:07:50Z,DKBW1593,TAARBÆK HAVN,0.2556,0.4752,0.2439,0.4752,1,,middel
2026-09-28T00:17:16Z,2026-09-28T00:07:50Z,DKBW8,DRAGØR NORDSTRAND,0.0174,0.0142,0.2439,0.2439,1,,middel
2026-09-28T00:17:16Z,2026-09-28T00:07:50Z,DKBW1904,STRANDEN VED VALBYPARKEN,0.3901,0.5558,0.2439,0.5558,1,,middel
2026-09-28T00:17:16Z,2026-09-28T00:07:50Z,DKBW1913,HVIDOVRE HAVN,0.1833,0.1787,0.2439,0.2439,1,,middel
2026-09-28T00:17:16Z,2026-09-28T00:07:50Z,DKBW32,FREDERIKSDAL FRIBAD,0.5162,0.631,0.3401,0.631,0.5857,,lav
2026-09-28T00:17:16Z,2026-09-28T00:07:50Z,DKBW1527,"AMAGER STRANDPARK, LAGUNEN",0.3849,0.5533,0.2439,0.5533,1,,middel
2026-09-28T00:17:16Z,2026-09-28T00:07:50Z,DKBW1598,SYD FOR KASTRUP LYSTBÅDEHAVN,0.0146,0.043,0.2439,0.2439,1,,middel
2026-09-28T00:17:16Z,2026-09-28T00:07:50Z,DKBW1629,HALFDANSGADE BADEZONE,0.4062,0.5633,0.2439,0.5633,1,,hoej
2026-09-28T00:17:16Z,2026-09-28T00:07:50Z,DKBW1652,SKOVSHOVED HAVBAD,0.0813,0.075,0.2439,0.2439,1,,middel
2026-09-28T00:17:16Z,2026-09-28T00:07:50Z,DKBW1656,SØNDRE REFSHALE BADEZONE,0.3567,0.5396,0.2439,0.5396,1,,middel
2026-09-28T00:17:16Z,2026-09-28T00:07:50Z,DKBW1891,SKOVSHOVED SYD,0.155,0.1721,0.2439,0.2439,1,,middel
2026-09-28T00:17:16Z,2026-09-28T00:07:50Z,DKBW10,"DRAGØR SØBAD, NORD",0,0,0.2439,0.2439,1,,middel
2026-09-28T00:17:16Z,2026-09-28T00:07:50Z,DKBW1528,FISKETORVET HAVNEBAD,0.4087,0.5644,0.2439,0.5644,1,,hoej
2026-09-28T00:17:16Z,2026-09-28T00:07:50Z,DKBW1520,"KASTRUP SØBAD, NORD FOR KASTRUP LYSTBÅDEHAVN",0.198,0.1833,0.2439,0.2439,1,,middel
2026-09-28T00:17:16Z,2026-09-28T00:07:50Z,DKBW1579,SVANEMØLLESTRANDEN,0.31,0.5152,0.2439,0.5152,1,,middel
2026-09-28T00:17:16Z,2026-09-28T00:07:50Z,DKBW1594,BOMBEGRUNDEN TAARBÆK,0.0626,0.0612,0.2439,0.2439,1,,hoej
2026-09-28T00:17:16Z,2026-09-28T00:07:50Z,DKBW1907,VANDTRAPPEN BADEZONE,0.9883,0.8912,0.2439,0.9883,1,,middel
2026-09-28T00:17:16Z,2026-09-28T00:07:50Z,DKBW1908,BYSKOVEN BADEZONE,0.1934,0.1819,0.2439,0.2439,1,,middel
2026-09-28T00:17:16Z,2026-09-28T00:07:50Z,DKBW20,BELLEVUE STRAND,0.0675,0.0628,0.2439,0.2439,1,,hoej
2026-09-28T00:17:16Z,2026-09-28T00:07:50Z,DKBW1772,KVÆSTHUSBROEN,0.3758,0.549,0.2439,0.549,1,,middel
2026-09-28T00:17:16Z,2026-09-28T00:07:50Z,DKBW1893,BADEANSTALT I VALLENSBÆK HAVN,,,,,,all-stormwater,hoej
2026-09-28T00:17:16Z,2026-09-28T00:07:50Z,DKBW26,HELLERUP STRAND,0.1727,0.1784,0.2439,0.2439,1,,middel
2026-09-28T00:17:16Z,2026-09-28T00:07:50Z,DKBW1525,ISLANDS BRYGGE HAVNEBAD,0.4016,0.5611,0.2439,0.5611,1,,middel
2026-09-28T00:17:16Z,2026-09-28T00:07:50Z,DKBW1624,HALVANDET BADEZONE,0.348,0.5353,0.2439,0.5353,1,,middel
2026-09-28T00:17:16Z,2026-09-28T00:07:50Z,DKBW1648,SANDKAJ BADEZONE,0.3308,0.5264,0.2439,0.5264,1,,middel
2026-09-28T00:17:16Z,2026-09-28T00:07:50Z,DKBW1905,HAVNEGADE BADEZONE,0.3823,0.5521,0.2439,0.5521,1,,middel
2026-09-28T00:17:16Z,2026-09-28T00:07:50Z,DKBW1640,HAVNEVIGEN BADEZONE,0.4246,0.5716,0.2439,0.5716,1,,hoej
2026-09-28T00:17:16Z,2026-09-28T00:07:50Z,DKBW18,VED KONGELUNDSKROEN,,,,,,all-stormwater,hoej
2026-09-28T00:17:16Z,2026-09-28T00:07:50Z,DKBW1896,LA BANCHINA BADEZONE,0.3577,0.5401,0.2439,0.5401,1,,middel
2026-09-28T00:17:16Z,2026-09-28T00:07:50Z,DKBW1914,MOERTELRENDEN,0.3642,0.5434,0.2439,0.5434,1,,middel
2026-09-28T00:17:16Z,2026-09-28T00:07:50Z,DKBW30,TAARBÆK SØBADEANSTALT,0.2254,0.1842,0.2439,0.2439,1,,middel
2026-09-28T01:17:17Z,2026-09-28T01:07:50Z,DKBW16,SØVANG,,,,,,all-stormwater,hoej
2026-09-28T01:17:17Z,2026-09-28T01:07:50Z,DKBW1906,TEGLHOLM BRYGGE BADEZONE,0.9911,0.892,0.2439,0.9911,1,,middel
2026-09-28T01:17:17Z,2026-09-28T01:07:50Z,DKBW24,CHARLOTTENLUND STRANDPARK,0.1642,0.1754,0.2439,0.2439,1,,middel
2026-09-28T01:17:17Z,2026-09-28T01:07:50Z,DKBW14,AMAGER SYDSTRAND,,,,,,all-stormwater,hoej
2026-09-28T01:17:17Z,2026-09-28T01:07:50Z,DKBW1526,"AMAGER STRANDPARK, ØRESUND",0.3792,0.5506,0.2439,0.5506,1,,middel
2026-09-28T01:17:17Z,2026-09-28T01:07:50Z,DKBW1578,SLUSEHOLMEN HAVNEBAD,0.4223,0.5705,0.2439,0.5705,1,,hoej
2026-09-28T01:17:17Z,2026-09-28T01:07:50Z,DKBW1667,KALVEBOD BØLGE BADEZONE,0.3999,0.5604,0.2439,0.5604,1,,middel
2026-09-28T01:17:17Z,2026-09-28T01:07:50Z,DKBW4,"KBS, UD FOR HYLDETANGEN",0.6425,0.6978,0.2085,0.6978,0.6682,,middel
2026-09-28T01:17:17Z,2026-09-28T01:07:50Z,DKBW1464,"VALLENSBÆK STRAND, VED SKRUBBEN",,,,,,all-stormwater,hoej
2026-09-28T01:17:17Z,2026-09-28T01:07:50Z,DKBW1590,LODSPARKEN,0.3613,0.5419,0.2439,0.5419,1,,middel
2026-09-28T01:17:17Z,2026-09-28T01:07:50Z,DKBW1593,TAARBÆK HAVN,0.2444,0.4682,0.2439,0.4682,1,,middel
2026-09-28T01:17:17Z,2026-09-28T01:07:50Z,DKBW8,DRAGØR NORDSTRAND,0.0174,0.0142,0.2439,0.2439,1,,middel
2026-09-28T01:17:17Z,2026-09-28T01:07:50Z,DKBW1904,STRANDEN VED VALBYPARKEN,0.3894,0.5555,0.2439,0.5555,1,,middel
2026-09-28T01:17:17Z,2026-09-28T01:07:50Z,DKBW1913,HVIDOVRE HAVN,0.3614,0.542,0.2439,0.542,1,,middel
2026-09-28T01:17:17Z,2026-09-28T01:07:50Z,DKBW32,FREDERIKSDAL FRIBAD,0.5162,0.631,0.3401,0.631,0.5857,,lav
2026-09-28T01:17:17Z,2026-09-28T01:07:50Z,DKBW1527,"AMAGER STRANDPARK, LAGUNEN",0.3841,0.553,0.2439,0.553,1,,middel
2026-09-28T01:17:17Z,2026-09-28T01:07:50Z,DKBW1598,SYD FOR KASTRUP LYSTBÅDEHAVN,0.0145,0.0134,0.2439,0.2439,1,,middel
2026-09-28T01:17:17Z,2026-09-28T01:07:50Z,DKBW1629,HALFDANSGADE BADEZONE,0.4057,0.563,0.2439,0.563,1,,hoej
2026-09-28T01:17:17Z,2026-09-28T01:07:50Z,DKBW1652,SKOVSHOVED HAVBAD,0.0813,0.0749,0.2439,0.2439,1,,middel
2026-09-28T01:17:17Z,2026-09-28T01:07:50Z,DKBW1656,SØNDRE REFSHALE BADEZONE,0.3558,0.5392,0.2439,0.5392,1,,middel
2026-09-28T01:17:17Z,2026-09-28T01:07:50Z,DKBW1891,SKOVSHOVED SYD,0.1543,0.1719,0.2439,0.2439,1,,middel
2026-09-28T01:17:17Z,2026-09-28T01:07:50Z,DKBW10,"DRAGØR SØBAD, NORD",0,0,0.2439,0.2439,1,,middel
2026-09-28T01:17:17Z,2026-09-28T01:07:50Z,DKBW1528,FISKETORVET HAVNEBAD,0.4082,0.5642,0.2439,0.5642,1,,hoej
2026-09-28T01:17:17Z,2026-09-28T01:07:50Z,DKBW1520,"KASTRUP SØBAD, NORD FOR KASTRUP LYSTBÅDEHAVN",0.1976,0.1832,0.2439,0.2439,1,,middel
2026-09-28T01:17:17Z,2026-09-28T01:07:50Z,DKBW1579,SVANEMØLLESTRANDEN,0.3087,0.5145,0.2439,0.5145,1,,middel
2026-09-28T01:17:17Z,2026-09-28T01:07:50Z,DKBW1594,BOMBEGRUNDEN TAARBÆK,0.061,0.0607,0.2439,0.2439,1,,hoej
2026-09-28T01:17:17Z,2026-09-28T01:07:50Z,DKBW1907,VANDTRAPPEN BADEZONE,0.9883,0.8912,0.2439,0.9883,1,,middel
2026-09-28T01:17:17Z,2026-09-28T01:07:50Z,DKBW1908,BYSKOVEN BADEZONE,0.193,0.1817,0.2439,0.2439,1,,middel
2026-09-28T01:17:17Z,2026-09-28T01:07:50Z,DKBW20,BELLEVUE STRAND,0.0662,0.0624,0.2439,0.2439,1,,hoej
2026-09-28T01:17:17Z,2026-09-28T01:07:50Z,DKBW1772,KVÆSTHUSBROEN,0.375,0.5486,0.2439,0.5486,1,,middel
2026-09-28T01:17:17Z,2026-09-28T01:07:50Z,DKBW1893,BADEANSTALT I VALLENSBÆK HAVN,,,,,,all-stormwater,hoej
2026-09-28T01:17:17Z,2026-09-28T01:07:50Z,DKBW26,HELLERUP STRAND,0.1721,0.1782,0.2439,0.2439,1,,middel
2026-09-28T01:17:17Z,2026-09-28T01:07:50Z,DKBW1525,ISLANDS BRYGGE HAVNEBAD,0.401,0.5609,0.2439,0.5609,1,,middel
2026-09-28T01:17:17Z,2026-09-28T01:07:50Z,DKBW1624,HALVANDET BADEZONE,0.347,0.5347,0.2439,0.5347,1,,middel
2026-09-28T01:17:17Z,2026-09-28T01:07:50Z,DKBW1648,SANDKAJ BADEZONE,0.3296,0.5257,0.2439,0.5257,1,,middel
2026-09-28T01:17:17Z,2026-09-28T01:07:50Z,DKBW1905,HAVNEGADE BADEZONE,0.3815,0.5517,0.2439,0.5517,1,,middel
2026-09-28T01:17:17Z,2026-09-28T01:07:50Z,DKBW1640,HAVNEVIGEN BADEZONE,0.4242,0.5714,0.2439,0.5714,1,,hoej
2026-09-28T01:17:17Z,2026-09-28T01:07:50Z,DKBW18,VED KONGELUNDSKROEN,,,,,,all-stormwater,hoej
2026-09-28T01:17:17Z,2026-09-28T01:07:50Z,DKBW1896,LA BANCHINA BADEZONE,0.3567,0.5396,0.2439,0.5396,1,,middel
2026-09-28T01:17:17Z,2026-09-28T01:07:50Z,DKBW1914,MOERTELRENDEN,0.3633,0.5429,0.2439,0.5429,1,,middel
2026-09-28T01:17:17Z,2026-09-28T01:07:50Z,DKBW30,TAARBÆK SØBADEANSTALT,0.2254,0.1842,0.2439,0.2439,1,,middel
2026-09-28T01:42:32Z,2026-09-28T01:37:49Z,DKBW16,SØVANG,,,,,,all-stormwater,hoej
2026-09-28T01:42:32Z,2026-09-28T01:37:49Z,DKBW1906,TEGLHOLM BRYGGE BADEZONE,0.9911,0.892,0.2439,0.9911,1,,middel
2026-09-28T01:42:32Z,2026-09-28T01:37:49Z,DKBW24,CHARLOTTENLUND STRANDPARK,0.1642,0.1754,0.2439,0.2439,1,,middel
2026-09-28T01:42:32Z,2026-09-28T01:37:49Z,DKBW14,AMAGER SYDSTRAND,,,,,,all-stormwater,hoej
2026-09-28T01:42:32Z,2026-09-28T01:37:49Z,DKBW1526,"AMAGER STRANDPARK, ØRESUND",0.3792,0.5506,0.2439,0.5506,1,,middel
2026-09-28T01:42:32Z,2026-09-28T01:37:49Z,DKBW1578,SLUSEHOLMEN HAVNEBAD,0.4223,0.5705,0.2439,0.5705,1,,hoej
2026-09-28T01:42:32Z,2026-09-28T01:37:49Z,DKBW1667,KALVEBOD BØLGE BADEZONE,0.3999,0.5604,0.2439,0.5604,1,,middel
2026-09-28T01:42:32Z,2026-09-28T01:37:49Z,DKBW4,"KBS, UD FOR HYLDETANGEN",0.6425,0.6978,0.2085,0.6978,0.6682,,middel
2026-09-28T01:42:32Z,2026-09-28T01:37:49Z,DKBW1464,"VALLENSBÆK STRAND, VED SKRUBBEN",,,,,,all-stormwater,hoej
2026-09-28T01:42:32Z,2026-09-28T01:37:49Z,DKBW1590,LODSPARKEN,0.3613,0.5419,0.2439,0.5419,1,,middel
2026-09-28T01:42:32Z,2026-09-28T01:37:49Z,DKBW1593,TAARBÆK HAVN,0.2444,0.4682,0.2439,0.4682,1,,middel
2026-09-28T01:42:32Z,2026-09-28T01:37:49Z,DKBW8,DRAGØR NORDSTRAND,0.0174,0.0142,0.2439,0.2439,1,,middel
2026-09-28T01:42:32Z,2026-09-28T01:37:49Z,DKBW1904,STRANDEN VED VALBYPARKEN,0.3894,0.5555,0.2439,0.5555,1,,middel
2026-09-28T01:42:32Z,2026-09-28T01:37:49Z,DKBW1913,HVIDOVRE HAVN,0.3614,0.542,0.2439,0.542,1,,middel
2026-09-28T01:42:32Z,2026-09-28T01:37:49Z,DKBW32,FREDERIKSDAL FRIBAD,0.5162,0.631,0.3401,0.631,0.5857,,lav
2026-09-28T01:42:32Z,2026-09-28T01:37:49Z,DKBW1527,"AMAGER STRANDPARK, LAGUNEN",0.3841,0.553,0.2439,0.553,1,,middel
2026-09-28T01:42:32Z,2026-09-28T01:37:49Z,DKBW1598,SYD FOR KASTRUP LYSTBÅDEHAVN,0.0145,0.0134,0.2439,0.2439,1,,middel
2026-09-28T01:42:32Z,2026-09-28T01:37:49Z,DKBW1629,HALFDANSGADE BADEZONE,0.4057,0.563,0.2439,0.563,1,,hoej
2026-09-28T01:42:32Z,2026-09-28T01:37:49Z,DKBW1652,SKOVSHOVED HAVBAD,0.0813,0.0749,0.2439,0.2439,1,,middel
2026-09-28T01:42:32Z,2026-09-28T01:37:49Z,DKBW1656,SØNDRE REFSHALE BADEZONE,0.3558,0.5392,0.2439,0.5392,1,,middel
2026-09-28T01:42:32Z,2026-09-28T01:37:49Z,DKBW1891,SKOVSHOVED SYD,0.1543,0.1719,0.2439,0.2439,1,,middel
2026-09-28T01:42:32Z,2026-09-28T01:37:49Z,DKBW10,"DRAGØR SØBAD, NORD",0,0,0.2439,0.2439,1,,middel
2026-09-28T01:42:32Z,2026-09-28T01:37:49Z,DKBW1528,FISKETORVET HAVNEBAD,0.4082,0.5642,0.2439,0.5642,1,,hoej
2026-09-28T01:42:32Z,2026-09-28T01:37:49Z,DKBW1520,"KASTRUP SØBAD, NORD FOR KASTRUP LYSTBÅDEHAVN",0.1976,0.1832,0.2439,0.2439,1,,middel
2026-09-28T01:42:32Z,2026-09-28T01:37:49Z,DKBW1579,SVANEMØLLESTRANDEN,0.3087,0.5145,0.2439,0.5145,1,,middel
2026-09-28T01:42:32Z,2026-09-28T01:37:49Z,DKBW1594,BOMBEGRUNDEN TAARBÆK,0.061,0.0607,0.2439,0.2439,1,,hoej
2026-09-28T01:42:32Z,2026-09-28T01:37:49Z,DKBW1907,VANDTRAPPEN BADEZONE,0.9883,0.8912,0.2439,0.9883,1,,middel
2026-09-28T01:42:32Z,2026-09-28T01:37:49Z,DKBW1908,BYSKOVEN BADEZONE,0.193,0.1817,0.2439,0.2439,1,,middel
2026-09-28T01:42:32Z,2026-09-28T01:37:49Z,DKBW20,BELLEVUE STRAND,0.0662,0.0624,0.2439,0.2439,1,,hoej
2026-09-28T01:42:32Z,2026-09-28T01:37:49Z,DKBW1772,KVÆSTHUSBROEN,0.375,0.5486,0.2439,0.5486,1,,middel
2026-09-28T01:42:32Z,2026-09-28T01:37:49Z,DKBW1893,BADEANSTALT I VALLENSBÆK HAVN,,,,,,all-stormwater,hoej
2026-09-28T01:42:32Z,2026-09-28T01:37:49Z,DKBW26,HELLERUP STRAND,0.1721,0.1782,0.2439,0.2439,1,,middel
2026-09-28T01:42:32Z,2026-09-28T01:37:49Z,DKBW1525,ISLANDS BRYGGE HAVNEBAD,0.401,0.5609,0.2439,0.5609,1,,middel
2026-09-28T01:42:32Z,2026-09-28T01:37:49Z,DKBW1624,HALVANDET BADEZONE,0.347,0.5347,0.2439,0.5347,1,,middel
2026-09-28T01:42:32Z,2026-09-28T01:37:49Z,DKBW1648,SANDKAJ BADEZONE,0.3296,0.5257,0.2439,0.5257,1,,middel
2026-09-28T01:42:32Z,2026-09-28T01:37:49Z,DKBW1905,HAVNEGADE BADEZONE,0.3815,0.5517,0.2439,0.5517,1,,middel
2026-09-28T01:42:32Z,2026-09-28T01:37:49Z,DKBW1640,HAVNEVIGEN BADEZONE,0.4242,0.5714,0.2439,0.5714,1,,hoej
2026-09-28T01:42:32Z,2026-09-28T01:37:49Z,DKBW18,VED KONGELUNDSKROEN,,,,,,all-stormwater,hoej
2026-09-28T01:42:32Z,2026-09-28T01:37:49Z,DKBW1896,LA BANCHINA BADEZONE,0.3567,0.5396,0.2439,0.5396,1,,middel
2026-09-28T01:42:32Z,2026-09-28T01:37:49Z,DKBW1914,MOERTELRENDEN,0.3633,0.5429,0.2439,0.5429,1,,middel
2026-09-28T01:42:32Z,2026-09-28T01:37:49Z,DKBW30,TAARBÆK SØBADEANSTALT,0.2254,0.1842,0.2439,0.2439,1,,middel
2026-09-28T02:17:16Z,2026-09-28T02:07:49Z,DKBW16,SØVANG,,,,,,all-stormwater,hoej
2026-09-28T02:17:16Z,2026-09-28T02:07:49Z,DKBW1906,TEGLHOLM BRYGGE BADEZONE,0.9911,0.892,0.2439,0.9911,1,,middel
2026-09-28T02:17:16Z,2026-09-28T02:07:49Z,DKBW24,CHARLOTTENLUND STRANDPARK,0.1633,0.1751,0.2439,0.2439,1,,middel
2026-09-28T02:17:16Z,2026-09-28T02:07:49Z,DKBW14,AMAGER SYDSTRAND,,,,,,all-stormwater,hoej
2026-09-28T02:17:16Z,2026-09-28T02:07:49Z,DKBW1526,"AMAGER STRANDPARK, ØRESUND",0.3781,0.5501,0.2439,0.5501,1,,middel
2026-09-28T02:17:16Z,2026-09-28T02:07:49Z,DKBW1578,SLUSEHOLMEN HAVNEBAD,0.4217,0.5703,0.2439,0.5703,1,,hoej
2026-09-28T02:17:16Z,2026-09-28T02:07:49Z,DKBW1667,KALVEBOD BØLGE BADEZONE,0.3991,0.56,0.2439,0.56,1,,middel
2026-09-28T02:17:16Z,2026-09-28T02:07:49Z,DKBW4,"KBS, UD FOR HYLDETANGEN",0.6425,0.6978,0.2085,0.6978,0.6682,,middel
2026-09-28T02:17:16Z,2026-09-28T02:07:49Z,DKBW1464,"VALLENSBÆK STRAND, VED SKRUBBEN",,,,,,all-stormwater,hoej
2026-09-28T02:17:16Z,2026-09-28T02:07:49Z,DKBW1590,LODSPARKEN,0.3601,0.5413,0.2439,0.5413,1,,middel
2026-09-28T02:17:16Z,2026-09-28T02:07:49Z,DKBW1593,TAARBÆK HAVN,0.2362,0.463,0.2439,0.463,1,,middel
2026-09-28T02:17:16Z,2026-09-28T02:07:49Z,DKBW8,DRAGØR NORDSTRAND,0.0174,0.0142,0.2439,0.2439,1,,middel
2026-09-28T02:17:16Z,2026-09-28T02:07:49Z,DKBW1904,STRANDEN VED VALBYPARKEN,0.3885,0.5551,0.2439,0.5551,1,,middel
2026-09-28T02:17:16Z,2026-09-28T02:07:49Z,DKBW1913,HVIDOVRE HAVN,0.3602,0.5413,0.2439,0.5413,1,,middel
2026-09-28T02:17:16Z,2026-09-28T02:07:49Z,DKBW32,FREDERIKSDAL FRIBAD,0.5162,0.631,0.3401,0.631,0.5857,,lav
2026-09-28T02:17:16Z,2026-09-28T02:07:49Z,DKBW1527,"AMAGER STRANDPARK, LAGUNEN",0.3832,0.5525,0.2439,0.5525,1,,middel
2026-09-28T02:17:16Z,2026-09-28T02:07:49Z,DKBW1598,SYD FOR KASTRUP LYSTBÅDEHAVN,0.0145,0.0134,0.2439,0.2439,1,,middel
2026-09-28T02:17:16Z,2026-09-28T02:07:49Z,DKBW1629,HALFDANSGADE BADEZONE,0.405,0.5627,0.2439,0.5627,1,,hoej
2026-09-28T02:17:16Z,2026-09-28T02:07:49Z,DKBW1652,SKOVSHOVED HAVBAD,0.0813,0.0748,0.2439,0.2439,1,,middel
2026-09-28T02:17:16Z,2026-09-28T02:07:49Z,DKBW1656,SØNDRE REFSHALE BADEZONE,0.3545,0.5385,0.2439,0.5385,1,,middel
2026-09-28T02:17:16Z,2026-09-28T02:07:49Z,DKBW1891,SKOVSHOVED SYD,0.1533,0.1715,0.2439,0.2439,1,,middel
2026-09-28T02:17:16Z,2026-09-28T02:07:49Z,DKBW10,"DRAGØR SØBAD, NORD",0,0,0.2439,0.2439,1,,middel
2026-09-28T02:17:16Z,2026-09-28T02:07:49Z,DKBW1528,FISKETORVET HAVNEBAD,0.4075,0.5639,0.2439,0.5639,1,,hoej
2026-09-28T02:17:16Z,2026-09-28T02:07:49Z,DKBW1520,"KASTRUP SØBAD, NORD FOR KASTRUP LYSTBÅDEHAVN",0.1971,0.183,0.2439,0.2439,1,,middel
2026-09-28T02:17:16Z,2026-09-28T02:07:49Z,DKBW1579,SVANEMØLLESTRANDEN,0.3069,0.5135,0.2439,0.5135,1,,middel
2026-09-28T02:17:16Z,2026-09-28T02:07:49Z,DKBW1594,BOMBEGRUNDEN TAARBÆK,0.0597,0.0603,0.2439,0.2439,1,,hoej
2026-09-28T02:17:16Z,2026-09-28T02:07:49Z,DKBW1907,VANDTRAPPEN BADEZONE,0.9883,0.8912,0.2439,0.9883,1,,middel
2026-09-28T02:17:16Z,2026-09-28T02:07:49Z,DKBW1908,BYSKOVEN BADEZONE,0.1925,0.1816,0.2439,0.2439,1,,middel
2026-09-28T02:17:16Z,2026-09-28T02:07:49Z,DKBW20,BELLEVUE STRAND,0.0653,0.0621,0.2439,0.2439,1,,hoej
2026-09-28T02:17:16Z,2026-09-28T02:07:49Z,DKBW1772,KVÆSTHUSBROEN,0.3739,0.5481,0.2439,0.5481,1,,middel
2026-09-28T02:17:16Z,2026-09-28T02:07:49Z,DKBW1893,BADEANSTALT I VALLENSBÆK HAVN,,,,,,all-stormwater,hoej
2026-09-28T02:17:16Z,2026-09-28T02:07:49Z,DKBW26,HELLERUP STRAND,0.1713,0.1779,0.2439,0.2439,1,,middel
2026-09-28T02:17:16Z,2026-09-28T02:07:49Z,DKBW1525,ISLANDS BRYGGE HAVNEBAD,0.4002,0.5605,0.2439,0.5605,1,,middel
2026-09-28T02:17:16Z,2026-09-28T02:07:49Z,DKBW1624,HALVANDET BADEZONE,0.3456,0.534,0.2439,0.534,1,,middel
2026-09-28T02:17:16Z,2026-09-28T02:07:49Z,DKBW1648,SANDKAJ BADEZONE,0.3281,0.5249,0.2439,0.5249,1,,middel
2026-09-28T02:17:16Z,2026-09-28T02:07:49Z,DKBW1905,HAVNEGADE BADEZONE,0.3805,0.5513,0.2439,0.5513,1,,middel
2026-09-28T02:17:16Z,2026-09-28T02:07:49Z,DKBW1640,HAVNEVIGEN BADEZONE,0.4237,0.5712,0.2439,0.5712,1,,hoej
2026-09-28T02:17:16Z,2026-09-28T02:07:49Z,DKBW18,VED KONGELUNDSKROEN,,,,,,all-stormwater,hoej
2026-09-28T02:17:16Z,2026-09-28T02:07:49Z,DKBW1896,LA BANCHINA BADEZONE,0.3555,0.539,0.2439,0.539,1,,middel
2026-09-28T02:17:16Z,2026-09-28T02:07:49Z,DKBW1914,MOERTELRENDEN,0.3621,0.5423,0.2439,0.5423,1,,middel
2026-09-28T02:17:16Z,2026-09-28T02:07:49Z,DKBW30,TAARBÆK SØBADEANSTALT,0.2254,0.1842,0.2439,0.2439,1,,middel
2026-09-28T03:17:14Z,2026-09-28T03:07:49Z,DKBW16,SØVANG,,,,,,all-stormwater,hoej
2026-09-28T03:17:14Z,2026-09-28T03:07:49Z,DKBW1906,TEGLHOLM BRYGGE BADEZONE,0.9911,0.892,0.2439,0.9911,1,,middel
2026-09-28T03:17:14Z,2026-09-28T03:07:49Z,DKBW24,CHARLOTTENLUND STRANDPARK,0.1616,0.1745,0.2439,0.2439,1,,middel
2026-09-28T03:17:14Z,2026-09-28T03:07:49Z,DKBW14,AMAGER SYDSTRAND,,,,,,all-stormwater,hoej
2026-09-28T03:17:14Z,2026-09-28T03:07:49Z,DKBW1526,"AMAGER STRANDPARK, ØRESUND",0.3762,0.5492,0.2439,0.5492,1,,middel
2026-09-28T03:17:14Z,2026-09-28T03:07:49Z,DKBW1578,SLUSEHOLMEN HAVNEBAD,0.4207,0.5698,0.2439,0.5698,1,,hoej
2026-09-28T03:17:14Z,2026-09-28T03:07:49Z,DKBW1667,KALVEBOD BØLGE BADEZONE,0.3976,0.5593,0.2439,0.5593,1,,middel
2026-09-28T03:17:14Z,2026-09-28T03:07:49Z,DKBW4,"KBS, UD FOR HYLDETANGEN",0.6425,0.6978,0.2085,0.6978,0.6682,,middel
2026-09-28T03:17:14Z,2026-09-28T03:07:49Z,DKBW1464,"VALLENSBÆK STRAND, VED SKRUBBEN",,,,,,all-stormwater,hoej
2026-09-28T03:17:14Z,2026-09-28T03:07:49Z,DKBW1590,LODSPARKEN,0.3578,0.5402,0.2439,0.5402,1,,middel
2026-09-28T03:17:14Z,2026-09-28T03:07:49Z,DKBW1593,TAARBÆK HAVN,0.2263,0.1844,0.2439,0.2439,1,,middel
2026-09-28T03:17:14Z,2026-09-28T03:07:49Z,DKBW8,DRAGØR NORDSTRAND,0.0174,0.0142,0.2439,0.2439,1,,middel
2026-09-28T03:17:14Z,2026-09-28T03:07:49Z,DKBW1904,STRANDEN VED VALBYPARKEN,0.3868,0.5542,0.2439,0.5542,1,,middel
2026-09-28T03:17:14Z,2026-09-28T03:07:49Z,DKBW1913,HVIDOVRE HAVN,0.3579,0.5402,0.2439,0.5402,1,,middel
2026-09-28T03:17:14Z,2026-09-28T03:07:49Z,DKBW32,FREDERIKSDAL FRIBAD,0.5162,0.631,0.3401,0.631,0.5857,,lav
2026-09-28T03:17:14Z,2026-09-28T03:07:49Z,DKBW1527,"AMAGER STRANDPARK, LAGUNEN",0.3813,0.5516,0.2439,0.5516,1,,middel
2026-09-28T03:17:14Z,2026-09-28T03:07:49Z,DKBW1598,SYD FOR KASTRUP LYSTBÅDEHAVN,0.0144,0.0134,0.2439,0.2439,1,,middel
2026-09-28T03:17:14Z,2026-09-28T03:07:49Z,DKBW1629,HALFDANSGADE BADEZONE,0.4036,0.5621,0.2439,0.5621,1,,hoej
2026-09-28T03:17:14Z,2026-09-28T03:07:49Z,DKBW1652,SKOVSHOVED HAVBAD,0.0813,0.0745,0.2439,0.2439,1,,middel
2026-09-28T03:17:14Z,2026-09-28T03:07:49Z,DKBW1656,SØNDRE REFSHALE BADEZONE,0.3521,0.5373,0.2439,0.5373,1,,middel
2026-09-28T03:17:14Z,2026-09-28T03:07:49Z,DKBW1891,SKOVSHOVED SYD,0.1515,0.1708,0.2439,0.2439,1,,middel
2026-09-28T03:17:14Z,2026-09-28T03:07:49Z,DKBW10,"DRAGØR SØBAD, NORD",0,0,0.2439,0.2439,1,,middel
2026-09-28T03:17:14Z,2026-09-28T03:07:49Z,DKBW1528,FISKETORVET HAVNEBAD,0.4062,0.5633,0.2439,0.5633,1,,hoej
2026-09-28T03:17:14Z,2026-09-28T03:07:49Z,DKBW1520,"KASTRUP SØBAD, NORD FOR KASTRUP LYSTBÅDEHAVN",0.1962,0.1827,0.2439,0.2439,1,,middel
2026-09-28T03:17:14Z,2026-09-28T03:07:49Z,DKBW1579,SVANEMØLLESTRANDEN,0.3037,0.5117,0.2439,0.5117,1,,middel
2026-09-28T03:17:14Z,2026-09-28T03:07:49Z,DKBW1594,BOMBEGRUNDEN TAARBÆK,0.0578,0.0597,0.2439,0.2439,1,,hoej
2026-09-28T03:17:14Z,2026-09-28T03:07:49Z,DKBW1907,VANDTRAPPEN BADEZONE,0.9883,0.8912,0.2439,0.9883,1,,middel
2026-09-28T03:17:14Z,2026-09-28T03:07:49Z,DKBW1908,BYSKOVEN BADEZONE,0.1914,0.1812,0.2439,0.2439,1,,middel
2026-09-28T03:17:14Z,2026-09-28T03:07:49Z,DKBW20,BELLEVUE STRAND,0.0638,0.0616,0.2439,0.2439,1,,hoej
2026-09-28T03:17:14Z,2026-09-28T03:07:49Z,DKBW1772,KVÆSTHUSBROEN,0.3719,0.5471,0.2439,0.5471,1,,middel
2026-09-28T03:17:14Z,2026-09-28T03:07:49Z,DKBW1893,BADEANSTALT I VALLENSBÆK HAVN,,,,,,all-stormwater,hoej
2026-09-28T03:17:14Z,2026-09-28T03:07:49Z,DKBW26,HELLERUP STRAND,0.1697,0.1774,0.2439,0.2439,1,,middel
2026-09-28T03:17:14Z,2026-09-28T03:07:49Z,DKBW1525,ISLANDS BRYGGE HAVNEBAD,0.3987,0.5598,0.2439,0.5598,1,,middel
2026-09-28T03:17:14Z,2026-09-28T03:07:49Z,DKBW1624,HALVANDET BADEZONE,0.343,0.5327,0.2439,0.5327,1,,middel
2026-09-28T03:17:14Z,2026-09-28T03:07:49Z,DKBW1648,SANDKAJ BADEZONE,0.3252,0.5234,0.2439,0.5234,1,,middel
2026-09-28T03:17:14Z,2026-09-28T03:07:49Z,DKBW1905,HAVNEGADE BADEZONE,0.3786,0.5503,0.2439,0.5503,1,,middel
2026-09-28T03:17:14Z,2026-09-28T03:07:49Z,DKBW1640,HAVNEVIGEN BADEZONE,0.4228,0.5707,0.2439,0.5707,1,,hoej
2026-09-28T03:17:14Z,2026-09-28T03:07:49Z,DKBW18,VED KONGELUNDSKROEN,,,,,,all-stormwater,hoej
2026-09-28T03:17:14Z,2026-09-28T03:07:49Z,DKBW1896,LA BANCHINA BADEZONE,0.3531,0.5378,0.2439,0.5378,1,,middel
2026-09-28T03:17:14Z,2026-09-28T03:07:49Z,DKBW1914,MOERTELRENDEN,0.3599,0.5412,0.2439,0.5412,1,,middel
2026-09-28T03:17:14Z,2026-09-28T03:07:49Z,DKBW30,TAARBÆK SØBADEANSTALT,0.2254,0.1842,0.2439,0.2439,1,,middel
2026-09-28T04:17:16Z,2026-09-28T04:07:49Z,DKBW16,SØVANG,,,,,,all-stormwater,hoej
2026-09-28T04:17:16Z,2026-09-28T04:07:49Z,DKBW1906,TEGLHOLM BRYGGE BADEZONE,0.9911,0.892,0.2439,0.9911,1,,middel
2026-09-28T04:17:16Z,2026-09-28T04:07:49Z,DKBW24,CHARLOTTENLUND STRANDPARK,0.16,0.174,0.2439,0.2439,1,,middel
2026-09-28T04:17:16Z,2026-09-28T04:07:49Z,DKBW14,AMAGER SYDSTRAND,,,,,,all-stormwater,hoej
2026-09-28T04:17:16Z,2026-09-28T04:07:49Z,DKBW1526,"AMAGER STRANDPARK, ØRESUND",0.3743,0.5483,0.2439,0.5483,1,,middel
2026-09-28T04:17:16Z,2026-09-28T04:07:49Z,DKBW1578,SLUSEHOLMEN HAVNEBAD,0.4198,0.5694,0.2439,0.5694,1,,hoej
2026-09-28T04:17:16Z,2026-09-28T04:07:49Z,DKBW1667,KALVEBOD BØLGE BADEZONE,0.3961,0.5586,0.2439,0.5586,1,,middel
2026-09-28T04:17:16Z,2026-09-28T04:07:49Z,DKBW4,"KBS, UD FOR HYLDETANGEN",0.6425,0.6978,0.2085,0.6978,0.6682,,middel
2026-09-28T04:17:16Z,2026-09-28T04:07:49Z,DKBW1464,"VALLENSBÆK STRAND, VED SKRUBBEN",,,,,,all-stormwater,hoej
2026-09-28T04:17:16Z,2026-09-28T04:07:49Z,DKBW1590,LODSPARKEN,0.3555,0.539,0.2439,0.539,1,,middel
2026-09-28T04:17:16Z,2026-09-28T04:07:49Z,DKBW1593,TAARBÆK HAVN,0.2263,0.1844,0.2439,0.2439,1,,middel
2026-09-28T04:17:16Z,2026-09-28T04:07:49Z,DKBW8,DRAGØR NORDSTRAND,0.0174,0.0142,0.2439,0.2439,1,,middel
2026-09-28T04:17:16Z,2026-09-28T04:07:49Z,DKBW1904,STRANDEN VED VALBYPARKEN,0.3851,0.5534,0.2439,0.5534,1,,middel
2026-09-28T04:17:16Z,2026-09-28T04:07:49Z,DKBW1913,HVIDOVRE HAVN,0.1798,0.1775,0.2439,0.2439,1,,middel
2026-09-28T04:17:16Z,2026-09-28T04:07:49Z,DKBW32,FREDERIKSDAL FRIBAD,0.5162,0.631,0.3401,0.631,0.5857,,lav
2026-09-28T04:17:16Z,2026-09-28T04:07:49Z,DKBW1527,"AMAGER STRANDPARK, LAGUNEN",0.3795,0.5508,0.2439,0.5508,1,,middel
2026-09-28T04:17:16Z,2026-09-28T04:07:49Z,DKBW1598,SYD FOR KASTRUP LYSTBÅDEHAVN,0.0142,0.0133,0.2439,0.2439,1,,middel
2026-09-28T04:17:16Z,2026-09-28T04:07:49Z,DKBW1629,HALFDANSGADE BADEZONE,0.4022,0.5614,0.2439,0.5614,1,,hoej
2026-09-28T04:17:16Z,2026-09-28T04:07:49Z,DKBW1652,SKOVSHOVED HAVBAD,0.0813,0.0743,0.2439,0.2439,1,,middel
2026-09-28T04:17:16Z,2026-09-28T04:07:49Z,DKBW1656,SØNDRE REFSHALE BADEZONE,0.3497,0.5361,0.2439,0.5361,1,,middel
2026-09-28T04:17:16Z,2026-09-28T04:07:49Z,DKBW1891,SKOVSHOVED SYD,0.1497,0.1702,0.2439,0.2439,1,,middel
2026-09-28T04:17:16Z,2026-09-28T04:07:49Z,DKBW10,"DRAGØR SØBAD, NORD",0,0,0.2439,0.2439,1,,middel
2026-09-28T04:17:16Z,2026-09-28T04:07:49Z,DKBW1528,FISKETORVET HAVNEBAD,0.4049,0.5627,0.2439,0.5627,1,,hoej
2026-09-28T04:17:16Z,2026-09-28T04:07:49Z,DKBW1520,"KASTRUP SØBAD, NORD FOR KASTRUP LYSTBÅDEHAVN",0.1953,0.1824,0.2439,0.2439,1,,middel
2026-09-28T04:17:16Z,2026-09-28T04:07:49Z,DKBW1579,SVANEMØLLESTRANDEN,0.3006,0.51,0.2439,0.51,1,,middel
2026-09-28T04:17:16Z,2026-09-28T04:07:49Z,DKBW1594,BOMBEGRUNDEN TAARBÆK,0.0556,0.0589,0.2439,0.2439,1,,hoej
2026-09-28T04:17:16Z,2026-09-28T04:07:49Z,DKBW1907,VANDTRAPPEN BADEZONE,0.9883,0.8912,0.2439,0.9883,1,,middel
2026-09-28T04:17:16Z,2026-09-28T04:07:49Z,DKBW1908,BYSKOVEN BADEZONE,0.1904,0.1809,0.2439,0.2439,1,,middel
2026-09-28T04:17:16Z,2026-09-28T04:07:49Z,DKBW20,BELLEVUE STRAND,0.062,0.061,0.2439,0.2439,1,,hoej
2026-09-28T04:17:16Z,2026-09-28T04:07:49Z,DKBW1772,KVÆSTHUSBROEN,0.3699,0.5461,0.2439,0.5461,1,,middel
2026-09-28T04:17:16Z,2026-09-28T04:07:49Z,DKBW1893,BADEANSTALT I VALLENSBÆK HAVN,,,,,,all-stormwater,hoej
2026-09-28T04:17:16Z,2026-09-28T04:07:49Z,DKBW26,HELLERUP STRAND,0.1682,0.1769,0.2439,0.2439,1,,middel
2026-09-28T04:17:16Z,2026-09-28T04:07:49Z,DKBW1525,ISLANDS BRYGGE HAVNEBAD,0.3973,0.5591,0.2439,0.5591,1,,middel
2026-09-28T04:17:16Z,2026-09-28T04:07:49Z,DKBW1624,HALVANDET BADEZONE,0.3405,0.5314,0.2439,0.5314,1,,middel
2026-09-28T04:17:16Z,2026-09-28T04:07:49Z,DKBW1648,SANDKAJ BADEZONE,0.3224,0.5219,0.2439,0.5219,1,,middel
2026-09-28T04:17:16Z,2026-09-28T04:07:49Z,DKBW1905,HAVNEGADE BADEZONE,0.3768,0.5495,0.2439,0.5495,1,,middel
2026-09-28T04:17:16Z,2026-09-28T04:07:49Z,DKBW1640,HAVNEVIGEN BADEZONE,0.4219,0.5703,0.2439,0.5703,1,,hoej
2026-09-28T04:17:16Z,2026-09-28T04:07:49Z,DKBW18,VED KONGELUNDSKROEN,,,,,,all-stormwater,hoej
2026-09-28T04:17:16Z,2026-09-28T04:07:49Z,DKBW1896,LA BANCHINA BADEZONE,0.3507,0.5366,0.2439,0.5366,1,,middel
2026-09-28T04:17:16Z,2026-09-28T04:07:49Z,DKBW1914,MOERTELRENDEN,0.3577,0.5401,0.2439,0.5401,1,,middel
2026-09-28T04:17:16Z,2026-09-28T04:07:49Z,DKBW30,TAARBÆK SØBADEANSTALT,0.2254,0.1842,0.2439,0.2439,1,,middel
2026-09-28T05:17:16Z,2026-09-28T05:07:49Z,DKBW16,SØVANG,,,,,,all-stormwater,hoej
2026-09-28T05:17:16Z,2026-09-28T05:07:49Z,DKBW1906,TEGLHOLM BRYGGE BADEZONE,0.9911,0.892,0.2439,0.9911,1,,middel
2026-09-28T05:17:16Z,2026-09-28T05:07:49Z,DKBW24,CHARLOTTENLUND STRANDPARK,0.1598,0.1734,0.2439,0.2439,1,,middel
2026-09-28T05:17:16Z,2026-09-28T05:07:49Z,DKBW14,AMAGER SYDSTRAND,,,,,,all-stormwater,hoej
2026-09-28T05:17:16Z,2026-09-28T05:07:49Z,DKBW1526,"AMAGER STRANDPARK, ØRESUND",0.3725,0.5474,0.2439,0.5474,1,,middel
2026-09-28T05:17:16Z,2026-09-28T05:07:49Z,DKBW1578,SLUSEHOLMEN HAVNEBAD,0.4188,0.569,0.2439,0.569,1,,hoej
2026-09-28T05:17:16Z,2026-09-28T05:07:49Z,DKBW1667,KALVEBOD BØLGE BADEZONE,0.3947,0.558,0.2439,0.558,1,,middel
2026-09-28T05:17:16Z,2026-09-28T05:07:49Z,DKBW4,"KBS, UD FOR HYLDETANGEN",0.6425,0.6978,0.2085,0.6978,0.6682,,middel
2026-09-28T05:17:16Z,2026-09-28T05:07:49Z,DKBW1464,"VALLENSBÆK STRAND, VED SKRUBBEN",,,,,,all-stormwater,hoej
2026-09-28T05:17:16Z,2026-09-28T05:07:49Z,DKBW1590,LODSPARKEN,0.3533,0.5379,0.2439,0.5379,1,,middel
2026-09-28T05:17:16Z,2026-09-28T05:07:49Z,DKBW1593,TAARBÆK HAVN,0.2263,0.1844,0.2439,0.2439,1,,middel
2026-09-28T05:17:16Z,2026-09-28T05:07:49Z,DKBW8,DRAGØR NORDSTRAND,0.0174,0.0142,0.2439,0.2439,1,,middel
2026-09-28T05:17:16Z,2026-09-28T05:07:49Z,DKBW1904,STRANDEN VED VALBYPARKEN,0.3835,0.5527,0.2439,0.5527,1,,middel
2026-09-28T05:17:16Z,2026-09-28T05:07:49Z,DKBW1913,HVIDOVRE HAVN,0.1786,0.1771,0.2439,0.2439,1,,middel
2026-09-28T05:17:16Z,2026-09-28T05:07:49Z,DKBW32,FREDERIKSDAL FRIBAD,0.5162,0.631,0.3401,0.631,0.5857,,lav
2026-09-28T05:17:16Z,2026-09-28T05:07:49Z,DKBW1527,"AMAGER STRANDPARK, LAGUNEN",0.3778,0.5499,0.2439,0.5499,1,,middel
2026-09-28T05:17:16Z,2026-09-28T05:07:49Z,DKBW1598,SYD FOR KASTRUP LYSTBÅDEHAVN,0.014,0.0133,0.2439,0.2439,1,,middel
2026-09-28T05:17:16Z,2026-09-28T05:07:49Z,DKBW1629,HALFDANSGADE BADEZONE,0.4009,0.5608,0.2439,0.5608,1,,hoej
2026-09-28T05:17:16Z,2026-09-28T05:07:49Z,DKBW1652,SKOVSHOVED HAVBAD,0.0813,0.074,0.2439,0.2439,1,,middel
2026-09-28T05:17:16Z,2026-09-28T05:07:49Z,DKBW1656,SØNDRE REFSHALE BADEZONE,0.3474,0.535,0.2439,0.535,1,,middel
2026-09-28T05:17:16Z,2026-09-28T05:07:49Z,DKBW1891,SKOVSHOVED SYD,0.148,0.1695,0.2439,0.2439,1,,middel
2026-09-28T05:17:16Z,2026-09-28T05:07:49Z,DKBW10,"DRAGØR SØBAD, NORD",0,0,0.2439,0.2439,1,,middel
2026-09-28T05:17:16Z,2026-09-28T05:07:49Z,DKBW1528,FISKETORVET HAVNEBAD,0.4037,0.5621,0.2439,0.5621,1,,hoej
2026-09-28T05:17:16Z,2026-09-28T05:07:49Z,DKBW1520,"KASTRUP SØBAD, NORD FOR KASTRUP LYSTBÅDEHAVN",0.1944,0.1822,0.2439,0.2439,1,,middel
2026-09-28T05:17:16Z,2026-09-28T05:07:49Z,DKBW1579,SVANEMØLLESTRANDEN,0.2976,0.5083,0.2439,0.5083,1,,middel
2026-09-28T05:17:16Z,2026-09-28T05:07:49Z,DKBW1594,BOMBEGRUNDEN TAARBÆK,0.0567,0.0593,0.2439,0.2439,1,,hoej
2026-09-28T05:17:16Z,2026-09-28T05:07:49Z,DKBW1907,VANDTRAPPEN BADEZONE,0.9883,0.8912,0.2439,0.9883,1,,middel
2026-09-28T05:17:16Z,2026-09-28T05:07:49Z,DKBW1908,BYSKOVEN BADEZONE,0.1894,0.1806,0.2439,0.2439,1,,middel
2026-09-28T05:17:16Z,2026-09-28T05:07:49Z,DKBW20,BELLEVUE STRAND,0.0629,0.0613,0.2439,0.2439,1,,hoej
2026-09-28T05:17:16Z,2026-09-28T05:07:49Z,DKBW1772,KVÆSTHUSBROEN,0.368,0.5452,0.2439,0.5452,1,,middel
2026-09-28T05:17:16Z,2026-09-28T05:07:49Z,DKBW1893,BADEANSTALT I VALLENSBÆK HAVN,,,,,,all-stormwater,hoej
2026-09-28T05:17:16Z,2026-09-28T05:07:49Z,DKBW26,HELLERUP STRAND,0.1668,0.1763,0.2439,0.2439,1,,middel
2026-09-28T05:17:16Z,2026-09-28T05:07:49Z,DKBW1525,ISLANDS BRYGGE HAVNEBAD,0.3959,0.5585,0.2439,0.5585,1,,middel
2026-09-28T05:17:16Z,2026-09-28T05:07:49Z,DKBW1624,HALVANDET BADEZONE,0.3381,0.5302,0.2439,0.5302,1,,middel
2026-09-28T05:17:16Z,2026-09-28T05:07:49Z,DKBW1648,SANDKAJ BADEZONE,0.3197,0.5205,0.2439,0.5205,1,,middel
2026-09-28T05:17:16Z,2026-09-28T05:07:49Z,DKBW1905,HAVNEGADE BADEZONE,0.375,0.5486,0.2439,0.5486,1,,middel
2026-09-28T05:17:16Z,2026-09-28T05:07:49Z,DKBW1640,HAVNEVIGEN BADEZONE,0.421,0.5699,0.2439,0.5699,1,,hoej
2026-09-28T05:17:16Z,2026-09-28T05:07:49Z,DKBW18,VED KONGELUNDSKROEN,,,,,,all-stormwater,hoej
2026-09-28T05:17:16Z,2026-09-28T05:07:49Z,DKBW1896,LA BANCHINA BADEZONE,0.3485,0.5355,0.2439,0.5355,1,,middel
2026-09-28T05:17:16Z,2026-09-28T05:07:49Z,DKBW1914,MOERTELRENDEN,0.3555,0.539,0.2439,0.539,1,,middel
2026-09-28T05:17:16Z,2026-09-28T05:07:49Z,DKBW30,TAARBÆK SØBADEANSTALT,0.2254,0.1842,0.2439,0.2439,1,,middel
2026-09-28T06:17:16Z,2026-09-28T06:07:50Z,DKBW16,SØVANG,,,,,,all-stormwater,hoej
2026-09-28T06:17:16Z,2026-09-28T06:07:50Z,DKBW1906,TEGLHOLM BRYGGE BADEZONE,0.9911,0.892,0.2439,0.9911,1,,middel
2026-09-28T06:17:16Z,2026-09-28T06:07:50Z,DKBW24,CHARLOTTENLUND STRANDPARK,0.1598,0.1728,0.2439,0.2439,1,,middel
2026-09-28T06:17:16Z,2026-09-28T06:07:50Z,DKBW14,AMAGER SYDSTRAND,,,,,,all-stormwater,hoej
2026-09-28T06:17:16Z,2026-09-28T06:07:50Z,DKBW1526,"AMAGER STRANDPARK, ØRESUND",0.3707,0.5465,0.2439,0.5465,1,,middel
2026-09-28T06:17:16Z,2026-09-28T06:07:50Z,DKBW1578,SLUSEHOLMEN HAVNEBAD,0.4179,0.5686,0.2439,0.5686,1,,hoej
2026-09-28T06:17:16Z,2026-09-28T06:07:50Z,DKBW1667,KALVEBOD BØLGE BADEZONE,0.3933,0.5573,0.2439,0.5573,1,,middel
2026-09-28T06:17:16Z,2026-09-28T06:07:50Z,DKBW4,"KBS, UD FOR HYLDETANGEN",0.6425,0.6978,0.2085,0.6978,0.6682,,middel
2026-09-28T06:17:16Z,2026-09-28T06:07:50Z,DKBW1464,"VALLENSBÆK STRAND, VED SKRUBBEN",,,,,,all-stormwater,hoej
2026-09-28T06:17:16Z,2026-09-28T06:07:50Z,DKBW1590,LODSPARKEN,0.3513,0.5369,0.2439,0.5369,1,,middel
2026-09-28T06:17:16Z,2026-09-28T06:07:50Z,DKBW1593,TAARBÆK HAVN,0.2263,0.1844,0.2439,0.2439,1,,middel
2026-09-28T06:17:16Z,2026-09-28T06:07:50Z,DKBW8,DRAGØR NORDSTRAND,0.0174,0.0142,0.2439,0.2439,1,,middel
2026-09-28T06:17:16Z,2026-09-28T06:07:50Z,DKBW1904,STRANDEN VED VALBYPARKEN,0.3819,0.5519,0.2439,0.5519,1,,middel
2026-09-28T06:17:16Z,2026-09-28T06:07:50Z,DKBW1913,HVIDOVRE HAVN,0.1775,0.1768,0.2439,0.2439,1,,middel
2026-09-28T06:17:16Z,2026-09-28T06:07:50Z,DKBW32,FREDERIKSDAL FRIBAD,0.5162,0.631,0.3401,0.631,0.5857,,lav
2026-09-28T06:17:16Z,2026-09-28T06:07:50Z,DKBW1527,"AMAGER STRANDPARK, LAGUNEN",0.3761,0.5491,0.2439,0.5491,1,,middel
2026-09-28T06:17:16Z,2026-09-28T06:07:50Z,DKBW1598,SYD FOR KASTRUP LYSTBÅDEHAVN,0.0139,0.0132,0.2439,0.2439,1,,middel
2026-09-28T06:17:16Z,2026-09-28T06:07:50Z,DKBW1629,HALFDANSGADE BADEZONE,0.3997,0.5603,0.2439,0.5603,1,,hoej
2026-09-28T06:17:16Z,2026-09-28T06:07:50Z,DKBW1652,SKOVSHOVED HAVBAD,0.0813,0.0738,0.2439,0.2439,1,,middel
2026-09-28T06:17:16Z,2026-09-28T06:07:50Z,DKBW1656,SØNDRE REFSHALE BADEZONE,0.3453,0.5339,0.2439,0.5339,1,,middel
2026-09-28T06:17:16Z,2026-09-28T06:07:50Z,DKBW1891,SKOVSHOVED SYD,0.1464,0.1689,0.2439,0.2439,1,,middel
2026-09-28T06:17:16Z,2026-09-28T06:07:50Z,DKBW10,"DRAGØR SØBAD, NORD",0,0,0.2439,0.2439,1,,middel
2026-09-28T06:17:16Z,2026-09-28T06:07:50Z,DKBW1528,FISKETORVET HAVNEBAD,0.4025,0.5615,0.2439,0.5615,1,,hoej
2026-09-28T06:17:16Z,2026-09-28T06:07:50Z,DKBW1520,"KASTRUP SØBAD, NORD FOR KASTRUP LYSTBÅDEHAVN",0.1935,0.1819,0.2439,0.2439,1,,middel
2026-09-28T06:17:16Z,2026-09-28T06:07:50Z,DKBW1579,SVANEMØLLESTRANDEN,0.2947,0.5067,0.2439,0.5067,1,,middel
2026-09-28T06:17:16Z,2026-09-28T06:07:50Z,DKBW1594,BOMBEGRUNDEN TAARBÆK,0.0597,0.0603,0.2439,0.2439,1,,hoej
2026-09-28T06:17:16Z,2026-09-28T06:07:50Z,DKBW1907,VANDTRAPPEN BADEZONE,0.9883,0.8912,0.2439,0.9883,1,,middel
2026-09-28T06:17:16Z,2026-09-28T06:07:50Z,DKBW1908,BYSKOVEN BADEZONE,0.1885,0.1803,0.2439,0.2439,1,,middel
2026-09-28T06:17:16Z,2026-09-28T06:07:50Z,DKBW20,BELLEVUE STRAND,0.0652,0.0621,0.2439,0.2439,1,,hoej
2026-09-28T06:17:16Z,2026-09-28T06:07:50Z,DKBW1772,KVÆSTHUSBROEN,0.3662,0.5443,0.2439,0.5443,1,,middel
2026-09-28T06:17:16Z,2026-09-28T06:07:50Z,DKBW1893,BADEANSTALT I VALLENSBÆK HAVN,,,,,,all-stormwater,hoej
2026-09-28T06:17:16Z,2026-09-28T06:07:50Z,DKBW26,HELLERUP STRAND,0.1654,0.1759,0.2439,0.2439,1,,middel
2026-09-28T06:17:16Z,2026-09-28T06:07:50Z,DKBW1525,ISLANDS BRYGGE HAVNEBAD,0.3945,0.5579,0.2439,0.5579,1,,middel
2026-09-28T06:17:16Z,2026-09-28T06:07:50Z,DKBW1624,HALVANDET BADEZONE,0.3358,0.529,0.2439,0.529,1,,middel
2026-09-28T06:17:16Z,2026-09-28T06:07:50Z,DKBW1648,SANDKAJ BADEZONE,0.3171,0.5191,0.2439,0.5191,1,,middel
2026-09-28T06:17:16Z,2026-09-28T06:07:50Z,DKBW1905,HAVNEGADE BADEZONE,0.3733,0.5478,0.2439,0.5478,1,,middel
2026-09-28T06:17:16Z,2026-09-28T06:07:50Z,DKBW1640,HAVNEVIGEN BADEZONE,0.4201,0.5696,0.2439,0.5696,1,,hoej
2026-09-28T06:17:16Z,2026-09-28T06:07:50Z,DKBW18,VED KONGELUNDSKROEN,,,,,,all-stormwater,hoej
2026-09-28T06:17:16Z,2026-09-28T06:07:50Z,DKBW1896,LA BANCHINA BADEZONE,0.3463,0.5344,0.2439,0.5344,1,,middel
2026-09-28T06:17:16Z,2026-09-28T06:07:50Z,DKBW1914,MOERTELRENDEN,0.3535,0.538,0.2439,0.538,1,,middel
2026-09-28T06:17:16Z,2026-09-28T06:07:50Z,DKBW30,TAARBÆK SØBADEANSTALT,0.2254,0.1842,0.2439,0.2439,1,,middel
2026-09-28T07:17:18Z,2026-09-28T07:12:58Z,DKBW16,SØVANG,,,,,,all-stormwater,hoej
2026-09-28T07:17:18Z,2026-09-28T07:12:58Z,DKBW1906,TEGLHOLM BRYGGE BADEZONE,0.1217,0.314,0.2439,0.314,0.1489,,middel
2026-09-28T07:17:18Z,2026-09-28T07:12:58Z,DKBW24,CHARLOTTENLUND STRANDPARK,0.073,0.0807,0.2439,0.2439,0.1489,,middel
2026-09-28T07:17:18Z,2026-09-28T07:12:58Z,DKBW14,AMAGER SYDSTRAND,,,,,,all-stormwater,hoej
2026-09-28T07:17:18Z,2026-09-28T07:12:58Z,DKBW1526,"AMAGER STRANDPARK, ØRESUND",0.0198,0.0198,0.2439,0.2439,0.1489,,middel
2026-09-28T07:17:18Z,2026-09-28T07:12:58Z,DKBW1578,SLUSEHOLMEN HAVNEBAD,0.0223,0.0197,0.2439,0.2439,0.1489,,hoej
2026-09-28T07:17:18Z,2026-09-28T07:12:58Z,DKBW1667,KALVEBOD BØLGE BADEZONE,0.0953,0.0882,0.2439,0.2439,0.1489,,middel
2026-09-28T07:17:18Z,2026-09-28T07:12:58Z,DKBW4,"KBS, UD FOR HYLDETANGEN",0.2077,0.3673,0.2085,0.3673,0.2281,,middel
2026-09-28T07:17:18Z,2026-09-28T07:12:58Z,DKBW1464,"VALLENSBÆK STRAND, VED SKRUBBEN",,,,,,all-stormwater,hoej
2026-09-28T07:17:18Z,2026-09-28T07:12:58Z,DKBW1590,LODSPARKEN,0.0187,0.0186,0.2439,0.2439,0.1489,,middel
2026-09-28T07:17:18Z,2026-09-28T07:12:58Z,DKBW1593,TAARBÆK HAVN,0.1026,0.0836,0.2439,0.2439,0.1489,,middel
2026-09-28T07:17:18Z,2026-09-28T07:12:58Z,DKBW8,DRAGØR NORDSTRAND,0,0,0.2439,0.2439,0.1489,,middel
2026-09-28T07:17:18Z,2026-09-28T07:12:58Z,DKBW1904,STRANDEN VED VALBYPARKEN,0.0204,0.0191,0.2439,0.2439,0.1489,,middel
2026-09-28T07:17:18Z,2026-09-28T07:12:58Z,DKBW1913,HVIDOVRE HAVN,0.0115,0.0095,0.2439,0.2439,0.1489,,middel
2026-09-28T07:17:18Z,2026-09-28T07:12:58Z,DKBW32,FREDERIKSDAL FRIBAD,0.0632,0.0572,0.3401,0.3401,0.0895,,lav
2026-09-28T07:17:18Z,2026-09-28T07:12:58Z,DKBW1527,"AMAGER STRANDPARK, LAGUNEN",0.0201,0.0224,0.2439,0.2439,0.1489,,middel
2026-09-28T07:17:18Z,2026-09-28T07:12:58Z,DKBW1598,SYD FOR KASTRUP LYSTBÅDEHAVN,0.0,0.0154,0.2439,0.2439,0.1489,,middel
2026-09-28T07:17:18Z,2026-09-28T07:12:58Z,DKBW1629,HALFDANSGADE BADEZONE,0.0947,0.0985,0.2439,0.2439,0.1489,,middel
2026-09-28T07:17:18Z,2026-09-28T07:12:58Z,DKBW1652,SKOVSHOVED HAVBAD,0.0542,0.0601,0.2439,0.2439,0.1489,,middel
2026-09-28T07:17:18Z,2026-09-28T07:12:58Z,DKBW1656,SØNDRE REFSHALE BADEZONE,0.0996,0.0895,0.2439,0.2439,0.1489,,hoej
2026-09-28T07:17:18Z,2026-09-28T07:12:58Z,DKBW1891,SKOVSHOVED SYD,0.068,0.0789,0.2439,0.2439,0.1489,,middel
2026-09-28T07:17:18Z,2026-09-28T07:12:58Z,DKBW10,"DRAGØR SØBAD, NORD",0,0,0.2439,0.2439,0.1489,,middel
2026-09-28T07:17:18Z,2026-09-28T07:12:58Z,DKBW1528,FISKETORVET HAVNEBAD,0.0912,0.1354,0.2439,0.2439,0.1489,,middel
2026-09-28T07:17:18Z,2026-09-28T07:12:58Z,DKBW1520,"KASTRUP SØBAD, NORD FOR KASTRUP LYSTBÅDEHAVN",0.0,0.0177,0.2439,0.2439,0.1489,,middel
2026-09-28T07:17:18Z,2026-09-28T07:12:58Z,DKBW1579,SVANEMØLLESTRANDEN,0.0825,0.0841,0.2439,0.2439,0.1489,,middel
2026-09-28T07:17:18Z,2026-09-28T07:12:58Z,DKBW1594,BOMBEGRUNDEN TAARBÆK,0.0,0.002,0.2439,0.2439,0.1489,,middel
2026-09-28T07:17:18Z,2026-09-28T07:12:58Z,DKBW1907,VANDTRAPPEN BADEZONE,0.1214,0.3137,0.2439,0.3137,0.1489,,middel
2026-09-28T07:17:18Z,2026-09-28T07:12:58Z,DKBW1908,BYSKOVEN BADEZONE,0,0,0.2439,0.2439,0.1489,,middel
2026-09-28T07:17:18Z,2026-09-28T07:12:58Z,DKBW20,BELLEVUE STRAND,0.0,0.0026,0.2439,0.2439,0.1489,,middel
2026-09-28T07:17:18Z,2026-09-28T07:12:58Z,DKBW1772,KVÆSTHUSBROEN,0.0999,0.0895,0.2439,0.2439,0.1489,,hoej
2026-09-28T07:17:18Z,2026-09-28T07:12:58Z,DKBW1893,BADEANSTALT I VALLENSBÆK HAVN,,,,,,all-stormwater,hoej
2026-09-28T07:17:18Z,2026-09-28T07:12:58Z,DKBW26,HELLERUP STRAND,0.077,0.0822,0.2439,0.2439,0.1489,,middel
2026-09-28T07:17:18Z,2026-09-28T07:12:58Z,DKBW1525,ISLANDS BRYGGE HAVNEBAD,0.0959,0.0883,0.2439,0.2439,0.1489,,middel
2026-09-28T07:17:18Z,2026-09-28T07:12:58Z,DKBW1624,HALVANDET BADEZONE,0.0972,0.0887,0.2439,0.2439,0.1489,,middel
2026-09-28T07:17:18Z,2026-09-28T07:12:58Z,DKBW1648,SANDKAJ BADEZONE,0.0901,0.0866,0.2439,0.2439,0.1489,,middel
2026-09-28T07:17:18Z,2026-09-28T07:12:58Z,DKBW1905,HAVNEGADE BADEZONE,0.0999,0.0896,0.2439,0.2439,0.1489,,hoej
2026-09-28T07:17:18Z,2026-09-28T07:12:58Z,DKBW1640,HAVNEVIGEN BADEZONE,0.0225,0.1592,0.2439,0.2439,0.1489,,hoej
2026-09-28T07:17:18Z,2026-09-28T07:12:58Z,DKBW18,VED KONGELUNDSKROEN,,,,,,all-stormwater,hoej
2026-09-28T07:17:18Z,2026-09-28T07:12:58Z,DKBW1896,LA BANCHINA BADEZONE,0.1004,0.0897,0.2439,0.2439,0.1489,,hoej
2026-09-28T07:17:18Z,2026-09-28T07:12:58Z,DKBW1914,MOERTELRENDEN,0.0189,0.0186,0.2439,0.2439,0.1489,,middel
2026-09-28T07:17:18Z,2026-09-28T07:12:58Z,DKBW30,TAARBÆK SØBADEANSTALT,0.1022,0.0835,0.2439,0.2439,0.1489,,middel
2026-09-28T08:17:17Z,2026-09-28T08:12:57Z,DKBW16,SØVANG,,,,,,all-stormwater,hoej
2026-09-28T08:17:17Z,2026-09-28T08:12:57Z,DKBW1906,TEGLHOLM BRYGGE BADEZONE,0.1177,0.3098,0.2092,0.3098,0.1676,,middel
2026-09-28T08:17:17Z,2026-09-28T08:12:57Z,DKBW24,CHARLOTTENLUND STRANDPARK,0.07,0.0779,0.2092,0.2092,0.1676,,middel
2026-09-28T08:17:17Z,2026-09-28T08:12:57Z,DKBW14,AMAGER SYDSTRAND,,,,,,all-stormwater,hoej
2026-09-28T08:17:17Z,2026-09-28T08:12:57Z,DKBW1526,"AMAGER STRANDPARK, ØRESUND",0.0186,0.0333,0.2092,0.2092,0.1676,,middel
2026-09-28T08:17:17Z,2026-09-28T08:12:57Z,DKBW1578,SLUSEHOLMEN HAVNEBAD,0.021,0.0185,0.2092,0.2092,0.1676,,hoej
2026-09-28T08:17:17Z,2026-09-28T08:12:57Z,DKBW1667,KALVEBOD BØLGE BADEZONE,0.092,0.11,0.2092,0.2092,0.1676,,middel
2026-09-28T08:17:17Z,2026-09-28T08:12:57Z,DKBW4,"KBS, UD FOR HYLDETANGEN",0.202,0.3622,0.1532,0.3622,0.2459,,middel
2026-09-28T08:17:17Z,2026-09-28T08:12:57Z,DKBW1464,"VALLENSBÆK STRAND, VED SKRUBBEN",,,,,,all-stormwater,hoej
2026-09-28T08:17:17Z,2026-09-28T08:12:57Z,DKBW1590,LODSPARKEN,0.0176,0.0175,0.2092,0.2092,0.1676,,middel
2026-09-28T08:17:17Z,2026-09-28T08:12:57Z,DKBW1593,TAARBÆK HAVN,0.099,0.0807,0.2092,0.2092,0.1676,,middel
2026-09-28T08:17:17Z,2026-09-28T08:12:57Z,DKBW8,DRAGØR NORDSTRAND,0,0,0.2092,0.2092,0.1676,,middel
2026-09-28T08:17:17Z,2026-09-28T08:12:57Z,DKBW1904,STRANDEN VED VALBYPARKEN,0.0191,0.018,0.2092,0.2092,0.1676,,middel
2026-09-28T08:17:17Z,2026-09-28T08:12:57Z,DKBW1913,HVIDOVRE HAVN,0.0176,0.0175,0.2092,0.2092,0.1676,,middel
2026-09-28T08:17:17Z,2026-09-28T08:12:57Z,DKBW32,FREDERIKSDAL FRIBAD,0.0608,0.0551,0.2396,0.2396,0.108,,lav
2026-09-28T08:17:17Z,2026-09-28T08:12:57Z,DKBW1527,"AMAGER STRANDPARK, LAGUNEN",0.0188,0.0368,0.2092,0.2092,0.1676,,middel
2026-09-28T08:17:17Z,2026-09-28T08:12:57Z,DKBW1598,SYD FOR KASTRUP LYSTBÅDEHAVN,0.0001,0.0272,0.2092,0.2092,0.1676,,middel
2026-09-28T08:17:17Z,2026-09-28T08:12:57Z,DKBW1629,HALFDANSGADE BADEZONE,0.0913,0.1217,0.2092,0.2092,0.1676,,middel
2026-09-28T08:17:17Z,2026-09-28T08:12:57Z,DKBW1652,SKOVSHOVED HAVBAD,0.0518,0.0578,0.2092,0.2092,0.1676,,middel
2026-09-28T08:17:17Z,2026-09-28T08:12:57Z,DKBW1656,SØNDRE REFSHALE BADEZONE,0.0962,0.0865,0.2092,0.2092,0.1676,,hoej
2026-09-28T08:17:17Z,2026-09-28T08:12:57Z,DKBW1891,SKOVSHOVED SYD,0.0652,0.0761,0.2092,0.2092,0.1676,,middel
2026-09-28T08:17:17Z,2026-09-28T08:12:57Z,DKBW10,"DRAGØR SØBAD, NORD",0,0,0.2092,0.2092,0.1676,,middel
2026-09-28T08:17:17Z,2026-09-28T08:12:57Z,DKBW1528,FISKETORVET HAVNEBAD,0.0879,0.1573,0.2092,0.2092,0.1676,,middel
2026-09-28T08:17:17Z,2026-09-28T08:12:57Z,DKBW1520,"KASTRUP SØBAD, NORD FOR KASTRUP LYSTBÅDEHAVN",0.0001,0.0304,0.2092,0.2092,0.1676,,middel
2026-09-28T08:17:17Z,2026-09-28T08:12:57Z,DKBW1579,SVANEMØLLESTRANDEN,0.0794,0.0812,0.2092,0.2092,0.1676,,middel
2026-09-28T08:17:17Z,2026-09-28T08:12:57Z,DKBW1594,BOMBEGRUNDEN TAARBÆK,0.0,0.0033,0.2092,0.2092,0.1676,,middel
2026-09-28T08:17:17Z,2026-09-28T08:12:57Z,DKBW1907,VANDTRAPPEN BADEZONE,0.1174,0.3095,0.2092,0.3095,0.1676,,middel
2026-09-28T08:17:17Z,2026-09-28T08:12:57Z,DKBW1908,BYSKOVEN BADEZONE,0,0,0.2092,0.2092,0.1676,,middel
2026-09-28T08:17:17Z,2026-09-28T08:12:57Z,DKBW20,BELLEVUE STRAND,0.0001,0.0041,0.2092,0.2092,0.1676,,middel
2026-09-28T08:17:17Z,2026-09-28T08:12:57Z,DKBW1772,KVÆSTHUSBROEN,0.0964,0.0866,0.2092,0.2092,0.1676,,hoej
2026-09-28T08:17:17Z,2026-09-28T08:12:57Z,DKBW1893,BADEANSTALT I VALLENSBÆK HAVN,,,,,,all-stormwater,hoej
2026-09-28T08:17:17Z,2026-09-28T08:12:57Z,DKBW26,HELLERUP STRAND,0.0739,0.0793,0.2092,0.2092,0.1676,,middel
2026-09-28T08:17:17Z,2026-09-28T08:12:57Z,DKBW1525,ISLANDS BRYGGE HAVNEBAD,0.0925,0.1082,0.2092,0.2092,0.1676,,middel
2026-09-28T08:17:17Z,2026-09-28T08:12:57Z,DKBW1624,HALVANDET BADEZONE,0.0938,0.0858,0.2092,0.2092,0.1676,,middel
2026-09-28T08:17:17Z,2026-09-28T08:12:57Z,DKBW1648,SANDKAJ BADEZONE,0.0868,0.0837,0.2092,0.2092,0.1676,,middel
2026-09-28T08:17:17Z,2026-09-28T08:12:57Z,DKBW1905,HAVNEGADE BADEZONE,0.0965,0.0866,0.2092,0.2092,0.1676,,hoej
2026-09-28T08:17:17Z,2026-09-28T08:12:57Z,DKBW1640,HAVNEVIGEN BADEZONE,0.0224,0.1793,0.2092,0.2092,0.1676,,hoej
2026-09-28T08:17:17Z,2026-09-28T08:12:57Z,DKBW18,VED KONGELUNDSKROEN,,,,,,all-stormwater,hoej
2026-09-28T08:17:17Z,2026-09-28T08:12:57Z,DKBW1896,LA BANCHINA BADEZONE,0.097,0.0867,0.2092,0.2092,0.1676,,hoej
2026-09-28T08:17:17Z,2026-09-28T08:12:57Z,DKBW1914,MOERTELRENDEN,0.0177,0.0175,0.2092,0.2092,0.1676,,middel
2026-09-28T08:17:17Z,2026-09-28T08:12:57Z,DKBW30,TAARBÆK SØBADEANSTALT,0.0986,0.0806,0.2092,0.2092,0.1676,,middel
2026-09-28T08:44:41Z,2026-09-28T08:42:57Z,DKBW16,SØVANG,,,,,,all-stormwater,hoej
2026-09-28T08:44:41Z,2026-09-28T08:42:57Z,DKBW1906,TEGLHOLM BRYGGE BADEZONE,0.1177,0.3098,0.2092,0.3098,0.1676,,middel
2026-09-28T08:44:41Z,2026-09-28T08:42:57Z,DKBW24,CHARLOTTENLUND STRANDPARK,0.07,0.0779,0.2092,0.2092,0.1676,,middel
2026-09-28T08:44:41Z,2026-09-28T08:42:57Z,DKBW14,AMAGER SYDSTRAND,,,,,,all-stormwater,hoej
2026-09-28T08:44:41Z,2026-09-28T08:42:57Z,DKBW1526,"AMAGER STRANDPARK, ØRESUND",0.0186,0.0333,0.2092,0.2092,0.1676,,middel
2026-09-28T08:44:41Z,2026-09-28T08:42:57Z,DKBW1578,SLUSEHOLMEN HAVNEBAD,0.021,0.0185,0.2092,0.2092,0.1676,,hoej
2026-09-28T08:44:41Z,2026-09-28T08:42:57Z,DKBW1667,KALVEBOD BØLGE BADEZONE,0.092,0.11,0.2092,0.2092,0.1676,,middel
2026-09-28T08:44:41Z,2026-09-28T08:42:57Z,DKBW4,"KBS, UD FOR HYLDETANGEN",0.202,0.3622,0.1532,0.3622,0.2459,,middel
2026-09-28T08:44:41Z,2026-09-28T08:42:57Z,DKBW1464,"VALLENSBÆK STRAND, VED SKRUBBEN",,,,,,all-stormwater,hoej
2026-09-28T08:44:41Z,2026-09-28T08:42:57Z,DKBW1590,LODSPARKEN,0.0176,0.0175,0.2092,0.2092,0.1676,,middel
2026-09-28T08:44:41Z,2026-09-28T08:42:57Z,DKBW1593,TAARBÆK HAVN,0.099,0.0807,0.2092,0.2092,0.1676,,middel
2026-09-28T08:44:41Z,2026-09-28T08:42:57Z,DKBW8,DRAGØR NORDSTRAND,0,0,0.2092,0.2092,0.1676,,middel
2026-09-28T08:44:41Z,2026-09-28T08:42:57Z,DKBW1904,STRANDEN VED VALBYPARKEN,0.0191,0.018,0.2092,0.2092,0.1676,,middel
2026-09-28T08:44:41Z,2026-09-28T08:42:57Z,DKBW1913,HVIDOVRE HAVN,0.0176,0.0175,0.2092,0.2092,0.1676,,middel
2026-09-28T08:44:41Z,2026-09-28T08:42:57Z,DKBW32,FREDERIKSDAL FRIBAD,0.0507,0.0447,0.2396,0.2396,0.0838,,lav
2026-09-28T08:44:41Z,2026-09-28T08:42:57Z,DKBW1527,"AMAGER STRANDPARK, LAGUNEN",0.0188,0.0368,0.2092,0.2092,0.1676,,middel
2026-09-28T08:44:41Z,2026-09-28T08:42:57Z,DKBW1598,SYD FOR KASTRUP LYSTBÅDEHAVN,0.0001,0.0272,0.2092,0.2092,0.1676,,middel
2026-09-28T08:44:41Z,2026-09-28T08:42:57Z,DKBW1629,HALFDANSGADE BADEZONE,0.0913,0.1217,0.2092,0.2092,0.1676,,middel
2026-09-28T08:44:41Z,2026-09-28T08:42:57Z,DKBW1652,SKOVSHOVED HAVBAD,0.0518,0.0578,0.2092,0.2092,0.1676,,middel
2026-09-28T08:44:41Z,2026-09-28T08:42:57Z,DKBW1656,SØNDRE REFSHALE BADEZONE,0.0962,0.0865,0.2092,0.2092,0.1676,,hoej
2026-09-28T08:44:41Z,2026-09-28T08:42:57Z,DKBW1891,SKOVSHOVED SYD,0.0652,0.0761,0.2092,0.2092,0.1676,,middel
2026-09-28T08:44:41Z,2026-09-28T08:42:57Z,DKBW10,"DRAGØR SØBAD, NORD",0,0,0.2092,0.2092,0.1676,,middel
2026-09-28T08:44:41Z,2026-09-28T08:42:57Z,DKBW1528,FISKETORVET HAVNEBAD,0.0879,0.1573,0.2092,0.2092,0.1676,,middel
2026-09-28T08:44:41Z,2026-09-28T08:42:57Z,DKBW1520,"KASTRUP SØBAD, NORD FOR KASTRUP LYSTBÅDEHAVN",0.0001,0.0304,0.2092,0.2092,0.1676,,middel
2026-09-28T08:44:41Z,2026-09-28T08:42:57Z,DKBW1579,SVANEMØLLESTRANDEN,0.0794,0.0812,0.2092,0.2092,0.1676,,middel
2026-09-28T08:44:41Z,2026-09-28T08:42:57Z,DKBW1594,BOMBEGRUNDEN TAARBÆK,0.0,0.0013,0.2092,0.2092,0.1676,,middel
2026-09-28T08:44:41Z,2026-09-28T08:42:57Z,DKBW1907,VANDTRAPPEN BADEZONE,0.1174,0.3095,0.2092,0.3095,0.1676,,middel
2026-09-28T08:44:41Z,2026-09-28T08:42:57Z,DKBW1908,BYSKOVEN BADEZONE,0,0,0.2092,0.2092,0.1676,,middel
2026-09-28T08:44:41Z,2026-09-28T08:42:57Z,DKBW20,BELLEVUE STRAND,0.0,0.0017,0.2092,0.2092,0.1676,,middel
2026-09-28T08:44:41Z,2026-09-28T08:42:57Z,DKBW1772,KVÆSTHUSBROEN,0.0964,0.0866,0.2092,0.2092,0.1676,,hoej
2026-09-28T08:44:41Z,2026-09-28T08:42:57Z,DKBW1893,BADEANSTALT I VALLENSBÆK HAVN,,,,,,all-stormwater,hoej
2026-09-28T08:44:41Z,2026-09-28T08:42:57Z,DKBW26,HELLERUP STRAND,0.0739,0.0793,0.2092,0.2092,0.1676,,middel
2026-09-28T08:44:41Z,2026-09-28T08:42:57Z,DKBW1525,ISLANDS BRYGGE HAVNEBAD,0.0925,0.1082,0.2092,0.2092,0.1676,,middel
2026-09-28T08:44:41Z,2026-09-28T08:42:57Z,DKBW1624,HALVANDET BADEZONE,0.0938,0.0858,0.2092,0.2092,0.1676,,middel
2026-09-28T08:44:41Z,2026-09-28T08:42:57Z,DKBW1648,SANDKAJ BADEZONE,0.0868,0.0837,0.2092,0.2092,0.1676,,middel
2026-09-28T08:44:41Z,2026-09-28T08:42:57Z,DKBW1905,HAVNEGADE BADEZONE,0.0965,0.0866,0.2092,0.2092,0.1676,,hoej
2026-09-28T08:44:41Z,2026-09-28T08:42:57Z,DKBW1640,HAVNEVIGEN BADEZONE,0.0224,0.1793,0.2092,0.2092,0.1676,,hoej
2026-09-28T08:44:41Z,2026-09-28T08:42:57Z,DKBW18,VED KONGELUNDSKROEN,,,,,,all-stormwater,hoej
2026-09-28T08:44:41Z,2026-09-28T08:42:57Z,DKBW1896,LA BANCHINA BADEZONE,0.097,0.0867,0.2092,0.2092,0.1676,,hoej
2026-09-28T08:44:41Z,2026-09-28T08:42:57Z,DKBW1914,MOERTELRENDEN,0.0177,0.0175,0.2092,0.2092,0.1676,,middel
2026-09-28T08:44:41Z,2026-09-28T08:42:57Z,DKBW30,TAARBÆK SØBADEANSTALT,0.0986,0.0806,0.2092,0.2092,0.1676,,middel
2026-09-28T09:17:15Z,2026-09-28T09:12:58Z,DKBW16,SØVANG,,,,,,all-stormwater,hoej
2026-09-28T09:17:15Z,2026-09-28T09:12:58Z,DKBW1906,TEGLHOLM BRYGGE BADEZONE,0,0,0.2092,0.2092,0.0404,,middel
2026-09-28T09:17:15Z,2026-09-28T09:12:58Z,DKBW24,CHARLOTTENLUND STRANDPARK,0,0,0.2092,0.2092,0.0404,,hoej
2026-09-28T09:17:15Z,2026-09-28T09:12:58Z,DKBW14,AMAGER SYDSTRAND,,,,,,all-stormwater,hoej
2026-09-28T09:17:15Z,2026-09-28T09:12:58Z,DKBW1526,"AMAGER STRANDPARK, ØRESUND",0,0,0.2092,0.2092,0.0404,,middel
2026-09-28T09:17:15Z,2026-09-28T09:12:58Z,DKBW1578,SLUSEHOLMEN HAVNEBAD,0,0,0.2092,0.2092,0.0404,,middel
2026-09-28T09:17:15Z,2026-09-28T09:12:58Z,DKBW1667,KALVEBOD BØLGE BADEZONE,0,0,0.2092,0.2092,0.0404,,middel
2026-09-28T09:17:15Z,2026-09-28T09:12:58Z,DKBW4,"KBS, UD FOR HYLDETANGEN",0,0,0.1532,0.1532,0.0253,,lav
2026-09-28T09:17:15Z,2026-09-28T09:12:58Z,DKBW1464,"VALLENSBÆK STRAND, VED SKRUBBEN",,,,,,all-stormwater,hoej
2026-09-28T09:17:15Z,2026-09-28T09:12:58Z,DKBW1590,LODSPARKEN,0,0,0.2092,0.2092,0.0404,,middel
2026-09-28T09:17:15Z,2026-09-28T09:12:58Z,DKBW1593,TAARBÆK HAVN,0.0016,0.002,0.2092,0.2092,0.0404,,middel
2026-09-28T09:17:15Z,2026-09-28T09:12:58Z,DKBW8,DRAGØR NORDSTRAND,0,0,0.2092,0.2092,0.0404,,middel
2026-09-28T09:17:15Z,2026-09-28T09:12:58Z,DKBW1904,STRANDEN VED VALBYPARKEN,0,0,0.2092,0.2092,0.0404,,middel
2026-09-28T09:17:15Z,2026-09-28T09:12:58Z,DKBW1913,HVIDOVRE HAVN,0,0,0.2092,0.2092,0.0404,,middel
2026-09-28T09:17:15Z,2026-09-28T09:12:58Z,DKBW32,FREDERIKSDAL FRIBAD,0.0046,0.0042,0.2396,0.2396,0.0361,,lav
2026-09-28T09:17:15Z,2026-09-28T09:12:58Z,DKBW1527,"AMAGER STRANDPARK, LAGUNEN",0,0,0.2092,0.2092,0.0404,,middel
2026-09-28T09:17:15Z,2026-09-28T09:12:58Z,DKBW1598,SYD FOR KASTRUP LYSTBÅDEHAVN,0,0,0.2092,0.2092,0.0404,,middel
2026-09-28T09:17:15Z,2026-09-28T09:12:58Z,DKBW1629,HALFDANSGADE BADEZONE,0,0,0.2092,0.2092,0.0404,,middel
2026-09-28T09:17:15Z,2026-09-28T09:12:58Z,DKBW1652,SKOVSHOVED HAVBAD,0,0,0.2092,0.2092,0.0404,,middel
2026-09-28T09:17:15Z,2026-09-28T09:12:58Z,DKBW1656,SØNDRE REFSHALE BADEZONE,0,0,0.2092,0.2092,0.0404,,middel
2026-09-28T09:17:15Z,2026-09-28T09:12:58Z,DKBW1891,SKOVSHOVED SYD,0,0,0.2092,0.2092,0.0404,,hoej
2026-09-28T09:17:15Z,2026-09-28T09:12:58Z,DKBW10,"DRAGØR SØBAD, NORD",0,0,0.2092,0.2092,0.0404,,middel
2026-09-28T09:17:15Z,2026-09-28T09:12:58Z,DKBW1528,FISKETORVET HAVNEBAD,0,0,0.2092,0.2092,0.0404,,middel
2026-09-28T09:17:15Z,2026-09-28T09:12:58Z,DKBW1520,"KASTRUP SØBAD, NORD FOR KASTRUP LYSTBÅDEHAVN",0,0,0.2092,0.2092,0.0404,,hoej
2026-09-28T09:17:15Z,2026-09-28T09:12:58Z,DKBW1579,SVANEMØLLESTRANDEN,0,0,0.2092,0.2092,0.0404,,middel
2026-09-28T09:17:15Z,2026-09-28T09:12:58Z,DKBW1594,BOMBEGRUNDEN TAARBÆK,0,0,0.2092,0.2092,0.0404,,middel
2026-09-28T09:17:15Z,2026-09-28T09:12:58Z,DKBW1907,VANDTRAPPEN BADEZONE,0,0,0.2092,0.2092,0.0404,,middel
2026-09-28T09:17:15Z,2026-09-28T09:12:58Z,DKBW1908,BYSKOVEN BADEZONE,0,0,0.2092,0.2092,0.0404,,middel
2026-09-28T09:17:15Z,2026-09-28T09:12:58Z,DKBW20,BELLEVUE STRAND,0,0,0.2092,0.2092,0.0404,,middel
2026-09-28T09:17:15Z,2026-09-28T09:12:58Z,DKBW1772,KVÆSTHUSBROEN,0,0,0.2092,0.2092,0.0404,,middel
2026-09-28T09:17:15Z,2026-09-28T09:12:58Z,DKBW1893,BADEANSTALT I VALLENSBÆK HAVN,,,,,,all-stormwater,hoej
2026-09-28T09:17:15Z,2026-09-28T09:12:58Z,DKBW26,HELLERUP STRAND,0,0,0.2092,0.2092,0.0404,,middel
2026-09-28T09:17:15Z,2026-09-28T09:12:58Z,DKBW1525,ISLANDS BRYGGE HAVNEBAD,0,0,0.2092,0.2092,0.0404,,middel
2026-09-28T09:17:15Z,2026-09-28T09:12:58Z,DKBW1624,HALVANDET BADEZONE,0,0,0.2092,0.2092,0.0404,,middel
2026-09-28T09:17:15Z,2026-09-28T09:12:58Z,DKBW1648,SANDKAJ BADEZONE,0,0,0.2092,0.2092,0.0404,,middel
2026-09-28T09:17:15Z,2026-09-28T09:12:58Z,DKBW1905,HAVNEGADE BADEZONE,0,0,0.2092,0.2092,0.0404,,middel
2026-09-28T09:17:15Z,2026-09-28T09:12:58Z,DKBW1640,HAVNEVIGEN BADEZONE,0,0,0.2092,0.2092,0.0404,,middel
2026-09-28T09:17:15Z,2026-09-28T09:12:58Z,DKBW18,VED KONGELUNDSKROEN,,,,,,all-stormwater,hoej
2026-09-28T09:17:15Z,2026-09-28T09:12:58Z,DKBW1896,LA BANCHINA BADEZONE,0,0,0.2092,0.2092,0.0404,,middel
2026-09-28T09:17:15Z,2026-09-28T09:12:58Z,DKBW1914,MOERTELRENDEN,0,0,0.2092,0.2092,0.0404,,hoej
2026-09-28T09:17:15Z,2026-09-28T09:12:58Z,DKBW30,TAARBÆK SØBADEANSTALT,0.0017,0.0021,0.2092,0.2092,0.0404,,middel
2026-09-28T10:17:17Z,2026-09-28T10:12:58Z,DKBW16,SØVANG,,,,,,all-stormwater,hoej
2026-09-28T10:17:17Z,2026-09-28T10:12:58Z,DKBW1906,TEGLHOLM BRYGGE BADEZONE,0,0,0.2092,0.2092,0.0404,,middel
2026-09-28T10:17:17Z,2026-09-28T10:12:58Z,DKBW24,CHARLOTTENLUND STRANDPARK,0,0,0.2092,0.2092,0.0404,,hoej
2026-09-28T10:17:17Z,2026-09-28T10:12:58Z,DKBW14,AMAGER SYDSTRAND,,,,,,all-stormwater,hoej
2026-09-28T10:17:17Z,2026-09-28T10:12:58Z,DKBW1526,"AMAGER STRANDPARK, ØRESUND",0,0,0.2092,0.2092,0.0404,,hoej
2026-09-28T10:17:17Z,2026-09-28T10:12:58Z,DKBW1578,SLUSEHOLMEN HAVNEBAD,0,0,0.2092,0.2092,0.0404,,middel
2026-09-28T10:17:17Z,2026-09-28T10:12:58Z,DKBW1667,KALVEBOD BØLGE BADEZONE,0,0,0.2092,0.2092,0.0404,,middel
2026-09-28T10:17:17Z,2026-09-28T10:12:58Z,DKBW4,"KBS, UD FOR HYLDETANGEN",0,0,0.1532,0.1532,0.0253,,lav
2026-09-28T10:17:17Z,2026-09-28T10:12:58Z,DKBW1464,"VALLENSBÆK STRAND, VED SKRUBBEN",,,,,,all-stormwater,hoej
2026-09-28T10:17:17Z,2026-09-28T10:12:58Z,DKBW1590,LODSPARKEN,0,0,0.2092,0.2092,0.0404,,middel
2026-09-28T10:17:17Z,2026-09-28T10:12:58Z,DKBW1593,TAARBÆK HAVN,0.0017,0.0021,0.2092,0.2092,0.0404,,middel
2026-09-28T10:17:17Z,2026-09-28T10:12:58Z,DKBW8,DRAGØR NORDSTRAND,0,0,0.2092,0.2092,0.0404,,middel
2026-09-28T10:17:17Z,2026-09-28T10:12:58Z,DKBW1904,STRANDEN VED VALBYPARKEN,0,0,0.2092,0.2092,0.0404,,middel
2026-09-28T10:17:17Z,2026-09-28T10:12:58Z,DKBW1913,HVIDOVRE HAVN,0,0,0.2092,0.2092,0.0404,,middel
2026-09-28T10:17:17Z,2026-09-28T10:12:58Z,DKBW32,FREDERIKSDAL FRIBAD,0.0046,0.0042,0.2396,0.2396,0.0361,,lav
2026-09-28T10:17:17Z,2026-09-28T10:12:58Z,DKBW1527,"AMAGER STRANDPARK, LAGUNEN",0,0,0.2092,0.2092,0.0404,,hoej
2026-09-28T10:17:17Z,2026-09-28T10:12:58Z,DKBW1598,SYD FOR KASTRUP LYSTBÅDEHAVN,0,0,0.2092,0.2092,0.0404,,middel
2026-09-28T10:17:17Z,2026-09-28T10:12:58Z,DKBW1629,HALFDANSGADE BADEZONE,0,0,0.2092,0.2092,0.0404,,middel
2026-09-28T10:17:17Z,2026-09-28T10:12:58Z,DKBW1652,SKOVSHOVED HAVBAD,0,0,0.2092,0.2092,0.0404,,middel
2026-09-28T10:17:17Z,2026-09-28T10:12:58Z,DKBW1656,SØNDRE REFSHALE BADEZONE,0,0,0.2092,0.2092,0.0404,,middel
2026-09-28T10:17:17Z,2026-09-28T10:12:58Z,DKBW1891,SKOVSHOVED SYD,0,0,0.2092,0.2092,0.0404,,hoej
2026-09-28T10:17:17Z,2026-09-28T10:12:58Z,DKBW10,"DRAGØR SØBAD, NORD",0,0,0.2092,0.2092,0.0404,,middel
2026-09-28T10:17:17Z,2026-09-28T10:12:58Z,DKBW1528,FISKETORVET HAVNEBAD,0,0,0.2092,0.2092,0.0404,,middel
2026-09-28T10:17:17Z,2026-09-28T10:12:58Z,DKBW1520,"KASTRUP SØBAD, NORD FOR KASTRUP LYSTBÅDEHAVN",0,0,0.2092,0.2092,0.0404,,hoej
2026-09-28T10:17:17Z,2026-09-28T10:12:58Z,DKBW1579,SVANEMØLLESTRANDEN,0,0,0.2092,0.2092,0.0404,,middel
2026-09-28T10:17:17Z,2026-09-28T10:12:58Z,DKBW1594,BOMBEGRUNDEN TAARBÆK,0,0,0.2092,0.2092,0.0404,,middel
2026-09-28T10:17:17Z,2026-09-28T10:12:58Z,DKBW1907,VANDTRAPPEN BADEZONE,0,0,0.2092,0.2092,0.0404,,middel
2026-09-28T10:17:17Z,2026-09-28T10:12:58Z,DKBW1908,BYSKOVEN BADEZONE,0,0,0.2092,0.2092,0.0404,,middel
2026-09-28T10:17:17Z,2026-09-28T10:12:58Z,DKBW20,BELLEVUE STRAND,0,0,0.2092,0.2092,0.0404,,middel
2026-09-28T10:17:17Z,2026-09-28T10:12:58Z,DKBW1772,KVÆSTHUSBROEN,0,0,0.2092,0.2092,0.0404,,middel
2026-09-28T10:17:17Z,2026-09-28T10:12:58Z,DKBW1893,BADEANSTALT I VALLENSBÆK HAVN,,,,,,all-stormwater,hoej
2026-09-28T10:17:17Z,2026-09-28T10:12:58Z,DKBW26,HELLERUP STRAND,0,0,0.2092,0.2092,0.0404,,middel
2026-09-28T10:17:17Z,2026-09-28T10:12:58Z,DKBW1525,ISLANDS BRYGGE HAVNEBAD,0,0,0.2092,0.2092,0.0404,,middel
2026-09-28T10:17:17Z,2026-09-28T10:12:58Z,DKBW1624,HALVANDET BADEZONE,0,0,0.2092,0.2092,0.0404,,middel
2026-09-28T10:17:17Z,2026-09-28T10:12:58Z,DKBW1648,SANDKAJ BADEZONE,0,0,0.2092,0.2092,0.0404,,middel
2026-09-28T10:17:17Z,2026-09-28T10:12:58Z,DKBW1905,HAVNEGADE BADEZONE,0,0,0.2092,0.2092,0.0404,,middel
2026-09-28T10:17:17Z,2026-09-28T10:12:58Z,DKBW1640,HAVNEVIGEN BADEZONE,0,0,0.2092,0.2092,0.0404,,middel
2026-09-28T10:17:17Z,2026-09-28T10:12:58Z,DKBW18,VED KONGELUNDSKROEN,,,,,,all-stormwater,hoej
2026-09-28T10:17:17Z,2026-09-28T10:12:58Z,DKBW1896,LA BANCHINA BADEZONE,0,0,0.2092,0.2092,0.0404,,middel
2026-09-28T10:17:17Z,2026-09-28T10:12:58Z,DKBW1914,MOERTELRENDEN,0,0,0.2092,0.2092,0.0404,,hoej
2026-09-28T10:17:17Z,2026-09-28T10:12:58Z,DKBW30,TAARBÆK SØBADEANSTALT,0.0017,0.0021,0.2092,0.2092,0.0404,,middel
2026-09-28T11:17:18Z,2026-09-28T11:12:58Z,DKBW16,SØVANG,,,,,,all-stormwater,hoej
2026-09-28T11:17:18Z,2026-09-28T11:12:58Z,DKBW1906,TEGLHOLM BRYGGE BADEZONE,0.0046,0.0047,0.2167,0.2167,0.1067,,middel
2026-09-28T11:17:18Z,2026-09-28T11:12:58Z,DKBW24,CHARLOTTENLUND STRANDPARK,0.0063,0.0071,0.2167,0.2167,0.1067,,middel
2026-09-28T11:17:18Z,2026-09-28T11:12:58Z,DKBW14,AMAGER SYDSTRAND,,,,,,all-stormwater,hoej
2026-09-28T11:17:18Z,2026-09-28T11:12:58Z,DKBW1526,"AMAGER STRANDPARK, ØRESUND",0.0004,0.0036,0.2167,0.2167,0.1067,,middel
2026-09-28T11:17:18Z,2026-09-28T11:12:58Z,DKBW1578,SLUSEHOLMEN HAVNEBAD,0,0,0.2167,0.2167,0.1067,,middel
2026-09-28T11:17:18Z,2026-09-28T11:12:58Z,DKBW1667,KALVEBOD BØLGE BADEZONE,0.0137,0.0112,0.2167,0.2167,0.1067,,middel
2026-09-28T11:17:18Z,2026-09-28T11:12:58Z,DKBW4,"KBS, UD FOR HYLDETANGEN",0.0177,0.0146,0.1607,0.1607,0.021,,middel
2026-09-28T11:17:18Z,2026-09-28T11:12:58Z,DKBW1464,"VALLENSBÆK STRAND, VED SKRUBBEN",,,,,,all-stormwater,hoej
2026-09-28T11:17:18Z,2026-09-28T11:12:58Z,DKBW1590,LODSPARKEN,0.0172,0.0142,0.2167,0.2167,0.1067,,middel
2026-09-28T11:17:18Z,2026-09-28T11:12:58Z,DKBW1593,TAARBÆK HAVN,0.0021,0.0026,0.2167,0.2167,0.1067,,middel
2026-09-28T11:17:18Z,2026-09-28T11:12:58Z,DKBW8,DRAGØR NORDSTRAND,0,0,0.2167,0.2167,0.1067,,middel
2026-09-28T11:17:18Z,2026-09-28T11:12:58Z,DKBW1904,STRANDEN VED VALBYPARKEN,0,0,0.2167,0.2167,0.1067,,middel
2026-09-28T11:17:18Z,2026-09-28T11:12:58Z,DKBW1913,HVIDOVRE HAVN,0.0172,0.0142,0.2167,0.2167,0.1067,,middel
2026-09-28T11:17:18Z,2026-09-28T11:12:58Z,DKBW32,FREDERIKSDAL FRIBAD,0.0207,0.0188,0.2472,0.2472,0.024,,lav
2026-09-28T11:17:18Z,2026-09-28T11:12:58Z,DKBW1527,"AMAGER STRANDPARK, LAGUNEN",0.0005,0.0038,0.2167,0.2167,0.1067,,middel
2026-09-28T11:17:18Z,2026-09-28T11:12:58Z,DKBW1598,SYD FOR KASTRUP LYSTBÅDEHAVN,0,0,0.2167,0.2167,0.1067,,middel
2026-09-28T11:17:18Z,2026-09-28T11:12:58Z,DKBW1629,HALFDANSGADE BADEZONE,0.0052,0.0049,0.2167,0.2167,0.1067,,middel
2026-09-28T11:17:18Z,2026-09-28T11:12:58Z,DKBW1652,SKOVSHOVED HAVBAD,0.004,0.0046,0.2167,0.2167,0.1067,,middel
2026-09-28T11:17:18Z,2026-09-28T11:12:58Z,DKBW1656,SØNDRE REFSHALE BADEZONE,0.0088,0.0079,0.2167,0.2167,0.1067,,hoej
2026-09-28T11:17:18Z,2026-09-28T11:12:58Z,DKBW1891,SKOVSHOVED SYD,0.0057,0.0069,0.2167,0.2167,0.1067,,middel
2026-09-28T11:17:18Z,2026-09-28T11:12:58Z,DKBW10,"DRAGØR SØBAD, NORD",0,0,0.2167,0.2167,0.1067,,middel
2026-09-28T11:17:18Z,2026-09-28T11:12:58Z,DKBW1528,FISKETORVET HAVNEBAD,0.005,0.0048,0.2167,0.2167,0.1067,,middel
2026-09-28T11:17:18Z,2026-09-28T11:12:58Z,DKBW1520,"KASTRUP SØBAD, NORD FOR KASTRUP LYSTBÅDEHAVN",0,0,0.2167,0.2167,0.1067,,hoej
2026-09-28T11:17:18Z,2026-09-28T11:12:58Z,DKBW1579,SVANEMØLLESTRANDEN,0.0074,0.0074,0.2167,0.2167,0.1067,,middel
2026-09-28T11:17:18Z,2026-09-28T11:12:58Z,DKBW1594,BOMBEGRUNDEN TAARBÆK,0,0,0.2167,0.2167,0.1067,,middel
2026-09-28T11:17:18Z,2026-09-28T11:12:58Z,DKBW1907,VANDTRAPPEN BADEZONE,0,0,0.2167,0.2167,0.1067,,middel
2026-09-28T11:17:18Z,2026-09-28T11:12:58Z,DKBW1908,BYSKOVEN BADEZONE,0,0,0.2167,0.2167,0.1067,,middel
2026-09-28T11:17:18Z,2026-09-28T11:12:58Z,DKBW20,BELLEVUE STRAND,0,0,0.2167,0.2167,0.1067,,middel
2026-09-28T11:17:18Z,2026-09-28T11:12:58Z,DKBW1772,KVÆSTHUSBROEN,0.0094,0.0081,0.2167,0.2167,0.1067,,hoej
2026-09-28T11:17:18Z,2026-09-28T11:12:58Z,DKBW1893,BADEANSTALT I VALLENSBÆK HAVN,,,,,,all-stormwater,hoej
2026-09-28T11:17:18Z,2026-09-28T11:12:58Z,DKBW26,HELLERUP STRAND,0.0068,0.0072,0.2167,0.2167,0.1067,,middel
2026-09-28T11:17:18Z,2026-09-28T11:12:58Z,DKBW1525,ISLANDS BRYGGE HAVNEBAD,0.0137,0.0112,0.2167,0.2167,0.1067,,middel
2026-09-28T11:17:18Z,2026-09-28T11:12:58Z,DKBW1624,HALVANDET BADEZONE,0.0085,0.0078,0.2167,0.2167,0.1067,,hoej
2026-09-28T11:17:18Z,2026-09-28T11:12:58Z,DKBW1648,SANDKAJ BADEZONE,0.008,0.0077,0.2167,0.2167,0.1067,,middel
2026-09-28T11:17:18Z,2026-09-28T11:12:58Z,DKBW1905,HAVNEGADE BADEZONE,0.0097,0.0084,0.2167,0.2167,0.1067,,hoej
2026-09-28T11:17:18Z,2026-09-28T11:12:58Z,DKBW1640,HAVNEVIGEN BADEZONE,0.0049,0.0048,0.2167,0.2167,0.1067,,middel
2026-09-28T11:17:18Z,2026-09-28T11:12:58Z,DKBW18,VED KONGELUNDSKROEN,,,,,,all-stormwater,hoej
2026-09-28T11:17:18Z,2026-09-28T11:12:58Z,DKBW1896,LA BANCHINA BADEZONE,0.0088,0.0079,0.2167,0.2167,0.1067,,hoej
2026-09-28T11:17:18Z,2026-09-28T11:12:58Z,DKBW1914,MOERTELRENDEN,0.016,0.0138,0.2167,0.2167,0.1067,,hoej
2026-09-28T11:17:18Z,2026-09-28T11:12:58Z,DKBW30,TAARBÆK SØBADEANSTALT,0,0,0.2167,0.2167,0.1067,,middel
2026-09-28T12:17:16Z,2026-09-28T12:12:57Z,DKBW16,SØVANG,,,,,,all-stormwater,hoej
2026-09-28T12:17:16Z,2026-09-28T12:12:57Z,DKBW1906,TEGLHOLM BRYGGE BADEZONE,0.0044,0.0046,0.2167,0.2167,0.1067,,middel
2026-09-28T12:17:16Z,2026-09-28T12:12:57Z,DKBW24,CHARLOTTENLUND STRANDPARK,0.006,0.0069,0.2167,0.2167,0.1067,,middel
2026-09-28T12:17:16Z,2026-09-28T12:12:57Z,DKBW14,AMAGER SYDSTRAND,,,,,,all-stormwater,hoej
2026-09-28T12:17:16Z,2026-09-28T12:12:57Z,DKBW1526,"AMAGER STRANDPARK, ØRESUND",0.0006,0.0041,0.2167,0.2167,0.1067,,middel
2026-09-28T12:17:16Z,2026-09-28T12:12:57Z,DKBW1578,SLUSEHOLMEN HAVNEBAD,0,0,0.2167,0.2167,0.1067,,middel
2026-09-28T12:17:16Z,2026-09-28T12:12:57Z,DKBW1667,KALVEBOD BØLGE BADEZONE,0.0137,0.0112,0.2167,0.2167,0.1067,,middel
2026-09-28T12:17:16Z,2026-09-28T12:12:57Z,DKBW4,"KBS, UD FOR HYLDETANGEN",0.0177,0.0146,0.1607,0.1607,0.021,,middel
2026-09-28T12:17:16Z,2026-09-28T12:12:57Z,DKBW1464,"VALLENSBÆK STRAND, VED SKRUBBEN",,,,,,all-stormwater,hoej
2026-09-28T12:17:16Z,2026-09-28T12:12:57Z,DKBW1590,LODSPARKEN,0.0172,0.0142,0.2167,0.2167,0.1067,,middel
2026-09-28T12:17:16Z,2026-09-28T12:12:57Z,DKBW1593,TAARBÆK HAVN,0.002,0.0025,0.2167,0.2167,0.1067,,middel
2026-09-28T12:17:16Z,2026-09-28T12:12:57Z,DKBW8,DRAGØR NORDSTRAND,0,0,0.2167,0.2167,0.1067,,middel
2026-09-28T12:17:16Z,2026-09-28T12:12:57Z,DKBW1904,STRANDEN VED VALBYPARKEN,0,0,0.2167,0.2167,0.1067,,middel
2026-09-28T12:17:16Z,2026-09-28T12:12:57Z,DKBW1913,HVIDOVRE HAVN,0.0172,0.0142,0.2167,0.2167,0.1067,,middel
2026-09-28T12:17:16Z,2026-09-28T12:12:57Z,DKBW32,FREDERIKSDAL FRIBAD,0.0207,0.0188,0.2472,0.2472,0.024,,lav
2026-09-28T12:17:16Z,2026-09-28T12:12:57Z,DKBW1527,"AMAGER STRANDPARK, LAGUNEN",0.0007,0.0043,0.2167,0.2167,0.1067,,middel
2026-09-28T12:17:16Z,2026-09-28T12:12:57Z,DKBW1598,SYD FOR KASTRUP LYSTBÅDEHAVN,0,0,0.2167,0.2167,0.1067,,middel
2026-09-28T12:17:16Z,2026-09-28T12:12:57Z,DKBW1629,HALFDANSGADE BADEZONE,0.0051,0.0049,0.2167,0.2167,0.1067,,middel
2026-09-28T12:17:16Z,2026-09-28T12:12:57Z,DKBW1652,SKOVSHOVED HAVBAD,0.0037,0.0045,0.2167,0.2167,0.1067,,middel
2026-09-28T12:17:16Z,2026-09-28T12:12:57Z,DKBW1656,SØNDRE REFSHALE BADEZONE,0.0086,0.0078,0.2167,0.2167,0.1067,,hoej
2026-09-28T12:17:16Z,2026-09-28T12:12:57Z,DKBW1891,SKOVSHOVED SYD,0.0054,0.0067,0.2167,0.2167,0.1067,,middel
2026-09-28T12:17:16Z,2026-09-28T12:12:57Z,DKBW10,"DRAGØR SØBAD, NORD",0,0,0.2167,0.2167,0.1067,,middel
2026-09-28T12:17:16Z,2026-09-28T12:12:57Z,DKBW1528,FISKETORVET HAVNEBAD,0.0048,0.0048,0.2167,0.2167,0.1067,,middel
2026-09-28T12:17:16Z,2026-09-28T12:12:57Z,DKBW1520,"KASTRUP SØBAD, NORD FOR KASTRUP LYSTBÅDEHAVN",0,0,0.2167,0.2167,0.1067,,hoej
2026-09-28T12:17:16Z,2026-09-28T12:12:57Z,DKBW1579,SVANEMØLLESTRANDEN,0.0071,0.0074,0.2167,0.2167,0.1067,,middel
2026-09-28T12:17:16Z,2026-09-28T12:12:57Z,DKBW1594,BOMBEGRUNDEN TAARBÆK,0,0,0.2167,0.2167,0.1067,,middel
2026-09-28T12:17:16Z,2026-09-28T12:12:57Z,DKBW1907,VANDTRAPPEN BADEZONE,0,0,0.2167,0.2167,0.1067,,middel
2026-09-28T12:17:16Z,2026-09-28T12:12:57Z,DKBW1908,BYSKOVEN BADEZONE,0,0,0.2167,0.2167,0.1067,,middel
2026-09-28T12:17:16Z,2026-09-28T12:12:57Z,DKBW20,BELLEVUE STRAND,0,0,0.2167,0.2167,0.1067,,middel
2026-09-28T12:17:16Z,2026-09-28T12:12:57Z,DKBW1772,KVÆSTHUSBROEN,0.0094,0.0081,0.2167,0.2167,0.1067,,hoej
2026-09-28T12:17:16Z,2026-09-28T12:12:57Z,DKBW1893,BADEANSTALT I VALLENSBÆK HAVN,,,,,,all-stormwater,hoej
2026-09-28T12:17:16Z,2026-09-28T12:12:57Z,DKBW26,HELLERUP STRAND,0.0065,0.0071,0.2167,0.2167,0.1067,,middel
2026-09-28T12:17:16Z,2026-09-28T12:12:57Z,DKBW1525,ISLANDS BRYGGE HAVNEBAD,0.0137,0.0112,0.2167,0.2167,0.1067,,middel
2026-09-28T12:17:16Z,2026-09-28T12:12:57Z,DKBW1624,HALVANDET BADEZONE,0.0084,0.0078,0.2167,0.2167,0.1067,,hoej
2026-09-28T12:17:16Z,2026-09-28T12:12:57Z,DKBW1648,SANDKAJ BADEZONE,0.0078,0.0076,0.2167,0.2167,0.1067,,middel
2026-09-28T12:17:16Z,2026-09-28T12:12:57Z,DKBW1905,HAVNEGADE BADEZONE,0.0096,0.0086,0.2167,0.2167,0.1067,,hoej
2026-09-28T12:17:16Z,2026-09-28T12:12:57Z,DKBW1640,HAVNEVIGEN BADEZONE,0.0048,0.0048,0.2167,0.2167,0.1067,,middel
2026-09-28T12:17:16Z,2026-09-28T12:12:57Z,DKBW18,VED KONGELUNDSKROEN,,,,,,all-stormwater,hoej
2026-09-28T12:17:16Z,2026-09-28T12:12:57Z,DKBW1896,LA BANCHINA BADEZONE,0.0086,0.0078,0.2167,0.2167,0.1067,,hoej
2026-09-28T12:17:16Z,2026-09-28T12:12:57Z,DKBW1914,MOERTELRENDEN,0.0159,0.0138,0.2167,0.2167,0.1067,,hoej
2026-09-28T12:17:16Z,2026-09-28T12:12:57Z,DKBW30,TAARBÆK SØBADEANSTALT,0,0,0.2167,0.2167,0.1067,,middel
2026-09-28T13:17:18Z,2026-09-28T13:12:58Z,DKBW16,SØVANG,,,,,,all-stormwater,hoej
2026-09-28T13:17:18Z,2026-09-28T13:12:58Z,DKBW1906,TEGLHOLM BRYGGE BADEZONE,0.0045,0.0047,0.2167,0.2167,0.1067,,middel
2026-09-28T13:17:18Z,2026-09-28T13:12:58Z,DKBW24,CHARLOTTENLUND STRANDPARK,0.0062,0.007,0.2167,0.2167,0.1067,,middel
2026-09-28T13:17:18Z,2026-09-28T13:12:58Z,DKBW14,AMAGER SYDSTRAND,,,,,,all-stormwater,hoej
2026-09-28T13:17:18Z,2026-09-28T13:12:58Z,DKBW1526,"AMAGER STRANDPARK, ØRESUND",0.0,0.0,0.2167,0.2167,0.1067,,middel
2026-09-28T13:17:18Z,2026-09-28T13:12:58Z,DKBW1578,SLUSEHOLMEN HAVNEBAD,0.0,0.0,0.2167,0.2167,0.1067,,middel
2026-09-28T13:17:18Z,2026-09-28T13:12:58Z,DKBW1667,KALVEBOD BØLGE BADEZONE,0.0137,0.0112,0.2167,0.2167,0.1067,,middel
2026-09-28T13:17:18Z,2026-09-28T13:12:58Z,DKBW4,"KBS, UD FOR HYLDETANGEN",0.0177,0.0146,0.1607,0.1607,0.021,,middel
2026-09-28T13:17:18Z,2026-09-28T13:12:58Z,DKBW1464,"VALLENSBÆK STRAND, VED SKRUBBEN",,,,,,all-stormwater,hoej
2026-09-28T13:17:18Z,2026-09-28T13:12:58Z,DKBW1590,LODSPARKEN,0.0172,0.0142,0.2167,0.2167,0.1067,,middel
2026-09-28T13:17:18Z,2026-09-28T13:12:58Z,DKBW1593,TAARBÆK HAVN,0,0,0.2167,0.2167,0.1067,,middel
2026-09-28T13:17:18Z,2026-09-28T13:12:58Z,DKBW8,DRAGØR NORDSTRAND,0.0,0.0,0.2167,0.2167,0.1067,,middel
2026-09-28T13:17:18Z,2026-09-28T13:12:58Z,DKBW1904,STRANDEN VED VALBYPARKEN,0.0,0.0,0.2167,0.2167,0.1067,,middel
2026-09-28T13:17:18Z,2026-09-28T13:12:58Z,DKBW1913,HVIDOVRE HAVN,0.0172,0.0142,0.2167,0.2167,0.1067,,middel
2026-09-28T13:17:18Z,2026-09-28T13:12:58Z,DKBW32,FREDERIKSDAL FRIBAD,0.0207,0.0188,0.2472,0.2472,0.024,,lav
2026-09-28T13:17:18Z,2026-09-28T13:12:58Z,DKBW1527,"AMAGER STRANDPARK, LAGUNEN",0.0,0.0,0.2167,0.2167,0.1067,,middel
2026-09-28T13:17:18Z,2026-09-28T13:12:58Z,DKBW1598,SYD FOR KASTRUP LYSTBÅDEHAVN,0.0,0.0,0.2167,0.2167,0.1067,,middel
2026-09-28T13:17:18Z,2026-09-28T13:12:58Z,DKBW1629,HALFDANSGADE BADEZONE,0.0051,0.0049,0.2167,0.2167,0.1067,,middel
2026-09-28T13:17:18Z,2026-09-28T13:12:58Z,DKBW1652,SKOVSHOVED HAVBAD,0.0039,0.0045,0.2167,0.2167,0.1067,,middel
2026-09-28T13:17:18Z,2026-09-28T13:12:58Z,DKBW1656,SØNDRE REFSHALE BADEZONE,0.0087,0.0079,0.2167,0.2167,0.1067,,hoej
2026-09-28T13:17:18Z,2026-09-28T13:12:58Z,DKBW1891,SKOVSHOVED SYD,0.0056,0.0068,0.2167,0.2167,0.1067,,middel
2026-09-28T13:17:18Z,2026-09-28T13:12:58Z,DKBW10,"DRAGØR SØBAD, NORD",0,0,0.2167,0.2167,0.1067,,middel
2026-09-28T13:17:18Z,2026-09-28T13:12:58Z,DKBW1528,FISKETORVET HAVNEBAD,0.0049,0.0048,0.2167,0.2167,0.1067,,middel
2026-09-28T13:17:18Z,2026-09-28T13:12:58Z,DKBW1520,"KASTRUP SØBAD, NORD FOR KASTRUP LYSTBÅDEHAVN",0.0,0.0,0.2167,0.2167,0.1067,,middel
2026-09-28T13:17:18Z,2026-09-28T13:12:58Z,DKBW1579,SVANEMØLLESTRANDEN,0.0072,0.0074,0.2167,0.2167,0.1067,,middel
2026-09-28T13:17:18Z,2026-09-28T13:12:58Z,DKBW1594,BOMBEGRUNDEN TAARBÆK,0,0,0.2167,0.2167,0.1067,,hoej
2026-09-28T13:17:18Z,2026-09-28T13:12:58Z,DKBW1907,VANDTRAPPEN BADEZONE,0.0045,0.0047,0.2167,0.2167,0.1067,,middel
2026-09-28T13:17:18Z,2026-09-28T13:12:58Z,DKBW1908,BYSKOVEN BADEZONE,0.0,0.0,0.2167,0.2167,0.1067,,middel
2026-09-28T13:17:18Z,2026-09-28T13:12:58Z,DKBW20,BELLEVUE STRAND,0,0,0.2167,0.2167,0.1067,,hoej
2026-09-28T13:17:18Z,2026-09-28T13:12:58Z,DKBW1772,KVÆSTHUSBROEN,0.0094,0.0081,0.2167,0.2167,0.1067,,hoej
2026-09-28T13:17:18Z,2026-09-28T13:12:58Z,DKBW1893,BADEANSTALT I VALLENSBÆK HAVN,,,,,,all-stormwater,hoej
2026-09-28T13:17:18Z,2026-09-28T13:12:58Z,DKBW26,HELLERUP STRAND,0.0066,0.0072,0.2167,0.2167,0.1067,,middel
2026-09-28T13:17:18Z,2026-09-28T13:12:58Z,DKBW1525,ISLANDS BRYGGE HAVNEBAD,0.0137,0.0112,0.2167,0.2167,0.1067,,middel
2026-09-28T13:17:18Z,2026-09-28T13:12:58Z,DKBW1624,HALVANDET BADEZONE,0.0084,0.0078,0.2167,0.2167,0.1067,,hoej
2026-09-28T13:17:18Z,2026-09-28T13:12:58Z,DKBW1648,SANDKAJ BADEZONE,0.0079,0.0076,0.2167,0.2167,0.1067,,middel
2026-09-28T13:17:18Z,2026-09-28T13:12:58Z,DKBW1905,HAVNEGADE BADEZONE,0.0096,0.0081,0.2167,0.2167,0.1067,,hoej
2026-09-28T13:17:18Z,2026-09-28T13:12:58Z,DKBW1640,HAVNEVIGEN BADEZONE,0.0049,0.0048,0.2167,0.2167,0.1067,,middel
2026-09-28T13:17:18Z,2026-09-28T13:12:58Z,DKBW18,VED KONGELUNDSKROEN,,,,,,all-stormwater,hoej
2026-09-28T13:17:18Z,2026-09-28T13:12:58Z,DKBW1896,LA BANCHINA BADEZONE,0.0087,0.0079,0.2167,0.2167,0.1067,,hoej
2026-09-28T13:17:18Z,2026-09-28T13:12:58Z,DKBW1914,MOERTELRENDEN,0.016,0.0138,0.2167,0.2167,0.1067,,hoej
2026-09-28T13:17:18Z,2026-09-28T13:12:58Z,DKBW30,TAARBÆK SØBADEANSTALT,0,0,0.2167,0.2167,0.1067,,middel
2026-09-28T14:17:18Z,2026-09-28T14:12:58Z,DKBW16,SØVANG,,,,,,all-stormwater,hoej
2026-09-28T14:17:18Z,2026-09-28T14:12:58Z,DKBW1906,TEGLHOLM BRYGGE BADEZONE,0.0943,0.285,0.2149,0.285,0.2322,,middel
2026-09-28T14:17:18Z,2026-09-28T14:12:58Z,DKBW24,CHARLOTTENLUND STRANDPARK,0.057,0.069,0.2149,0.2149,0.2322,,middel
2026-09-28T14:17:18Z,2026-09-28T14:12:58Z,DKBW14,AMAGER SYDSTRAND,,,,,,all-stormwater,hoej
2026-09-28T14:17:18Z,2026-09-28T14:12:58Z,DKBW1526,"AMAGER STRANDPARK, ØRESUND",0.0137,0.0137,0.2149,0.2149,0.2322,,middel
2026-09-28T14:17:18Z,2026-09-28T14:12:58Z,DKBW1578,SLUSEHOLMEN HAVNEBAD,0.016,0.0144,0.2149,0.2149,0.2322,,hoej
2026-09-28T14:17:18Z,2026-09-28T14:12:58Z,DKBW1667,KALVEBOD BØLGE BADEZONE,0.0807,0.0773,0.2149,0.2149,0.2322,,middel
2026-09-28T14:17:18Z,2026-09-28T14:12:58Z,DKBW4,"KBS, UD FOR HYLDETANGEN",0.177,0.3477,0.1602,0.3477,0.1959,,middel
2026-09-28T14:17:18Z,2026-09-28T14:12:58Z,DKBW1464,"VALLENSBÆK STRAND, VED SKRUBBEN",,,,,,all-stormwater,hoej
2026-09-28T14:17:18Z,2026-09-28T14:12:58Z,DKBW1590,LODSPARKEN,0.0127,0.0133,0.2149,0.2149,0.2322,,middel
2026-09-28T14:17:18Z,2026-09-28T14:12:58Z,DKBW1593,TAARBÆK HAVN,0.0908,0.074,0.2149,0.2149,0.2322,,middel
2026-09-28T14:17:18Z,2026-09-28T14:12:58Z,DKBW8,DRAGØR NORDSTRAND,0,0,0.2149,0.2149,0.2322,,middel
2026-09-28T14:17:18Z,2026-09-28T14:12:58Z,DKBW1904,STRANDEN VED VALBYPARKEN,0.0142,0.054,0.2149,0.2149,0.2322,,middel
2026-09-28T14:17:18Z,2026-09-28T14:12:58Z,DKBW1913,HVIDOVRE HAVN,0.0127,0.0133,0.2149,0.2149,0.2322,,middel
2026-09-28T14:17:18Z,2026-09-28T14:12:58Z,DKBW32,FREDERIKSDAL FRIBAD,0.0724,0.0656,0.2466,0.2466,0.0839,,lav
2026-09-28T14:17:18Z,2026-09-28T14:12:58Z,DKBW1527,"AMAGER STRANDPARK, LAGUNEN",0.0139,0.0137,0.2149,0.2149,0.2322,,middel
2026-09-28T14:17:18Z,2026-09-28T14:12:58Z,DKBW1598,SYD FOR KASTRUP LYSTBÅDEHAVN,0,0,0.2149,0.2149,0.2322,,middel
2026-09-28T14:17:18Z,2026-09-28T14:12:58Z,DKBW1629,HALFDANSGADE BADEZONE,0.08,0.0771,0.2149,0.2149,0.2322,,middel
2026-09-28T14:17:18Z,2026-09-28T14:12:58Z,DKBW1652,SKOVSHOVED HAVBAD,0.0374,0.0455,0.2149,0.2149,0.2322,,middel
2026-09-28T14:17:18Z,2026-09-28T14:12:58Z,DKBW1656,SØNDRE REFSHALE BADEZONE,0.0854,0.0788,0.2149,0.2149,0.2322,,hoej
2026-09-28T14:17:18Z,2026-09-28T14:12:58Z,DKBW1891,SKOVSHOVED SYD,0.052,0.0669,0.2149,0.2149,0.2322,,middel
2026-09-28T14:17:18Z,2026-09-28T14:12:58Z,DKBW10,"DRAGØR SØBAD, NORD",0,0,0.2149,0.2149,0.2322,,middel
2026-09-28T14:17:18Z,2026-09-28T14:12:58Z,DKBW1528,FISKETORVET HAVNEBAD,0.0761,0.0759,0.2149,0.2149,0.2322,,middel
2026-09-28T14:17:18Z,2026-09-28T14:12:58Z,DKBW1520,"KASTRUP SØBAD, NORD FOR KASTRUP LYSTBÅDEHAVN",0,0,0.2149,0.2149,0.2322,,hoej
2026-09-28T14:17:18Z,2026-09-28T14:12:58Z,DKBW1579,SVANEMØLLESTRANDEN,0.0669,0.0727,0.2149,0.2149,0.2322,,middel
2026-09-28T14:17:18Z,2026-09-28T14:12:58Z,DKBW1594,BOMBEGRUNDEN TAARBÆK,0.0,0.0,0.2149,0.2149,0.2322,,middel
2026-09-28T14:17:18Z,2026-09-28T14:12:58Z,DKBW1907,VANDTRAPPEN BADEZONE,0.0941,0.2847,0.2149,0.2847,0.2322,,middel
2026-09-28T14:17:18Z,2026-09-28T14:12:58Z,DKBW1908,BYSKOVEN BADEZONE,0.0,0.0,0.2149,0.2149,0.2322,,middel
2026-09-28T14:17:18Z,2026-09-28T14:12:58Z,DKBW20,BELLEVUE STRAND,0.0,0.0001,0.2149,0.2149,0.2322,,middel
2026-09-28T14:17:18Z,2026-09-28T14:12:58Z,DKBW1772,KVÆSTHUSBROEN,0.0857,0.0789,0.2149,0.2149,0.2322,,hoej
2026-09-28T14:17:18Z,2026-09-28T14:12:58Z,DKBW1893,BADEANSTALT I VALLENSBÆK HAVN,,,,,,all-stormwater,hoej
2026-09-28T14:17:18Z,2026-09-28T14:12:58Z,DKBW26,HELLERUP STRAND,0.0611,0.0706,0.2149,0.2149,0.2322,,middel
2026-09-28T14:17:18Z,2026-09-28T14:12:58Z,DKBW1525,ISLANDS BRYGGE HAVNEBAD,0.0812,0.0775,0.2149,0.2149,0.2322,,middel
2026-09-28T14:17:18Z,2026-09-28T14:12:58Z,DKBW1624,HALVANDET BADEZONE,0.0827,0.078,0.2149,0.2149,0.2322,,middel
2026-09-28T14:17:18Z,2026-09-28T14:12:58Z,DKBW1648,SANDKAJ BADEZONE,0.075,0.0755,0.2149,0.2149,0.2322,,middel
2026-09-28T14:17:18Z,2026-09-28T14:12:58Z,DKBW1905,HAVNEGADE BADEZONE,0.0857,0.0789,0.2149,0.2149,0.2322,,hoej
2026-09-28T14:17:18Z,2026-09-28T14:12:58Z,DKBW1640,HAVNEVIGEN BADEZONE,0.0752,0.0756,0.2149,0.2149,0.2322,,middel
2026-09-28T14:17:18Z,2026-09-28T14:12:58Z,DKBW18,VED KONGELUNDSKROEN,,,,,,all-stormwater,hoej
2026-09-28T14:17:18Z,2026-09-28T14:12:58Z,DKBW1896,LA BANCHINA BADEZONE,0.0863,0.0791,0.2149,0.2149,0.2322,,hoej
2026-09-28T14:17:18Z,2026-09-28T14:12:58Z,DKBW1914,MOERTELRENDEN,0.0128,0.0134,0.2149,0.2149,0.2322,,middel
2026-09-28T14:17:18Z,2026-09-28T14:12:58Z,DKBW30,TAARBÆK SØBADEANSTALT,0.0904,0.0739,0.2149,0.2149,0.2322,,middel
2026-09-28T15:17:17Z,2026-09-28T15:12:58Z,DKBW16,SØVANG,,,,,,all-stormwater,hoej
2026-09-28T15:17:17Z,2026-09-28T15:12:58Z,DKBW1906,TEGLHOLM BRYGGE BADEZONE,0.09,0.2806,0.2149,0.2806,0.2268,,middel
2026-09-28T15:17:17Z,2026-09-28T15:12:58Z,DKBW24,CHARLOTTENLUND STRANDPARK,0.0495,0.0643,0.2149,0.2149,0.2268,,middel
2026-09-28T15:17:17Z,2026-09-28T15:12:58Z,DKBW14,AMAGER SYDSTRAND,,,,,,all-stormwater,hoej
2026-09-28T15:17:17Z,2026-09-28T15:12:58Z,DKBW1526,"AMAGER STRANDPARK, ØRESUND",0.012,0.0125,0.2149,0.2149,0.2268,,middel
2026-09-28T15:17:17Z,2026-09-28T15:12:58Z,DKBW1578,SLUSEHOLMEN HAVNEBAD,0.0145,0.0133,0.2149,0.2149,0.2268,,hoej
2026-09-28T15:17:17Z,2026-09-28T15:12:58Z,DKBW1667,KALVEBOD BØLGE BADEZONE,0.0747,0.0737,0.2149,0.2149,0.2268,,middel
2026-09-28T15:17:17Z,2026-09-28T15:12:58Z,DKBW4,"KBS, UD FOR HYLDETANGEN",0.1795,0.3478,0.1602,0.3478,0.1986,,middel
2026-09-28T15:17:17Z,2026-09-28T15:12:58Z,DKBW1464,"VALLENSBÆK STRAND, VED SKRUBBEN",,,,,,all-stormwater,hoej
2026-09-28T15:17:17Z,2026-09-28T15:12:58Z,DKBW1590,LODSPARKEN,0.0111,0.0845,0.2149,0.2149,0.2268,,middel
2026-09-28T15:17:17Z,2026-09-28T15:12:58Z,DKBW1593,TAARBÆK HAVN,0.0875,0.0713,0.2149,0.2149,0.2268,,middel
2026-09-28T15:17:17Z,2026-09-28T15:12:58Z,DKBW8,DRAGØR NORDSTRAND,0,0,0.2149,0.2149,0.2268,,middel
2026-09-28T15:17:17Z,2026-09-28T15:12:58Z,DKBW1904,STRANDEN VED VALBYPARKEN,0.0146,0.154,0.2149,0.2149,0.2268,,hoej
2026-09-28T15:17:17Z,2026-09-28T15:12:58Z,DKBW1913,HVIDOVRE HAVN,0.0111,0.0815,0.2149,0.2149,0.2268,,middel
2026-09-28T15:17:17Z,2026-09-28T15:12:58Z,DKBW32,FREDERIKSDAL FRIBAD,0.0698,0.0633,0.2466,0.2466,0.0809,,lav
2026-09-28T15:17:17Z,2026-09-28T15:12:58Z,DKBW1527,"AMAGER STRANDPARK, LAGUNEN",0.0123,0.0126,0.2149,0.2149,0.2268,,middel
2026-09-28T15:17:17Z,2026-09-28T15:12:58Z,DKBW1598,SYD FOR KASTRUP LYSTBÅDEHAVN,0,0,0.2149,0.2149,0.2268,,middel
2026-09-28T15:17:17Z,2026-09-28T15:12:58Z,DKBW1629,HALFDANSGADE BADEZONE,0.0739,0.0734,0.2149,0.2149,0.2268,,middel
2026-09-28T15:17:17Z,2026-09-28T15:12:58Z,DKBW1652,SKOVSHOVED HAVBAD,0.0323,0.0423,0.2149,0.2149,0.2268,,middel
2026-09-28T15:17:17Z,2026-09-28T15:12:58Z,DKBW1656,SØNDRE REFSHALE BADEZONE,0.0799,0.0753,0.2149,0.2149,0.2268,,hoej
2026-09-28T15:17:17Z,2026-09-28T15:12:58Z,DKBW1891,SKOVSHOVED SYD,0.0444,0.062,0.2149,0.2149,0.2268,,middel
2026-09-28T15:17:17Z,2026-09-28T15:12:58Z,DKBW10,"DRAGØR SØBAD, NORD",0,0,0.2149,0.2149,0.2268,,middel
2026-09-28T15:17:17Z,2026-09-28T15:12:58Z,DKBW1528,FISKETORVET HAVNEBAD,0.0697,0.072,0.2149,0.2149,0.2268,,middel
2026-09-28T15:17:17Z,2026-09-28T15:12:58Z,DKBW1520,"KASTRUP SØBAD, NORD FOR KASTRUP LYSTBÅDEHAVN",0,0,0.2149,0.2149,0.2268,,hoej
2026-09-28T15:17:17Z,2026-09-28T15:12:58Z,DKBW1579,SVANEMØLLESTRANDEN,0.0597,0.0684,0.2149,0.2149,0.2268,,middel
2026-09-28T15:17:17Z,2026-09-28T15:12:58Z,DKBW1594,BOMBEGRUNDEN TAARBÆK,0.0,0.0021,0.2149,0.2149,0.2268,,middel
2026-09-28T15:17:17Z,2026-09-28T15:12:58Z,DKBW1907,VANDTRAPPEN BADEZONE,0.0897,0.2803,0.2149,0.2803,0.2268,,middel
2026-09-28T15:17:17Z,2026-09-28T15:12:58Z,DKBW1908,BYSKOVEN BADEZONE,0.0028,0.0898,0.2149,0.2149,0.2268,,middel
2026-09-28T15:17:17Z,2026-09-28T15:12:58Z,DKBW20,BELLEVUE STRAND,0.0,0.0026,0.2149,0.2149,0.2268,,middel
2026-09-28T15:17:17Z,2026-09-28T15:12:58Z,DKBW1772,KVÆSTHUSBROEN,0.0802,0.0754,0.2149,0.2149,0.2268,,hoej
2026-09-28T15:17:17Z,2026-09-28T15:12:58Z,DKBW1893,BADEANSTALT I VALLENSBÆK HAVN,,,,,,all-stormwater,hoej
2026-09-28T15:17:17Z,2026-09-28T15:12:58Z,DKBW26,HELLERUP STRAND,0.0537,0.0661,0.2149,0.2149,0.2268,,middel
2026-09-28T15:17:17Z,2026-09-28T15:12:58Z,DKBW1525,ISLANDS BRYGGE HAVNEBAD,0.0753,0.0739,0.2149,0.2149,0.2268,,middel
2026-09-28T15:17:17Z,2026-09-28T15:12:58Z,DKBW1624,HALVANDET BADEZONE,0.0769,0.0744,0.2149,0.2149,0.2268,,middel
2026-09-28T15:17:17Z,2026-09-28T15:12:58Z,DKBW1648,SANDKAJ BADEZONE,0.0685,0.0716,0.2149,0.2149,0.2268,,middel
2026-09-28T15:17:17Z,2026-09-28T15:12:58Z,DKBW1905,HAVNEGADE BADEZONE,0.0803,0.0755,0.2149,0.2149,0.2268,,hoej
2026-09-28T15:17:17Z,2026-09-28T15:12:58Z,DKBW1640,HAVNEVIGEN BADEZONE,0.0687,0.0717,0.2149,0.2149,0.2268,,middel
2026-09-28T15:17:17Z,2026-09-28T15:12:58Z,DKBW18,VED KONGELUNDSKROEN,,,,,,all-stormwater,hoej
2026-09-28T15:17:17Z,2026-09-28T15:12:58Z,DKBW1896,LA BANCHINA BADEZONE,0.0809,0.0756,0.2149,0.2149,0.2268,,hoej
2026-09-28T15:17:17Z,2026-09-28T15:12:58Z,DKBW1914,MOERTELRENDEN,0.0112,0.0895,0.2149,0.2149,0.2268,,middel
2026-09-28T15:17:17Z,2026-09-28T15:12:58Z,DKBW30,TAARBÆK SØBADEANSTALT,0.0871,0.0712,0.2149,0.2149,0.2268,,middel
2026-09-28T16:17:19Z,2026-09-28T16:12:57Z,DKBW16,SØVANG,,,,,,all-stormwater,hoej
2026-09-28T16:17:19Z,2026-09-28T16:12:57Z,DKBW1906,TEGLHOLM BRYGGE BADEZONE,0.0866,0.2768,0.2149,0.2768,0.2227,,middel
2026-09-28T16:17:19Z,2026-09-28T16:12:57Z,DKBW24,CHARLOTTENLUND STRANDPARK,0.0395,0.0584,0.2149,0.2149,0.2227,,middel
2026-09-28T16:17:19Z,2026-09-28T16:12:57Z,DKBW14,AMAGER SYDSTRAND,,,,,,all-stormwater,hoej
2026-09-28T16:17:19Z,2026-09-28T16:12:57Z,DKBW1526,"AMAGER STRANDPARK, ØRESUND",0,0,0.2149,0.2149,0.2227,,hoej
2026-09-28T16:17:19Z,2026-09-28T16:12:57Z,DKBW1578,SLUSEHOLMEN HAVNEBAD,0.0129,0.0121,0.2149,0.2149,0.2227,,hoej
2026-09-28T16:17:19Z,2026-09-28T16:12:57Z,DKBW1667,KALVEBOD BØLGE BADEZONE,0.0668,0.0694,0.2149,0.2149,0.2227,,middel
2026-09-28T16:17:19Z,2026-09-28T16:12:57Z,DKBW4,"KBS, UD FOR HYLDETANGEN",0.1741,0.3428,0.1602,0.3428,0.193,,middel
2026-09-28T16:17:19Z,2026-09-28T16:12:57Z,DKBW1464,"VALLENSBÆK STRAND, VED SKRUBBEN",,,,,,all-stormwater,hoej
2026-09-28T16:17:19Z,2026-09-28T16:12:57Z,DKBW1590,LODSPARKEN,0.0135,0.1498,0.2149,0.2149,0.2227,,middel
2026-09-28T16:17:19Z,2026-09-28T16:12:57Z,DKBW1593,TAARBÆK HAVN,0.0843,0.0687,0.2149,0.2149,0.2227,,middel
2026-09-28T16:17:19Z,2026-09-28T16:12:57Z,DKBW8,DRAGØR NORDSTRAND,0,0,0.2149,0.2149,0.2227,,hoej
2026-09-28T16:17:19Z,2026-09-28T16:12:57Z,DKBW1904,STRANDEN VED VALBYPARKEN,0.0343,0.2038,0.2149,0.2149,0.2227,,hoej
2026-09-28T16:17:19Z,2026-09-28T16:12:57Z,DKBW1913,HVIDOVRE HAVN,0.0127,0.147,0.2149,0.2149,0.2227,,middel
2026-09-28T16:17:19Z,2026-09-28T16:12:57Z,DKBW32,FREDERIKSDAL FRIBAD,0.0673,0.061,0.2466,0.2466,0.078,,lav
2026-09-28T16:17:19Z,2026-09-28T16:12:57Z,DKBW1527,"AMAGER STRANDPARK, LAGUNEN",0,0,0.2149,0.2149,0.2227,,hoej
2026-09-28T16:17:19Z,2026-09-28T16:12:57Z,DKBW1598,SYD FOR KASTRUP LYSTBÅDEHAVN,0,0,0.2149,0.2149,0.2227,,middel
2026-09-28T16:17:19Z,2026-09-28T16:12:57Z,DKBW1629,HALFDANSGADE BADEZONE,0.0659,0.0691,0.2149,0.2149,0.2227,,middel
2026-09-28T16:17:19Z,2026-09-28T16:12:57Z,DKBW1652,SKOVSHOVED HAVBAD,0.0255,0.038,0.2149,0.2149,0.2227,,middel
2026-09-28T16:17:19Z,2026-09-28T16:12:57Z,DKBW1656,SØNDRE REFSHALE BADEZONE,0.0729,0.0714,0.2149,0.2149,0.2227,,hoej
2026-09-28T16:17:19Z,2026-09-28T16:12:57Z,DKBW1891,SKOVSHOVED SYD,0.0344,0.0558,0.2149,0.2149,0.2227,,middel
2026-09-28T16:17:19Z,2026-09-28T16:12:57Z,DKBW10,"DRAGØR SØBAD, NORD",0,0,0.2149,0.2149,0.2227,,hoej
2026-09-28T16:17:19Z,2026-09-28T16:12:57Z,DKBW1528,FISKETORVET HAVNEBAD,0.0612,0.0674,0.2149,0.2149,0.2227,,middel
2026-09-28T16:17:19Z,2026-09-28T16:12:57Z,DKBW1520,"KASTRUP SØBAD, NORD FOR KASTRUP LYSTBÅDEHAVN",0,0,0.2149,0.2149,0.2227,,hoej
2026-09-28T16:17:19Z,2026-09-28T16:12:57Z,DKBW1579,SVANEMØLLESTRANDEN,0.0503,0.0632,0.2149,0.2149,0.2227,,middel
2026-09-28T16:17:19Z,2026-09-28T16:12:57Z,DKBW1594,BOMBEGRUNDEN TAARBÆK,0.0007,0.0061,0.2149,0.2149,0.2227,,middel
2026-09-28T16:17:19Z,2026-09-28T16:12:57Z,DKBW1907,VANDTRAPPEN BADEZONE,0.0864,0.2765,0.2149,0.2765,0.2227,,middel
2026-09-28T16:17:19Z,2026-09-28T16:12:57Z,DKBW1908,BYSKOVEN BADEZONE,0.0148,0.1545,0.2149,0.2149,0.2227,,middel
2026-09-28T16:17:19Z,2026-09-28T16:12:57Z,DKBW20,BELLEVUE STRAND,0.0009,0.0068,0.2149,0.2149,0.2227,,middel
2026-09-28T16:17:19Z,2026-09-28T16:12:57Z,DKBW1772,KVÆSTHUSBROEN,0.0732,0.0715,0.2149,0.2149,0.2227,,hoej
2026-09-28T16:17:19Z,2026-09-28T16:12:57Z,DKBW1893,BADEANSTALT I VALLENSBÆK HAVN,,,,,,all-stormwater,hoej
2026-09-28T16:17:19Z,2026-09-28T16:12:57Z,DKBW26,HELLERUP STRAND,0.0439,0.0604,0.2149,0.2149,0.2227,,middel
2026-09-28T16:17:19Z,2026-09-28T16:12:57Z,DKBW1525,ISLANDS BRYGGE HAVNEBAD,0.0676,0.0697,0.2149,0.2149,0.2227,,middel
2026-09-28T16:17:19Z,2026-09-28T16:12:57Z,DKBW1624,HALVANDET BADEZONE,0.0694,0.0703,0.2149,0.2149,0.2227,,middel
2026-09-28T16:17:19Z,2026-09-28T16:12:57Z,DKBW1648,SANDKAJ BADEZONE,0.0598,0.0669,0.2149,0.2149,0.2227,,middel
2026-09-28T16:17:19Z,2026-09-28T16:12:57Z,DKBW1905,HAVNEGADE BADEZONE,0.0733,0.0716,0.2149,0.2149,0.2227,,hoej
2026-09-28T16:17:19Z,2026-09-28T16:12:57Z,DKBW1640,HAVNEVIGEN BADEZONE,0.0601,0.067,0.2149,0.2149,0.2227,,middel
2026-09-28T16:17:19Z,2026-09-28T16:12:57Z,DKBW18,VED KONGELUNDSKROEN,,,,,,all-stormwater,hoej
2026-09-28T16:17:19Z,2026-09-28T16:12:57Z,DKBW1896,LA BANCHINA BADEZONE,0.074,0.0718,0.2149,0.2149,0.2227,,hoej
2026-09-28T16:17:19Z,2026-09-28T16:12:57Z,DKBW1914,MOERTELRENDEN,0.0147,0.1543,0.2149,0.2149,0.2227,,middel
2026-09-28T16:17:19Z,2026-09-28T16:12:57Z,DKBW30,TAARBÆK SØBADEANSTALT,0.084,0.0686,0.2149,0.2149,0.2227,,middel
2026-09-28T17:17:31Z,2026-09-28T17:12:57Z,DKBW16,SØVANG,,,,,,all-stormwater,hoej
2026-09-28T17:17:31Z,2026-09-28T17:12:57Z,DKBW1906,TEGLHOLM BRYGGE BADEZONE,0.0833,0.273,0.2149,0.273,0.2187,,middel
2026-09-28T17:17:31Z,2026-09-28T17:12:57Z,DKBW24,CHARLOTTENLUND STRANDPARK,0.0291,0.0516,0.2149,0.2149,0.2187,,middel
2026-09-28T17:17:31Z,2026-09-28T17:12:57Z,DKBW14,AMAGER SYDSTRAND,0,0,0.2466,0.2466,0.0332,,middel
2026-09-28T17:17:31Z,2026-09-28T17:12:57Z,DKBW1526,"AMAGER STRANDPARK, ØRESUND",0,0,0.2149,0.2149,0.2187,,hoej
2026-09-28T17:17:31Z,2026-09-28T17:12:57Z,DKBW1578,SLUSEHOLMEN HAVNEBAD,0.0437,0.059,0.2149,0.2149,0.2187,,middel
2026-09-28T17:17:31Z,2026-09-28T17:12:57Z,DKBW1667,KALVEBOD BØLGE BADEZONE,0.0579,0.0647,0.2149,0.2149,0.2187,,middel
2026-09-28T17:17:31Z,2026-09-28T17:12:57Z,DKBW4,"KBS, UD FOR HYLDETANGEN",0.1691,0.338,0.1602,0.338,0.1878,,middel
2026-09-28T17:17:31Z,2026-09-28T17:12:57Z,DKBW1464,"VALLENSBÆK STRAND, VED SKRUBBEN",,,,,,all-stormwater,hoej
2026-09-28T17:17:31Z,2026-09-28T17:12:57Z,DKBW1590,LODSPARKEN,0.0281,0.1908,0.2149,0.2149,0.2187,,middel
2026-09-28T17:17:31Z,2026-09-28T17:12:57Z,DKBW1593,TAARBÆK HAVN,0.0812,0.0661,0.2149,0.2149,0.2187,,middel
2026-09-28T17:17:31Z,2026-09-28T17:12:57Z,DKBW8,DRAGØR NORDSTRAND,0,0,0.2149,0.2149,0.2187,,middel
2026-09-28T17:17:31Z,2026-09-28T17:12:57Z,DKBW1904,STRANDEN VED VALBYPARKEN,0.0486,0.2285,0.2149,0.2285,0.2187,,hoej
2026-09-28T17:17:31Z,2026-09-28T17:12:57Z,DKBW1913,HVIDOVRE HAVN,0.0272,0.1888,0.2149,0.2149,0.2187,,middel
2026-09-28T17:17:31Z,2026-09-28T17:12:57Z,DKBW32,FREDERIKSDAL FRIBAD,0.0648,0.0588,0.2466,0.2466,0.0751,,lav
2026-09-28T17:17:31Z,2026-09-28T17:12:57Z,DKBW1527,"AMAGER STRANDPARK, LAGUNEN",0,0,0.2149,0.2149,0.2187,,hoej
2026-09-28T17:17:31Z,2026-09-28T17:12:57Z,DKBW1598,SYD FOR KASTRUP LYSTBÅDEHAVN,0,0,0.2149,0.2149,0.2187,,hoej
2026-09-28T17:17:31Z,2026-09-28T17:12:57Z,DKBW1629,HALFDANSGADE BADEZONE,0.0569,0.0643,0.2149,0.2149,0.2187,,middel
2026-09-28T17:17:31Z,2026-09-28T17:12:57Z,DKBW1652,SKOVSHOVED HAVBAD,0.0184,0.0332,0.2149,0.2149,0.2187,,middel
2026-09-28T17:17:31Z,2026-09-28T17:12:57Z,DKBW1656,SØNDRE REFSHALE BADEZONE,0.0649,0.0671,0.2149,0.2149,0.2187,,hoej
2026-09-28T17:17:31Z,2026-09-28T17:12:57Z,DKBW1891,SKOVSHOVED SYD,0.0243,0.0485,0.2149,0.2149,0.2187,,middel
2026-09-28T17:17:31Z,2026-09-28T17:12:57Z,DKBW10,"DRAGØR SØBAD, NORD",0,0,0.2149,0.2149,0.2187,,middel
2026-09-28T17:17:31Z,2026-09-28T17:12:57Z,DKBW1528,FISKETORVET HAVNEBAD,0.0516,0.0623,0.2149,0.2149,0.2187,,middel
2026-09-28T17:17:31Z,2026-09-28T17:12:57Z,DKBW1520,"KASTRUP SØBAD, NORD FOR KASTRUP LYSTBÅDEHAVN",0,0,0.2149,0.2149,0.2187,,hoej
2026-09-28T17:17:31Z,2026-09-28T17:12:57Z,DKBW1579,SVANEMØLLESTRANDEN,0.0399,0.1176,0.2149,0.2149,0.2187,,middel
2026-09-28T17:17:31Z,2026-09-28T17:12:57Z,DKBW1594,BOMBEGRUNDEN TAARBÆK,0.0027,0.0091,0.2149,0.2149,0.2187,,middel
2026-09-28T17:17:31Z,2026-09-28T17:12:57Z,DKBW1907,VANDTRAPPEN BADEZONE,0.0831,0.2728,0.2149,0.2728,0.2187,,middel
2026-09-28T17:17:31Z,2026-09-28T17:12:57Z,DKBW1908,BYSKOVEN BADEZONE,0.0298,0.1944,0.2149,0.2149,0.2187,,middel
2026-09-28T17:17:31Z,2026-09-28T17:12:57Z,DKBW20,BELLEVUE STRAND,0.0033,0.0097,0.2149,0.2149,0.2187,,middel
2026-09-28T17:17:31Z,2026-09-28T17:12:57Z,DKBW1772,KVÆSTHUSBROEN,0.0653,0.0673,0.2149,0.2149,0.2187,,hoej
2026-09-28T17:17:31Z,2026-09-28T17:12:57Z,DKBW1893,BADEANSTALT I VALLENSBÆK HAVN,,,,,,all-stormwater,hoej
2026-09-28T17:17:31Z,2026-09-28T17:12:57Z,DKBW26,HELLERUP STRAND,0.0334,0.1027,0.2149,0.2149,0.2187,,middel
2026-09-28T17:17:31Z,2026-09-28T17:12:57Z,DKBW1525,ISLANDS BRYGGE HAVNEBAD,0.0587,0.065,0.2149,0.2149,0.2187,,middel
2026-09-28T17:17:31Z,2026-09-28T17:12:57Z,DKBW1624,HALVANDET BADEZONE,0.0608,0.0657,0.2149,0.2149,0.2187,,middel
2026-09-28T17:17:31Z,2026-09-28T17:12:57Z,DKBW1648,SANDKAJ BADEZONE,0.0501,0.0617,0.2149,0.2149,0.2187,,middel
2026-09-28T17:17:31Z,2026-09-28T17:12:57Z,DKBW1905,HAVNEGADE BADEZONE,0.0654,0.0673,0.2149,0.2149,0.2187,,hoej
2026-09-28T17:17:31Z,2026-09-28T17:12:57Z,DKBW1640,HAVNEVIGEN BADEZONE,0.0504,0.0618,0.2149,0.2149,0.2187,,middel
2026-09-28T17:17:31Z,2026-09-28T17:12:57Z,DKBW18,VED KONGELUNDSKROEN,,,,,,all-stormwater,hoej
2026-09-28T17:17:31Z,2026-09-28T17:12:57Z,DKBW1896,LA BANCHINA BADEZONE,0.0662,0.0676,0.2149,0.2149,0.2187,,hoej
2026-09-28T17:17:31Z,2026-09-28T17:12:57Z,DKBW1914,MOERTELRENDEN,0.0297,0.1942,0.2149,0.2149,0.2187,,middel
2026-09-28T17:17:31Z,2026-09-28T17:12:57Z,DKBW30,TAARBÆK SØBADEANSTALT,0.0808,0.0661,0.2149,0.2149,0.2187,,middel
2026-09-28T17:41:11Z,2026-09-28T17:27:57Z,DKBW16,SØVANG,,,,,,all-stormwater,hoej
2026-09-28T17:41:11Z,2026-09-28T17:27:57Z,DKBW1906,TEGLHOLM BRYGGE BADEZONE,0.0035,0.0054,0.2149,0.2149,0.1061,,middel
2026-09-28T17:41:11Z,2026-09-28T17:27:57Z,DKBW24,CHARLOTTENLUND STRANDPARK,0.0031,0.0051,0.2149,0.2149,0.1061,,middel
2026-09-28T17:41:11Z,2026-09-28T17:27:57Z,DKBW14,AMAGER SYDSTRAND,0,0,0.2466,0.2466,0.0395,,middel
2026-09-28T17:41:11Z,2026-09-28T17:27:57Z,DKBW1526,"AMAGER STRANDPARK, ØRESUND",0,0,0.2149,0.2149,0.1061,,hoej
2026-09-28T17:41:11Z,2026-09-28T17:27:57Z,DKBW1578,SLUSEHOLMEN HAVNEBAD,0.0033,0.0053,0.2149,0.2149,0.1061,,middel
2026-09-28T17:41:11Z,2026-09-28T17:27:57Z,DKBW1667,KALVEBOD BØLGE BADEZONE,0.0089,0.0073,0.2149,0.2149,0.1061,,middel
2026-09-28T17:41:11Z,2026-09-28T17:27:57Z,DKBW4,"KBS, UD FOR HYLDETANGEN",0.0133,0.011,0.1602,0.1602,0.0259,,middel
2026-09-28T17:41:11Z,2026-09-28T17:27:57Z,DKBW1464,"VALLENSBÆK STRAND, VED SKRUBBEN",,,,,,all-stormwater,hoej
2026-09-28T17:41:11Z,2026-09-28T17:27:57Z,DKBW1590,LODSPARKEN,0.0123,0.0102,0.2149,0.2149,0.1061,,middel
2026-09-28T17:41:11Z,2026-09-28T17:27:57Z,DKBW1593,TAARBÆK HAVN,0,0,0.2149,0.2149,0.1061,,middel
2026-09-28T17:41:11Z,2026-09-28T17:27:57Z,DKBW8,DRAGØR NORDSTRAND,0,0,0.2149,0.2149,0.1061,,middel
2026-09-28T17:41:11Z,2026-09-28T17:27:57Z,DKBW1904,STRANDEN VED VALBYPARKEN,0.0018,0.0043,0.2149,0.2149,0.1061,,middel
2026-09-28T17:41:11Z,2026-09-28T17:27:57Z,DKBW1913,HVIDOVRE HAVN,0.0123,0.0102,0.2149,0.2149,0.1061,,middel
2026-09-28T17:41:11Z,2026-09-28T17:27:57Z,DKBW32,FREDERIKSDAL FRIBAD,0.0163,0.0147,0.2466,0.2466,0.0188,,lav
2026-09-28T17:41:11Z,2026-09-28T17:27:57Z,DKBW1527,"AMAGER STRANDPARK, LAGUNEN",0,0,0.2149,0.2149,0.1061,,hoej
2026-09-28T17:41:11Z,2026-09-28T17:27:57Z,DKBW1598,SYD FOR KASTRUP LYSTBÅDEHAVN,0,0,0.2149,0.2149,0.1061,,hoej
2026-09-28T17:41:11Z,2026-09-28T17:27:57Z,DKBW1629,HALFDANSGADE BADEZONE,0.0073,0.0069,0.2149,0.2149,0.1061,,hoej
2026-09-28T17:41:11Z,2026-09-28T17:27:57Z,DKBW1652,SKOVSHOVED HAVBAD,0.0016,0.0029,0.2149,0.2149,0.1061,,middel
2026-09-28T17:41:11Z,2026-09-28T17:27:57Z,DKBW1656,SØNDRE REFSHALE BADEZONE,0.0065,0.0066,0.2149,0.2149,0.1061,,hoej
2026-09-28T17:41:11Z,2026-09-28T17:27:57Z,DKBW1891,SKOVSHOVED SYD,0.0025,0.0048,0.2149,0.2149,0.1061,,middel
2026-09-28T17:41:11Z,2026-09-28T17:27:57Z,DKBW10,"DRAGØR SØBAD, NORD",0,0,0.2149,0.2149,0.1061,,middel
2026-09-28T17:41:11Z,2026-09-28T17:27:57Z,DKBW1528,FISKETORVET HAVNEBAD,0.0059,0.0064,0.2149,0.2149,0.1061,,hoej
2026-09-28T17:41:11Z,2026-09-28T17:27:57Z,DKBW1520,"KASTRUP SØBAD, NORD FOR KASTRUP LYSTBÅDEHAVN",0,0,0.2149,0.2149,0.1061,,hoej
2026-09-28T17:41:11Z,2026-09-28T17:27:57Z,DKBW1579,SVANEMØLLESTRANDEN,0.0044,0.0058,0.2149,0.2149,0.1061,,middel
2026-09-28T17:41:11Z,2026-09-28T17:27:57Z,DKBW1594,BOMBEGRUNDEN TAARBÆK,0,0,0.2149,0.2149,0.1061,,middel
2026-09-28T17:41:11Z,2026-09-28T17:27:57Z,DKBW1907,VANDTRAPPEN BADEZONE,0.0032,0.0052,0.2149,0.2149,0.1061,,middel
2026-09-28T17:41:11Z,2026-09-28T17:27:57Z,DKBW1908,BYSKOVEN BADEZONE,0.0012,0.0037,0.2149,0.2149,0.1061,,middel
2026-09-28T17:41:11Z,2026-09-28T17:27:57Z,DKBW20,BELLEVUE STRAND,0,0,0.2149,0.2149,0.1061,,middel
2026-09-28T17:41:11Z,2026-09-28T17:27:57Z,DKBW1772,KVÆSTHUSBROEN,0.0077,0.007,0.2149,0.2149,0.1061,,hoej
2026-09-28T17:41:11Z,2026-09-28T17:27:57Z,DKBW1893,BADEANSTALT I VALLENSBÆK HAVN,,,,,,all-stormwater,hoej
2026-09-28T17:41:11Z,2026-09-28T17:27:57Z,DKBW26,HELLERUP STRAND,0.0036,0.0054,0.2149,0.2149,0.1061,,middel
2026-09-28T17:41:11Z,2026-09-28T17:27:57Z,DKBW1525,ISLANDS BRYGGE HAVNEBAD,0.0089,0.0073,0.2149,0.2149,0.1061,,middel
2026-09-28T17:41:11Z,2026-09-28T17:27:57Z,DKBW1624,HALVANDET BADEZONE,0.0061,0.0064,0.2149,0.2149,0.1061,,hoej
2026-09-28T17:41:11Z,2026-09-28T17:27:57Z,DKBW1648,SANDKAJ BADEZONE,0.0053,0.0062,0.2149,0.2149,0.1061,,middel
2026-09-28T17:41:11Z,2026-09-28T17:27:57Z,DKBW1905,HAVNEGADE BADEZONE,0.0081,0.0071,0.2149,0.2149,0.1061,,hoej
2026-09-28T17:41:11Z,2026-09-28T17:27:57Z,DKBW1640,HAVNEVIGEN BADEZONE,0.0047,0.0059,0.2149,0.2149,0.1061,,hoej
2026-09-28T17:41:11Z,2026-09-28T17:27:57Z,DKBW18,VED KONGELUNDSKROEN,,,,,,all-stormwater,hoej
2026-09-28T17:41:11Z,2026-09-28T17:27:57Z,DKBW1896,LA BANCHINA BADEZONE,0.0065,0.0066,0.2149,0.2149,0.1061,,hoej
2026-09-28T17:41:11Z,2026-09-28T17:27:57Z,DKBW1914,MOERTELRENDEN,0.0115,0.0099,0.2149,0.2149,0.1061,,hoej
2026-09-28T17:41:11Z,2026-09-28T17:27:57Z,DKBW30,TAARBÆK SØBADEANSTALT,0,0,0.2149,0.2149,0.1061,,middel
2026-09-28T18:17:19Z,2026-09-28T18:12:57Z,DKBW16,SØVANG,,,,,,all-stormwater,hoej
2026-09-28T18:17:19Z,2026-09-28T18:12:57Z,DKBW1906,TEGLHOLM BRYGGE BADEZONE,0.0801,0.2693,0.2149,0.2693,0.2148,,middel
2026-09-28T18:17:19Z,2026-09-28T18:12:57Z,DKBW24,CHARLOTTENLUND STRANDPARK,0.021,0.0452,0.2149,0.2149,0.2148,,middel
2026-09-28T18:17:19Z,2026-09-28T18:12:57Z,DKBW14,AMAGER SYDSTRAND,0,0,0.2466,0.2466,0.0326,,middel
2026-09-28T18:17:19Z,2026-09-28T18:12:57Z,DKBW1526,"AMAGER STRANDPARK, ØRESUND",0,0,0.2149,0.2149,0.2148,,hoej
2026-09-28T18:17:19Z,2026-09-28T18:12:57Z,DKBW1578,SLUSEHOLMEN HAVNEBAD,0.0349,0.0535,0.2149,0.2149,0.2148,,middel
2026-09-28T18:17:19Z,2026-09-28T18:12:57Z,DKBW1667,KALVEBOD BØLGE BADEZONE,0.0497,0.0601,0.2149,0.2149,0.2148,,middel
2026-09-28T18:17:19Z,2026-09-28T18:12:57Z,DKBW4,"KBS, UD FOR HYLDETANGEN",0.1643,0.3334,0.1602,0.3334,0.1828,,middel
2026-09-28T18:17:19Z,2026-09-28T18:12:57Z,DKBW1464,"VALLENSBÆK STRAND, VED SKRUBBEN",,,,,,all-stormwater,hoej
2026-09-28T18:17:19Z,2026-09-28T18:12:57Z,DKBW1590,LODSPARKEN,0.0421,0.2178,0.2149,0.2178,0.2148,,middel
2026-09-28T18:17:19Z,2026-09-28T18:12:57Z,DKBW1593,TAARBÆK HAVN,0.0781,0.0636,0.2149,0.2149,0.2148,,middel
2026-09-28T18:17:19Z,2026-09-28T18:12:57Z,DKBW8,DRAGØR NORDSTRAND,0,0,0.2149,0.2149,0.2148,,middel
2026-09-28T18:17:19Z,2026-09-28T18:12:57Z,DKBW1904,STRANDEN VED VALBYPARKEN,0.0583,0.2425,0.2149,0.2425,0.2148,,hoej
2026-09-28T18:17:19Z,2026-09-28T18:12:57Z,DKBW1913,HVIDOVRE HAVN,0.0413,0.2164,0.2149,0.2164,0.2148,,middel
2026-09-28T18:17:19Z,2026-09-28T18:12:57Z,DKBW32,FREDERIKSDAL FRIBAD,0.0624,0.0566,0.2466,0.2466,0.0723,,lav
2026-09-28T18:17:19Z,2026-09-28T18:12:57Z,DKBW1527,"AMAGER STRANDPARK, LAGUNEN",0,0,0.2149,0.2149,0.2148,,hoej
2026-09-28T18:17:19Z,2026-09-28T18:12:57Z,DKBW1598,SYD FOR KASTRUP LYSTBÅDEHAVN,0,0,0.2149,0.2149,0.2148,,hoej
2026-09-28T18:17:19Z,2026-09-28T18:12:57Z,DKBW1629,HALFDANSGADE BADEZONE,0.0486,0.0596,0.2149,0.2149,0.2148,,middel
2026-09-28T18:17:19Z,2026-09-28T18:12:57Z,DKBW1652,SKOVSHOVED HAVBAD,0.0131,0.0288,0.2149,0.2149,0.2148,,middel
2026-09-28T18:17:19Z,2026-09-28T18:12:57Z,DKBW1656,SØNDRE REFSHALE BADEZONE,0.0573,0.063,0.2149,0.2149,0.2148,,hoej
2026-09-28T18:17:19Z,2026-09-28T18:12:57Z,DKBW1891,SKOVSHOVED SYD,0.0167,0.0419,0.2149,0.2149,0.2148,,middel
2026-09-28T18:17:19Z,2026-09-28T18:12:57Z,DKBW10,"DRAGØR SØBAD, NORD",0,0,0.2149,0.2149,0.2148,,middel
2026-09-28T18:17:19Z,2026-09-28T18:12:57Z,DKBW1528,FISKETORVET HAVNEBAD,0.043,0.0573,0.2149,0.2149,0.2148,,middel
2026-09-28T18:17:19Z,2026-09-28T18:12:57Z,DKBW1520,"KASTRUP SØBAD, NORD FOR KASTRUP LYSTBÅDEHAVN",0,0,0.2149,0.2149,0.2148,,hoej
2026-09-28T18:17:19Z,2026-09-28T18:12:57Z,DKBW1579,SVANEMØLLESTRANDEN,0.0311,0.1632,0.2149,0.2149,0.2148,,middel
2026-09-28T18:17:19Z,2026-09-28T18:12:57Z,DKBW1594,BOMBEGRUNDEN TAARBÆK,0.0059,0.0111,0.2149,0.2149,0.2148,,middel
2026-09-28T18:17:19Z,2026-09-28T18:12:57Z,DKBW1907,VANDTRAPPEN BADEZONE,0.0799,0.269,0.2149,0.269,0.2148,,middel
2026-09-28T18:17:19Z,2026-09-28T18:12:57Z,DKBW1908,BYSKOVEN BADEZONE,0.0064,0.0086,0.2149,0.2149,0.2148,,middel
2026-09-28T18:17:19Z,2026-09-28T18:12:57Z,DKBW20,BELLEVUE STRAND,0.0066,0.0116,0.2149,0.2149,0.2148,,middel
2026-09-28T18:17:19Z,2026-09-28T18:12:57Z,DKBW1772,KVÆSTHUSBROEN,0.0577,0.0631,0.2149,0.2149,0.2148,,hoej
2026-09-28T18:17:19Z,2026-09-28T18:12:57Z,DKBW1893,BADEANSTALT I VALLENSBÆK HAVN,,,,,,all-stormwater,hoej
2026-09-28T18:17:19Z,2026-09-28T18:12:57Z,DKBW26,HELLERUP STRAND,0.0249,0.1507,0.2149,0.2149,0.2148,,middel
2026-09-28T18:17:19Z,2026-09-28T18:12:57Z,DKBW1525,ISLANDS BRYGGE HAVNEBAD,0.0506,0.0604,0.2149,0.2149,0.2148,,middel
2026-09-28T18:17:19Z,2026-09-28T18:12:57Z,DKBW1624,HALVANDET BADEZONE,0.0529,0.0613,0.2149,0.2149,0.2148,,middel
2026-09-28T18:17:19Z,2026-09-28T18:12:57Z,DKBW1648,SANDKAJ BADEZONE,0.0415,0.0566,0.2149,0.2149,0.2148,,middel
2026-09-28T18:17:19Z,2026-09-28T18:12:57Z,DKBW1905,HAVNEGADE BADEZONE,0.0579,0.0632,0.2149,0.2149,0.2148,,hoej
2026-09-28T18:17:19Z,2026-09-28T18:12:57Z,DKBW1640,HAVNEVIGEN BADEZONE,0.0418,0.0567,0.2149,0.2149,0.2148,,middel
2026-09-28T18:17:19Z,2026-09-28T18:12:57Z,DKBW18,VED KONGELUNDSKROEN,,,,,,all-stormwater,hoej
2026-09-28T18:17:19Z,2026-09-28T18:12:57Z,DKBW1896,LA BANCHINA BADEZONE,0.0588,0.0635,0.2149,0.2149,0.2148,,hoej
2026-09-28T18:17:19Z,2026-09-28T18:12:57Z,DKBW1914,MOERTELRENDEN,0.0435,0.2201,0.2149,0.2201,0.2148,,middel
2026-09-28T18:17:19Z,2026-09-28T18:12:57Z,DKBW30,TAARBÆK SØBADEANSTALT,0.0778,0.0636,0.2149,0.2149,0.2148,,middel
2026-09-28T19:17:16Z,2026-09-28T19:12:57Z,DKBW16,SØVANG,,,,,,all-stormwater,hoej
2026-09-28T19:17:16Z,2026-09-28T19:12:57Z,DKBW1906,TEGLHOLM BRYGGE BADEZONE,0.0031,0.0036,0.2112,0.2112,0.2297,,middel
2026-09-28T19:17:16Z,2026-09-28T19:12:57Z,DKBW24,CHARLOTTENLUND STRANDPARK,0.0019,0.003,0.2112,0.2112,0.2297,,middel
2026-09-28T19:17:16Z,2026-09-28T19:12:57Z,DKBW14,AMAGER SYDSTRAND,0,0,0.2428,0.2428,0.0903,,middel
2026-09-28T19:17:16Z,2026-09-28T19:12:57Z,DKBW1526,"AMAGER STRANDPARK, ØRESUND",0,0,0.2112,0.2112,0.2297,,hoej
2026-09-28T19:17:16Z,2026-09-28T19:12:57Z,DKBW1578,SLUSEHOLMEN HAVNEBAD,0.0031,0.0035,0.2112,0.2112,0.2297,,middel
2026-09-28T19:17:16Z,2026-09-28T19:12:57Z,DKBW1667,KALVEBOD BØLGE BADEZONE,0.0045,0.0045,0.2112,0.2112,0.2297,,middel
2026-09-28T19:17:16Z,2026-09-28T19:12:57Z,DKBW4,"KBS, UD FOR HYLDETANGEN",0.0095,0.0078,0.1603,0.1603,0.0518,,middel
2026-09-28T19:17:16Z,2026-09-28T19:12:57Z,DKBW1464,"VALLENSBÆK STRAND, VED SKRUBBEN",,,,,,all-stormwater,hoej
2026-09-28T19:17:16Z,2026-09-28T19:12:57Z,DKBW1590,LODSPARKEN,0.0078,0.0065,0.2112,0.2112,0.2297,,middel
2026-09-28T19:17:16Z,2026-09-28T19:12:57Z,DKBW1593,TAARBÆK HAVN,0,0,0.2112,0.2112,0.2297,,middel
2026-09-28T19:17:16Z,2026-09-28T19:12:57Z,DKBW8,DRAGØR NORDSTRAND,0,0,0.2112,0.2112,0.2297,,middel
2026-09-28T19:17:16Z,2026-09-28T19:12:57Z,DKBW1904,STRANDEN VED VALBYPARKEN,0.0024,0.0033,0.2112,0.2112,0.2297,,middel
2026-09-28T19:17:16Z,2026-09-28T19:12:57Z,DKBW1913,HVIDOVRE HAVN,0.0079,0.0065,0.2112,0.2112,0.2297,,middel
2026-09-28T19:17:16Z,2026-09-28T19:12:57Z,DKBW32,FREDERIKSDAL FRIBAD,0.0094,0.0085,0.2428,0.2428,0.0279,,lav
2026-09-28T19:17:16Z,2026-09-28T19:12:57Z,DKBW1527,"AMAGER STRANDPARK, LAGUNEN",0,0,0.2112,0.2112,0.2297,,hoej
2026-09-28T19:17:16Z,2026-09-28T19:12:57Z,DKBW1598,SYD FOR KASTRUP LYSTBÅDEHAVN,0,0,0.2112,0.2112,0.2297,,hoej
2026-09-28T19:17:16Z,2026-09-28T19:12:57Z,DKBW1629,HALFDANSGADE BADEZONE,0.0043,0.004,0.2112,0.2112,0.2297,,hoej
2026-09-28T19:17:16Z,2026-09-28T19:12:57Z,DKBW1652,SKOVSHOVED HAVBAD,0.0014,0.0027,0.2112,0.2112,0.2297,,middel
2026-09-28T19:17:16Z,2026-09-28T19:12:57Z,DKBW1656,SØNDRE REFSHALE BADEZONE,0.0031,0.0035,0.2112,0.2112,0.2297,,hoej
2026-09-28T19:17:16Z,2026-09-28T19:12:57Z,DKBW1891,SKOVSHOVED SYD,0.0015,0.0028,0.2112,0.2112,0.2297,,middel
2026-09-28T19:17:16Z,2026-09-28T19:12:57Z,DKBW10,"DRAGØR SØBAD, NORD",0,0,0.2112,0.2112,0.2297,,middel
2026-09-28T19:17:16Z,2026-09-28T19:12:57Z,DKBW1528,FISKETORVET HAVNEBAD,0.0039,0.0048,0.2112,0.2112,0.2297,,hoej
2026-09-28T19:17:16Z,2026-09-28T19:12:57Z,DKBW1520,"KASTRUP SØBAD, NORD FOR KASTRUP LYSTBÅDEHAVN",0,0,0.2112,0.2112,0.2297,,hoej
2026-09-28T19:17:16Z,2026-09-28T19:12:57Z,DKBW1579,SVANEMØLLESTRANDEN,0.0027,0.0034,0.2112,0.2112,0.2297,,middel
2026-09-28T19:17:16Z,2026-09-28T19:12:57Z,DKBW1594,BOMBEGRUNDEN TAARBÆK,0,0,0.2112,0.2112,0.2297,,middel
2026-09-28T19:17:16Z,2026-09-28T19:12:57Z,DKBW1907,VANDTRAPPEN BADEZONE,0.003,0.0035,0.2112,0.2112,0.2297,,middel
2026-09-28T19:17:16Z,2026-09-28T19:12:57Z,DKBW1908,BYSKOVEN BADEZONE,0.002,0.0031,0.2112,0.2112,0.2297,,middel
2026-09-28T19:17:16Z,2026-09-28T19:12:57Z,DKBW20,BELLEVUE STRAND,0,0,0.2112,0.2112,0.2297,,middel
2026-09-28T19:17:16Z,2026-09-28T19:12:57Z,DKBW1772,KVÆSTHUSBROEN,0.004,0.0041,0.2112,0.2112,0.2297,,hoej
2026-09-28T19:17:16Z,2026-09-28T19:12:57Z,DKBW1893,BADEANSTALT I VALLENSBÆK HAVN,,,,,,all-stormwater,hoej
2026-09-28T19:17:16Z,2026-09-28T19:12:57Z,DKBW26,HELLERUP STRAND,0.0022,0.0032,0.2112,0.2112,0.2297,,middel
2026-09-28T19:17:16Z,2026-09-28T19:12:57Z,DKBW1525,ISLANDS BRYGGE HAVNEBAD,0.0045,0.004,0.2112,0.2112,0.2297,,middel
2026-09-28T19:17:16Z,2026-09-28T19:12:57Z,DKBW1624,HALVANDET BADEZONE,0.0029,0.0034,0.2112,0.2112,0.2297,,hoej
2026-09-28T19:17:16Z,2026-09-28T19:12:57Z,DKBW1648,SANDKAJ BADEZONE,0.0032,0.0036,0.2112,0.2112,0.2297,,middel
2026-09-28T19:17:16Z,2026-09-28T19:12:57Z,DKBW1905,HAVNEGADE BADEZONE,0.0043,0.0039,0.2112,0.2112,0.2297,,hoej
2026-09-28T19:17:16Z,2026-09-28T19:12:57Z,DKBW1640,HAVNEVIGEN BADEZONE,0.0036,0.0037,0.2112,0.2112,0.2297,,hoej
2026-09-28T19:17:16Z,2026-09-28T19:12:57Z,DKBW18,VED KONGELUNDSKROEN,,,,,,all-stormwater,hoej
2026-09-28T19:17:16Z,2026-09-28T19:12:57Z,DKBW1896,LA BANCHINA BADEZONE,0.0032,0.0035,0.2112,0.2112,0.2297,,hoej
2026-09-28T19:17:16Z,2026-09-28T19:12:57Z,DKBW1914,MOERTELRENDEN,0.0073,0.0063,0.2112,0.2112,0.2297,,hoej
2026-09-28T19:17:16Z,2026-09-28T19:12:57Z,DKBW30,TAARBÆK SØBADEANSTALT,0,0,0.2112,0.2112,0.2297,,middel
2026-09-28T20:17:18Z,2026-09-28T20:12:58Z,DKBW16,SØVANG,,,,,,all-stormwater,hoej
2026-09-28T20:17:18Z,2026-09-28T20:12:58Z,DKBW1906,TEGLHOLM BRYGGE BADEZONE,0.0039,0.0052,0.2112,0.2112,0.2297,,middel
2026-09-28T20:17:18Z,2026-09-28T20:12:58Z,DKBW24,CHARLOTTENLUND STRANDPARK,0.0023,0.0032,0.2112,0.2112,0.2297,,middel
2026-09-28T20:17:18Z,2026-09-28T20:12:58Z,DKBW14,AMAGER SYDSTRAND,0,0,0.2428,0.2428,0.0903,,middel
2026-09-28T20:17:18Z,2026-09-28T20:12:58Z,DKBW1526,"AMAGER STRANDPARK, ØRESUND",0,0,0.2112,0.2112,0.2297,,hoej
2026-09-28T20:17:18Z,2026-09-28T20:12:58Z,DKBW1578,SLUSEHOLMEN HAVNEBAD,0.0034,0.0037,0.2112,0.2112,0.2297,,middel
2026-09-28T20:17:18Z,2026-09-28T20:12:58Z,DKBW1667,KALVEBOD BØLGE BADEZONE,0.0046,0.0044,0.2112,0.2112,0.2297,,hoej
2026-09-28T20:17:18Z,2026-09-28T20:12:58Z,DKBW4,"KBS, UD FOR HYLDETANGEN",0.0095,0.0078,0.1603,0.1603,0.0518,,middel
2026-09-28T20:17:18Z,2026-09-28T20:12:58Z,DKBW1464,"VALLENSBÆK STRAND, VED SKRUBBEN",,,,,,all-stormwater,hoej
2026-09-28T20:17:18Z,2026-09-28T20:12:58Z,DKBW1590,LODSPARKEN,0.0078,0.0065,0.2112,0.2112,0.2297,,middel
2026-09-28T20:17:18Z,2026-09-28T20:12:58Z,DKBW1593,TAARBÆK HAVN,0,0,0.2112,0.2112,0.2297,,middel
2026-09-28T20:17:18Z,2026-09-28T20:12:58Z,DKBW8,DRAGØR NORDSTRAND,0,0,0.2112,0.2112,0.2297,,middel
2026-09-28T20:17:18Z,2026-09-28T20:12:58Z,DKBW1904,STRANDEN VED VALBYPARKEN,0.0028,0.0034,0.2112,0.2112,0.2297,,middel
2026-09-28T20:17:18Z,2026-09-28T20:12:58Z,DKBW1913,HVIDOVRE HAVN,0.0079,0.0065,0.2112,0.2112,0.2297,,middel
2026-09-28T20:17:18Z,2026-09-28T20:12:58Z,DKBW32,FREDERIKSDAL FRIBAD,0.0094,0.0085,0.2428,0.2428,0.0279,,lav
2026-09-28T20:17:18Z,2026-09-28T20:12:58Z,DKBW1527,"AMAGER STRANDPARK, LAGUNEN",0,0,0.2112,0.2112,0.2297,,hoej
2026-09-28T20:17:18Z,2026-09-28T20:12:58Z,DKBW1598,SYD FOR KASTRUP LYSTBÅDEHAVN,0,0,0.2112,0.2112,0.2297,,hoej
2026-09-28T20:17:18Z,2026-09-28T20:12:58Z,DKBW1629,HALFDANSGADE BADEZONE,0.0045,0.0045,0.2112,0.2112,0.2297,,hoej
2026-09-28T20:17:18Z,2026-09-28T20:12:58Z,DKBW1652,SKOVSHOVED HAVBAD,0.0018,0.003,0.2112,0.2112,0.2297,,middel
2026-09-28T20:17:18Z,2026-09-28T20:12:58Z,DKBW1656,SØNDRE REFSHALE BADEZONE,0.003,0.0035,0.2112,0.2112,0.2297,,hoej
2026-09-28T20:17:18Z,2026-09-28T20:12:58Z,DKBW1891,SKOVSHOVED SYD,0.002,0.003,0.2112,0.2112,0.2297,,middel
2026-09-28T20:17:18Z,2026-09-28T20:12:58Z,DKBW10,"DRAGØR SØBAD, NORD",0,0,0.2112,0.2112,0.2297,,middel
2026-09-28T20:17:18Z,2026-09-28T20:12:58Z,DKBW1528,FISKETORVET HAVNEBAD,0.0041,0.0047,0.2112,0.2112,0.2297,,hoej
2026-09-28T20:17:18Z,2026-09-28T20:12:58Z,DKBW1520,"KASTRUP SØBAD, NORD FOR KASTRUP LYSTBÅDEHAVN",0,0,0.2112,0.2112,0.2297,,hoej
2026-09-28T20:17:18Z,2026-09-28T20:12:58Z,DKBW1579,SVANEMØLLESTRANDEN,0.0031,0.0035,0.2112,0.2112,0.2297,,middel
2026-09-28T20:17:18Z,2026-09-28T20:12:58Z,DKBW1594,BOMBEGRUNDEN TAARBÆK,0,0,0.2112,0.2112,0.2297,,middel
2026-09-28T20:17:18Z,2026-09-28T20:12:58Z,DKBW1907,VANDTRAPPEN BADEZONE,0.0034,0.0036,0.2112,0.2112,0.2297,,middel
2026-09-28T20:17:18Z,2026-09-28T20:12:58Z,DKBW1908,BYSKOVEN BADEZONE,0.0024,0.0033,0.2112,0.2112,0.2297,,middel
2026-09-28T20:17:18Z,2026-09-28T20:12:58Z,DKBW20,BELLEVUE STRAND,0,0,0.2112,0.2112,0.2297,,middel
2026-09-28T20:17:18Z,2026-09-28T20:12:58Z,DKBW1772,KVÆSTHUSBROEN,0.0039,0.004,0.2112,0.2112,0.2297,,hoej
2026-09-28T20:17:18Z,2026-09-28T20:12:58Z,DKBW1893,BADEANSTALT I VALLENSBÆK HAVN,,,,,,all-stormwater,hoej
2026-09-28T20:17:18Z,2026-09-28T20:12:58Z,DKBW26,HELLERUP STRAND,0.0026,0.0034,0.2112,0.2112,0.2297,,middel
2026-09-28T20:17:18Z,2026-09-28T20:12:58Z,DKBW1525,ISLANDS BRYGGE HAVNEBAD,0.0046,0.0044,0.2112,0.2112,0.2297,,hoej
2026-09-28T20:17:18Z,2026-09-28T20:12:58Z,DKBW1624,HALVANDET BADEZONE,0.0027,0.0033,0.2112,0.2112,0.2297,,hoej
2026-09-28T20:17:18Z,2026-09-28T20:12:58Z,DKBW1648,SANDKAJ BADEZONE,0.0035,0.0037,0.2112,0.2112,0.2297,,middel
2026-09-28T20:17:18Z,2026-09-28T20:12:58Z,DKBW1905,HAVNEGADE BADEZONE,0.0043,0.0041,0.2112,0.2112,0.2297,,hoej
2026-09-28T20:17:18Z,2026-09-28T20:12:58Z,DKBW1640,HAVNEVIGEN BADEZONE,0,0,0.2112,0.2112,0.2297,,middel
2026-09-28T20:17:18Z,2026-09-28T20:12:58Z,DKBW18,VED KONGELUNDSKROEN,,,,,,all-stormwater,hoej
2026-09-28T20:17:18Z,2026-09-28T20:12:58Z,DKBW1896,LA BANCHINA BADEZONE,0.003,0.0035,0.2112,0.2112,0.2297,,hoej
2026-09-28T20:17:18Z,2026-09-28T20:12:58Z,DKBW1914,MOERTELRENDEN,0.0073,0.0063,0.2112,0.2112,0.2297,,hoej
2026-09-28T20:17:18Z,2026-09-28T20:12:58Z,DKBW30,TAARBÆK SØBADEANSTALT,0,0,0.2112,0.2112,0.2297,,middel
2026-09-28T21:17:27Z,2026-09-28T21:12:57Z,DKBW16,SØVANG,,,,,,all-stormwater,hoej
2026-09-28T21:17:27Z,2026-09-28T21:12:57Z,DKBW1906,TEGLHOLM BRYGGE BADEZONE,0.0038,0.0051,0.2112,0.2112,0.2297,,middel
2026-09-28T21:17:27Z,2026-09-28T21:12:57Z,DKBW24,CHARLOTTENLUND STRANDPARK,0.0026,0.0033,0.2112,0.2112,0.2297,,middel
2026-09-28T21:17:27Z,2026-09-28T21:12:57Z,DKBW14,AMAGER SYDSTRAND,0,0,0.2428,0.2428,0.0903,,middel
2026-09-28T21:17:27Z,2026-09-28T21:12:57Z,DKBW1526,"AMAGER STRANDPARK, ØRESUND",0,0,0.2112,0.2112,0.2297,,hoej
2026-09-28T21:17:27Z,2026-09-28T21:12:57Z,DKBW1578,SLUSEHOLMEN HAVNEBAD,0.0036,0.0037,0.2112,0.2112,0.2297,,middel
2026-09-28T21:17:27Z,2026-09-28T21:12:57Z,DKBW1667,KALVEBOD BØLGE BADEZONE,0.0047,0.0044,0.2112,0.2112,0.2297,,hoej
2026-09-28T21:17:27Z,2026-09-28T21:12:57Z,DKBW4,"KBS, UD FOR HYLDETANGEN",0.0095,0.0078,0.1603,0.1603,0.0518,,middel
2026-09-28T21:17:27Z,2026-09-28T21:12:57Z,DKBW1464,"VALLENSBÆK STRAND, VED SKRUBBEN",,,,,,all-stormwater,hoej
2026-09-28T21:17:27Z,2026-09-28T21:12:57Z,DKBW1590,LODSPARKEN,0.0078,0.0065,0.2112,0.2112,0.2297,,middel
2026-09-28T21:17:27Z,2026-09-28T21:12:57Z,DKBW1593,TAARBÆK HAVN,0,0,0.2112,0.2112,0.2297,,middel
2026-09-28T21:17:27Z,2026-09-28T21:12:57Z,DKBW8,DRAGØR NORDSTRAND,0,0,0.2112,0.2112,0.2297,,middel
2026-09-28T21:17:27Z,2026-09-28T21:12:57Z,DKBW1904,STRANDEN VED VALBYPARKEN,0.0055,0.0057,0.2112,0.2112,0.2297,,hoej
2026-09-28T21:17:27Z,2026-09-28T21:12:57Z,DKBW1913,HVIDOVRE HAVN,0.0079,0.0065,0.2112,0.2112,0.2297,,middel
2026-09-28T21:17:27Z,2026-09-28T21:12:57Z,DKBW32,FREDERIKSDAL FRIBAD,0.0094,0.0085,0.2428,0.2428,0.0279,,lav
2026-09-28T21:17:27Z,2026-09-28T21:12:57Z,DKBW1527,"AMAGER STRANDPARK, LAGUNEN",0,0,0.2112,0.2112,0.2297,,hoej
2026-09-28T21:17:27Z,2026-09-28T21:12:57Z,DKBW1598,SYD FOR KASTRUP LYSTBÅDEHAVN,0,0,0.2112,0.2112,0.2297,,hoej
2026-09-28T21:17:27Z,2026-09-28T21:12:57Z,DKBW1629,HALFDANSGADE BADEZONE,0.0045,0.0044,0.2112,0.2112,0.2297,,hoej
2026-09-28T21:17:27Z,2026-09-28T21:12:57Z,DKBW1652,SKOVSHOVED HAVBAD,0.0021,0.0031,0.2112,0.2112,0.2297,,middel
2026-09-28T21:17:27Z,2026-09-28T21:12:57Z,DKBW1656,SØNDRE REFSHALE BADEZONE,0.0029,0.0034,0.2112,0.2112,0.2297,,hoej
2026-09-28T21:17:27Z,2026-09-28T21:12:57Z,DKBW1891,SKOVSHOVED SYD,0.0022,0.0032,0.2112,0.2112,0.2297,,middel
2026-09-28T21:17:27Z,2026-09-28T21:12:57Z,DKBW10,"DRAGØR SØBAD, NORD",0,0,0.2112,0.2112,0.2297,,middel
2026-09-28T21:17:27Z,2026-09-28T21:12:57Z,DKBW1528,FISKETORVET HAVNEBAD,0.0043,0.0046,0.2112,0.2112,0.2297,,hoej
2026-09-28T21:17:27Z,2026-09-28T21:12:57Z,DKBW1520,"KASTRUP SØBAD, NORD FOR KASTRUP LYSTBÅDEHAVN",0,0,0.2112,0.2112,0.2297,,hoej
2026-09-28T21:17:27Z,2026-09-28T21:12:57Z,DKBW1579,SVANEMØLLESTRANDEN,0.0033,0.0036,0.2112,0.2112,0.2297,,middel
2026-09-28T21:17:27Z,2026-09-28T21:12:57Z,DKBW1594,BOMBEGRUNDEN TAARBÆK,0,0,0.2112,0.2112,0.2297,,middel
2026-09-28T21:17:27Z,2026-09-28T21:12:57Z,DKBW1907,VANDTRAPPEN BADEZONE,0.004,0.0052,0.2112,0.2112,0.2297,,middel
2026-09-28T21:17:27Z,2026-09-28T21:12:57Z,DKBW1908,BYSKOVEN BADEZONE,0.0027,0.0034,0.2112,0.2112,0.2297,,middel
2026-09-28T21:17:27Z,2026-09-28T21:12:57Z,DKBW20,BELLEVUE STRAND,0,0,0.2112,0.2112,0.2297,,middel
2026-09-28T21:17:27Z,2026-09-28T21:12:57Z,DKBW1772,KVÆSTHUSBROEN,0.0039,0.0039,0.2112,0.2112,0.2297,,hoej
2026-09-28T21:17:27Z,2026-09-28T21:12:57Z,DKBW1893,BADEANSTALT I VALLENSBÆK HAVN,,,,,,all-stormwater,hoej
2026-09-28T21:17:27Z,2026-09-28T21:12:57Z,DKBW26,HELLERUP STRAND,0.0029,0.0035,0.2112,0.2112,0.2297,,middel
2026-09-28T21:17:27Z,2026-09-28T21:12:57Z,DKBW1525,ISLANDS BRYGGE HAVNEBAD,0.0045,0.0044,0.2112,0.2112,0.2297,,middel
2026-09-28T21:17:27Z,2026-09-28T21:12:57Z,DKBW1624,HALVANDET BADEZONE,0.0026,0.0033,0.2112,0.2112,0.2297,,hoej
2026-09-28T21:17:27Z,2026-09-28T21:12:57Z,DKBW1648,SANDKAJ BADEZONE,0.0037,0.0038,0.2112,0.2112,0.2297,,middel
2026-09-28T21:17:27Z,2026-09-28T21:12:57Z,DKBW1905,HAVNEGADE BADEZONE,0.0042,0.004,0.2112,0.2112,0.2297,,hoej
2026-09-28T21:17:27Z,2026-09-28T21:12:57Z,DKBW1640,HAVNEVIGEN BADEZONE,0,0,0.2112,0.2112,0.2297,,middel
2026-09-28T21:17:27Z,2026-09-28T21:12:57Z,DKBW18,VED KONGELUNDSKROEN,,,,,,all-stormwater,hoej
2026-09-28T21:17:27Z,2026-09-28T21:12:57Z,DKBW1896,LA BANCHINA BADEZONE,0.0029,0.0035,0.2112,0.2112,0.2297,,hoej
2026-09-28T21:17:27Z,2026-09-28T21:12:57Z,DKBW1914,MOERTELRENDEN,0.0072,0.0063,0.2112,0.2112,0.2297,,hoej
2026-09-28T21:17:27Z,2026-09-28T21:12:57Z,DKBW30,TAARBÆK SØBADEANSTALT,0,0,0.2112,0.2112,0.2297,,middel
2026-09-28T22:17:18Z,2026-09-28T22:12:57Z,DKBW16,SØVANG,,,,,,all-stormwater,hoej
2026-09-28T22:17:18Z,2026-09-28T22:12:57Z,DKBW1906,TEGLHOLM BRYGGE BADEZONE,0.1209,0.2895,0.2112,0.2895,0.3022,,middel
2026-09-28T22:17:18Z,2026-09-28T22:12:57Z,DKBW24,CHARLOTTENLUND STRANDPARK,0.0166,0.0355,0.2112,0.2112,0.3022,,middel
2026-09-28T22:17:18Z,2026-09-28T22:12:57Z,DKBW14,AMAGER SYDSTRAND,0,0,0.2428,0.2428,0.1195,,middel
2026-09-28T22:17:18Z,2026-09-28T22:12:57Z,DKBW1526,"AMAGER STRANDPARK, ØRESUND",0.0112,0.017,0.2112,0.2112,0.3022,,middel
2026-09-28T22:17:18Z,2026-09-28T22:12:57Z,DKBW1578,SLUSEHOLMEN HAVNEBAD,0.025,0.0434,0.2112,0.2112,0.3022,,middel
2026-09-28T22:17:18Z,2026-09-28T22:12:57Z,DKBW1667,KALVEBOD BØLGE BADEZONE,0.0382,0.0499,0.2112,0.2112,0.3022,,middel
2026-09-28T22:17:18Z,2026-09-28T22:12:57Z,DKBW4,"KBS, UD FOR HYLDETANGEN",0.1459,0.3153,0.1603,0.3153,0.2032,,middel
2026-09-28T22:17:18Z,2026-09-28T22:12:57Z,DKBW1464,"VALLENSBÆK STRAND, VED SKRUBBEN",,,,,,all-stormwater,hoej
2026-09-28T22:17:18Z,2026-09-28T22:12:57Z,DKBW1590,LODSPARKEN,0.0912,0.2637,0.2112,0.2637,0.3022,,middel
2026-09-28T22:17:18Z,2026-09-28T22:12:57Z,DKBW1593,TAARBÆK HAVN,0.0665,0.0542,0.2112,0.2112,0.3022,,middel
2026-09-28T22:17:18Z,2026-09-28T22:12:57Z,DKBW8,DRAGØR NORDSTRAND,0,0,0.2112,0.2112,0.3022,,middel
2026-09-28T22:17:18Z,2026-09-28T22:12:57Z,DKBW1904,STRANDEN VED VALBYPARKEN,0.1054,0.2767,0.2112,0.2767,0.3022,,hoej
2026-09-28T22:17:18Z,2026-09-28T22:12:57Z,DKBW1913,HVIDOVRE HAVN,0.0904,0.263,0.2112,0.263,0.3022,,middel
2026-09-28T22:17:18Z,2026-09-28T22:12:57Z,DKBW32,FREDERIKSDAL FRIBAD,0.0817,0.0695,0.2428,0.2428,0.1229,,middel
2026-09-28T22:17:18Z,2026-09-28T22:12:57Z,DKBW1527,"AMAGER STRANDPARK, LAGUNEN",0.0117,0.0173,0.2112,0.2112,0.3022,,middel
2026-09-28T22:17:18Z,2026-09-28T22:12:57Z,DKBW1598,SYD FOR KASTRUP LYSTBÅDEHAVN,0,0,0.2112,0.2112,0.3022,,hoej
2026-09-28T22:17:18Z,2026-09-28T22:12:57Z,DKBW1629,HALFDANSGADE BADEZONE,0.0372,0.0495,0.2112,0.2112,0.3022,,middel
2026-09-28T22:17:18Z,2026-09-28T22:12:57Z,DKBW1652,SKOVSHOVED HAVBAD,0.0094,0.0216,0.2112,0.2112,0.3022,,middel
2026-09-28T22:17:18Z,2026-09-28T22:12:57Z,DKBW1656,SØNDRE REFSHALE BADEZONE,0.0453,0.0528,0.2112,0.2112,0.3022,,hoej
2026-09-28T22:17:18Z,2026-09-28T22:12:57Z,DKBW1891,SKOVSHOVED SYD,0.0145,0.0324,0.2112,0.2112,0.3022,,middel
2026-09-28T22:17:18Z,2026-09-28T22:12:57Z,DKBW10,"DRAGØR SØBAD, NORD",0,0,0.2112,0.2112,0.3022,,middel
2026-09-28T22:17:18Z,2026-09-28T22:12:57Z,DKBW1528,FISKETORVET HAVNEBAD,0.0321,0.0471,0.2112,0.2112,0.3022,,middel
2026-09-28T22:17:18Z,2026-09-28T22:12:57Z,DKBW1520,"KASTRUP SØBAD, NORD FOR KASTRUP LYSTBÅDEHAVN",0,0,0.2112,0.2112,0.3022,,hoej
2026-09-28T22:17:18Z,2026-09-28T22:12:57Z,DKBW1579,SVANEMØLLESTRANDEN,0.0617,0.2319,0.2112,0.2319,0.3022,,middel
2026-09-28T22:17:18Z,2026-09-28T22:12:57Z,DKBW1594,BOMBEGRUNDEN TAARBÆK,0.0079,0.0095,0.2112,0.2112,0.3022,,middel
2026-09-28T22:17:18Z,2026-09-28T22:12:57Z,DKBW1907,VANDTRAPPEN BADEZONE,0.1205,0.2892,0.2112,0.2892,0.3022,,middel
2026-09-28T22:17:18Z,2026-09-28T22:12:57Z,DKBW1908,BYSKOVEN BADEZONE,0.0181,0.0352,0.2112,0.2112,0.3022,,middel
2026-09-28T22:17:18Z,2026-09-28T22:12:57Z,DKBW20,BELLEVUE STRAND,0.0084,0.0096,0.2112,0.2112,0.3022,,middel
2026-09-28T22:17:18Z,2026-09-28T22:12:57Z,DKBW1772,KVÆSTHUSBROEN,0.0472,0.053,0.2112,0.2112,0.3022,,middel
2026-09-28T22:17:18Z,2026-09-28T22:12:57Z,DKBW1893,BADEANSTALT I VALLENSBÆK HAVN,,,,,,all-stormwater,hoej
2026-09-28T22:17:18Z,2026-09-28T22:12:57Z,DKBW26,HELLERUP STRAND,0.0554,0.2237,0.2112,0.2237,0.3022,,middel
2026-09-28T22:17:18Z,2026-09-28T22:12:57Z,DKBW1525,ISLANDS BRYGGE HAVNEBAD,0.039,0.0503,0.2112,0.2112,0.3022,,middel
2026-09-28T22:17:18Z,2026-09-28T22:12:57Z,DKBW1624,HALVANDET BADEZONE,0.0412,0.0512,0.2112,0.2112,0.3022,,middel
2026-09-28T22:17:18Z,2026-09-28T22:12:57Z,DKBW1648,SANDKAJ BADEZONE,0.0307,0.0465,0.2112,0.2112,0.3022,,middel
2026-09-28T22:17:18Z,2026-09-28T22:12:57Z,DKBW1905,HAVNEGADE BADEZONE,0.0459,0.053,0.2112,0.2112,0.3022,,hoej
2026-09-28T22:17:18Z,2026-09-28T22:12:57Z,DKBW1640,HAVNEVIGEN BADEZONE,0.031,0.0466,0.2112,0.2112,0.3022,,middel
2026-09-28T22:17:18Z,2026-09-28T22:12:57Z,DKBW18,VED KONGELUNDSKROEN,,,,,,all-stormwater,hoej
2026-09-28T22:17:18Z,2026-09-28T22:12:57Z,DKBW1896,LA BANCHINA BADEZONE,0.0467,0.0534,0.2112,0.2112,0.3022,,hoej
2026-09-28T22:17:18Z,2026-09-28T22:12:57Z,DKBW1914,MOERTELRENDEN,0.0925,0.265,0.2112,0.265,0.3022,,middel
2026-09-28T22:17:18Z,2026-09-28T22:12:57Z,DKBW30,TAARBÆK SØBADEANSTALT,0.0662,0.0541,0.2112,0.2112,0.3022,,middel
2026-09-28T23:17:16Z,2026-09-28T23:12:57Z,DKBW16,SØVANG,,,,,,all-stormwater,hoej
2026-09-28T23:17:16Z,2026-09-28T23:12:57Z,DKBW1906,TEGLHOLM BRYGGE BADEZONE,0.124,0.2899,0.2112,0.2899,0.3517,,middel
2026-09-28T23:17:16Z,2026-09-28T23:12:57Z,DKBW24,CHARLOTTENLUND STRANDPARK,0.033,0.0412,0.2112,0.2112,0.3517,,middel
2026-09-28T23:17:16Z,2026-09-28T23:12:57Z,DKBW14,AMAGER SYDSTRAND,0,0,0.2428,0.2428,0.139,,middel
2026-09-28T23:17:16Z,2026-09-28T23:12:57Z,DKBW1526,"AMAGER STRANDPARK, ØRESUND",0,0,0.2112,0.2112,0.3517,,hoej
2026-09-28T23:17:16Z,2026-09-28T23:12:57Z,DKBW1578,SLUSEHOLMEN HAVNEBAD,0.047,0.0463,0.2112,0.2112,0.3517,,middel
2026-09-28T23:17:16Z,2026-09-28T23:12:57Z,DKBW1667,KALVEBOD BØLGE BADEZONE,0.0237,0.035,0.2112,0.2112,0.3517,,middel
2026-09-28T23:17:16Z,2026-09-28T23:12:57Z,DKBW4,"KBS, UD FOR HYLDETANGEN",0.1416,0.3109,0.1603,0.3109,0.1984,,middel
2026-09-28T23:17:16Z,2026-09-28T23:12:57Z,DKBW1464,"VALLENSBÆK STRAND, VED SKRUBBEN",,,,,,all-stormwater,hoej
2026-09-28T23:17:16Z,2026-09-28T23:12:57Z,DKBW1590,LODSPARKEN,0.094,0.2647,0.2112,0.2647,0.3517,,middel
2026-09-28T23:17:16Z,2026-09-28T23:12:57Z,DKBW1593,TAARBÆK HAVN,0.0068,0.0083,0.2112,0.2112,0.3517,,middel
2026-09-28T23:17:16Z,2026-09-28T23:12:57Z,DKBW8,DRAGØR NORDSTRAND,0,0,0.2112,0.2112,0.3517,,middel
2026-09-28T23:17:16Z,2026-09-28T23:12:57Z,DKBW1904,STRANDEN VED VALBYPARKEN,0.1084,0.2774,0.2112,0.2774,0.3517,,hoej
2026-09-28T23:17:16Z,2026-09-28T23:12:57Z,DKBW1913,HVIDOVRE HAVN,0.0932,0.2639,0.2112,0.2639,0.3517,,middel
2026-09-28T23:17:16Z,2026-09-28T23:12:57Z,DKBW32,FREDERIKSDAL FRIBAD,0.1371,0.1166,0.2428,0.2428,0.1864,,middel
2026-09-28T23:17:16Z,2026-09-28T23:12:57Z,DKBW1527,"AMAGER STRANDPARK, LAGUNEN",0,0,0.2112,0.2112,0.3517,,hoej
2026-09-28T23:17:16Z,2026-09-28T23:12:57Z,DKBW1598,SYD FOR KASTRUP LYSTBÅDEHAVN,0,0,0.2112,0.2112,0.3517,,hoej
2026-09-28T23:17:16Z,2026-09-28T23:12:57Z,DKBW1629,HALFDANSGADE BADEZONE,0.0251,0.0356,0.2112,0.2112,0.3517,,middel
2026-09-28T23:17:16Z,2026-09-28T23:12:57Z,DKBW1652,SKOVSHOVED HAVBAD,0.0084,0.0211,0.2112,0.2112,0.3517,,middel
2026-09-28T23:17:16Z,2026-09-28T23:12:57Z,DKBW1656,SØNDRE REFSHALE BADEZONE,0.0152,0.0302,0.2112,0.2112,0.3517,,middel
2026-09-28T23:17:16Z,2026-09-28T23:12:57Z,DKBW1891,SKOVSHOVED SYD,0.0289,0.0394,0.2112,0.2112,0.3517,,middel
2026-09-28T23:17:16Z,2026-09-28T23:12:57Z,DKBW10,"DRAGØR SØBAD, NORD",0,0,0.2112,0.2112,0.3517,,middel
2026-09-28T23:17:16Z,2026-09-28T23:12:57Z,DKBW1528,FISKETORVET HAVNEBAD,0.0548,0.0487,0.2112,0.2112,0.3517,,hoej
2026-09-28T23:17:16Z,2026-09-28T23:12:57Z,DKBW1520,"KASTRUP SØBAD, NORD FOR KASTRUP LYSTBÅDEHAVN",0,0,0.2112,0.2112,0.3517,,hoej
2026-09-28T23:17:16Z,2026-09-28T23:12:57Z,DKBW1579,SVANEMØLLESTRANDEN,0.0641,0.2332,0.2112,0.2332,0.3517,,middel
2026-09-28T23:17:16Z,2026-09-28T23:12:57Z,DKBW1594,BOMBEGRUNDEN TAARBÆK,0.0071,0.0084,0.2112,0.2112,0.3517,,middel
2026-09-28T23:17:16Z,2026-09-28T23:12:57Z,DKBW1907,VANDTRAPPEN BADEZONE,0.1236,0.2897,0.2112,0.2897,0.3517,,middel
2026-09-28T23:17:16Z,2026-09-28T23:12:57Z,DKBW1908,BYSKOVEN BADEZONE,0.0359,0.0424,0.2112,0.2112,0.3517,,middel
2026-09-28T23:17:16Z,2026-09-28T23:12:57Z,DKBW20,BELLEVUE STRAND,0.0075,0.0086,0.2112,0.2112,0.3517,,middel
2026-09-28T23:17:16Z,2026-09-28T23:12:57Z,DKBW1772,KVÆSTHUSBROEN,0.0448,0.0368,0.2112,0.2112,0.3517,,middel
2026-09-28T23:17:16Z,2026-09-28T23:12:57Z,DKBW1893,BADEANSTALT I VALLENSBÆK HAVN,,,,,,all-stormwater,hoej
2026-09-28T23:17:16Z,2026-09-28T23:12:57Z,DKBW26,HELLERUP STRAND,0.0576,0.2252,0.2112,0.2252,0.3517,,middel
2026-09-28T23:17:16Z,2026-09-28T23:12:57Z,DKBW1525,ISLANDS BRYGGE HAVNEBAD,0.024,0.0351,0.2112,0.2112,0.3517,,middel
2026-09-28T23:17:16Z,2026-09-28T23:12:57Z,DKBW1624,HALVANDET BADEZONE,0.0345,0.0338,0.2112,0.2112,0.3517,,hoej
2026-09-28T23:17:16Z,2026-09-28T23:12:57Z,DKBW1648,SANDKAJ BADEZONE,0.0455,0.0458,0.2112,0.2112,0.3517,,middel
2026-09-28T23:17:16Z,2026-09-28T23:12:57Z,DKBW1905,HAVNEGADE BADEZONE,0.02,0.033,0.2112,0.2112,0.3517,,middel
2026-09-28T23:17:16Z,2026-09-28T23:12:57Z,DKBW1640,HAVNEVIGEN BADEZONE,0.0303,0.0379,0.2112,0.2112,0.3517,,middel
2026-09-28T23:17:16Z,2026-09-28T23:12:57Z,DKBW18,VED KONGELUNDSKROEN,,,,,,all-stormwater,hoej
2026-09-28T23:17:16Z,2026-09-28T23:12:57Z,DKBW1896,LA BANCHINA BADEZONE,0.0155,0.0304,0.2112,0.2112,0.3517,,middel
2026-09-28T23:17:16Z,2026-09-28T23:12:57Z,DKBW1914,MOERTELRENDEN,0.0953,0.2659,0.2112,0.2659,0.3517,,middel
2026-09-28T23:17:16Z,2026-09-28T23:12:57Z,DKBW30,TAARBÆK SØBADEANSTALT,0.0069,0.0083,0.2112,0.2112,0.3517,,middel
2026-09-28T23:19:39Z,2026-09-28T23:12:57Z,DKBW16,SØVANG,,,,,,all-stormwater,hoej
2026-09-28T23:19:39Z,2026-09-28T23:12:57Z,DKBW1906,TEGLHOLM BRYGGE BADEZONE,0.124,0.2899,0.2112,0.2899,0.3517,,middel
2026-09-28T23:19:39Z,2026-09-28T23:12:57Z,DKBW24,CHARLOTTENLUND STRANDPARK,0.033,0.0412,0.2112,0.2112,0.3517,,middel
2026-09-28T23:19:39Z,2026-09-28T23:12:57Z,DKBW14,AMAGER SYDSTRAND,0,0,0.2428,0.2428,0.139,,middel
2026-09-28T23:19:39Z,2026-09-28T23:12:57Z,DKBW1526,"AMAGER STRANDPARK, ØRESUND",0,0,0.2112,0.2112,0.3517,,hoej
2026-09-28T23:19:39Z,2026-09-28T23:12:57Z,DKBW1578,SLUSEHOLMEN HAVNEBAD,0.047,0.0463,0.2112,0.2112,0.3517,,middel
2026-09-28T23:19:39Z,2026-09-28T23:12:57Z,DKBW1667,KALVEBOD BØLGE BADEZONE,0.0237,0.035,0.2112,0.2112,0.3517,,middel
2026-09-28T23:19:39Z,2026-09-28T23:12:57Z,DKBW4,"KBS, UD FOR HYLDETANGEN",0.1416,0.3109,0.1603,0.3109,0.1984,,middel
2026-09-28T23:19:39Z,2026-09-28T23:12:57Z,DKBW1464,"VALLENSBÆK STRAND, VED SKRUBBEN",,,,,,all-stormwater,hoej
2026-09-28T23:19:39Z,2026-09-28T23:12:57Z,DKBW1590,LODSPARKEN,0.094,0.2647,0.2112,0.2647,0.3517,,middel
2026-09-28T23:19:39Z,2026-09-28T23:12:57Z,DKBW1593,TAARBÆK HAVN,0.0068,0.0083,0.2112,0.2112,0.3517,,middel
2026-09-28T23:19:39Z,2026-09-28T23:12:57Z,DKBW8,DRAGØR NORDSTRAND,0,0,0.2112,0.2112,0.3517,,middel
2026-09-28T23:19:39Z,2026-09-28T23:12:57Z,DKBW1904,STRANDEN VED VALBYPARKEN,0.1084,0.2774,0.2112,0.2774,0.3517,,hoej
2026-09-28T23:19:39Z,2026-09-28T23:12:57Z,DKBW1913,HVIDOVRE HAVN,0.0932,0.2639,0.2112,0.2639,0.3517,,middel
2026-09-28T23:19:39Z,2026-09-28T23:12:57Z,DKBW32,FREDERIKSDAL FRIBAD,0.1371,0.1166,0.2428,0.2428,0.1864,,middel
2026-09-28T23:19:39Z,2026-09-28T23:12:57Z,DKBW1527,"AMAGER STRANDPARK, LAGUNEN",0,0,0.2112,0.2112,0.3517,,hoej
2026-09-28T23:19:39Z,2026-09-28T23:12:57Z,DKBW1598,SYD FOR KASTRUP LYSTBÅDEHAVN,0,0,0.2112,0.2112,0.3517,,hoej
2026-09-28T23:19:39Z,2026-09-28T23:12:57Z,DKBW1629,HALFDANSGADE BADEZONE,0.0251,0.0356,0.2112,0.2112,0.3517,,middel
2026-09-28T23:19:39Z,2026-09-28T23:12:57Z,DKBW1652,SKOVSHOVED HAVBAD,0.0084,0.0211,0.2112,0.2112,0.3517,,middel
2026-09-28T23:19:39Z,2026-09-28T23:12:57Z,DKBW1656,SØNDRE REFSHALE BADEZONE,0.0152,0.0302,0.2112,0.2112,0.3517,,middel
2026-09-28T23:19:39Z,2026-09-28T23:12:57Z,DKBW1891,SKOVSHOVED SYD,0.0289,0.0394,0.2112,0.2112,0.3517,,middel
2026-09-28T23:19:39Z,2026-09-28T23:12:57Z,DKBW10,"DRAGØR SØBAD, NORD",0,0,0.2112,0.2112,0.3517,,middel
2026-09-28T23:19:39Z,2026-09-28T23:12:57Z,DKBW1528,FISKETORVET HAVNEBAD,0.0548,0.0487,0.2112,0.2112,0.3517,,hoej
2026-09-28T23:19:39Z,2026-09-28T23:12:57Z,DKBW1520,"KASTRUP SØBAD, NORD FOR KASTRUP LYSTBÅDEHAVN",0,0,0.2112,0.2112,0.3517,,hoej
2026-09-28T23:19:39Z,2026-09-28T23:12:57Z,DKBW1579,SVANEMØLLESTRANDEN,0.0641,0.2332,0.2112,0.2332,0.3517,,middel
2026-09-28T23:19:39Z,2026-09-28T23:12:57Z,DKBW1594,BOMBEGRUNDEN TAARBÆK,0.0071,0.0084,0.2112,0.2112,0.3517,,middel
2026-09-28T23:19:39Z,2026-09-28T23:12:57Z,DKBW1907,VANDTRAPPEN BADEZONE,0.1236,0.2897,0.2112,0.2897,0.3517,,middel
2026-09-28T23:19:39Z,2026-09-28T23:12:57Z,DKBW1908,BYSKOVEN BADEZONE,0.0359,0.0424,0.2112,0.2112,0.3517,,middel
2026-09-28T23:19:39Z,2026-09-28T23:12:57Z,DKBW20,BELLEVUE STRAND,0.0075,0.0086,0.2112,0.2112,0.3517,,middel
2026-09-28T23:19:39Z,2026-09-28T23:12:57Z,DKBW1772,KVÆSTHUSBROEN,0.0448,0.0368,0.2112,0.2112,0.3517,,middel
2026-09-28T23:19:39Z,2026-09-28T23:12:57Z,DKBW1893,BADEANSTALT I VALLENSBÆK HAVN,,,,,,all-stormwater,hoej
2026-09-28T23:19:39Z,2026-09-28T23:12:57Z,DKBW26,HELLERUP STRAND,0.0576,0.2252,0.2112,0.2252,0.3517,,middel
2026-09-28T23:19:39Z,2026-09-28T23:12:57Z,DKBW1525,ISLANDS BRYGGE HAVNEBAD,0.024,0.0351,0.2112,0.2112,0.3517,,middel
2026-09-28T23:19:39Z,2026-09-28T23:12:57Z,DKBW1624,HALVANDET BADEZONE,0.0345,0.0338,0.2112,0.2112,0.3517,,hoej
2026-09-28T23:19:39Z,2026-09-28T23:12:57Z,DKBW1648,SANDKAJ BADEZONE,0.0455,0.0458,0.2112,0.2112,0.3517,,middel
2026-09-28T23:19:39Z,2026-09-28T23:12:57Z,DKBW1905,HAVNEGADE BADEZONE,0.02,0.033,0.2112,0.2112,0.3517,,middel
2026-09-28T23:19:39Z,2026-09-28T23:12:57Z,DKBW1640,HAVNEVIGEN BADEZONE,0.0303,0.0379,0.2112,0.2112,0.3517,,middel
2026-09-28T23:19:39Z,2026-09-28T23:12:57Z,DKBW18,VED KONGELUNDSKROEN,,,,,,all-stormwater,hoej
2026-09-28T23:19:39Z,2026-09-28T23:12:57Z,DKBW1896,LA BANCHINA BADEZONE,0.0155,0.0304,0.2112,0.2112,0.3517,,middel
2026-09-28T23:19:39Z,2026-09-28T23:12:57Z,DKBW1914,MOERTELRENDEN,0.0953,0.2659,0.2112,0.2659,0.3517,,middel
2026-09-28T23:19:39Z,2026-09-28T23:12:57Z,DKBW30,TAARBÆK SØBADEANSTALT,0.0069,0.0083,0.2112,0.2112,0.3517,,middel
2026-09-29T00:17:20Z,2026-09-29T00:12:57Z,DKBW16,SØVANG,,,,,,all-stormwater,hoej
2026-09-29T00:17:20Z,2026-09-29T00:12:57Z,DKBW1906,TEGLHOLM BRYGGE BADEZONE,0.1267,0.2902,0.2112,0.2902,0.3551,,middel
2026-09-29T00:17:20Z,2026-09-29T00:12:57Z,DKBW24,CHARLOTTENLUND STRANDPARK,0.0344,0.0427,0.2112,0.2112,0.3551,,middel
2026-09-29T00:17:20Z,2026-09-29T00:12:57Z,DKBW14,AMAGER SYDSTRAND,0,0,0.2428,0.2428,0.1404,,middel
2026-09-29T00:17:20Z,2026-09-29T00:12:57Z,DKBW1526,"AMAGER STRANDPARK, ØRESUND",0,0,0.2112,0.2112,0.3551,,hoej
2026-09-29T00:17:20Z,2026-09-29T00:12:57Z,DKBW1578,SLUSEHOLMEN HAVNEBAD,0.0488,0.048,0.2112,0.2112,0.3551,,middel
2026-09-29T00:17:20Z,2026-09-29T00:12:57Z,DKBW1667,KALVEBOD BØLGE BADEZONE,0.0367,0.0468,0.2112,0.2112,0.3551,,middel
2026-09-29T00:17:20Z,2026-09-29T00:12:57Z,DKBW4,"KBS, UD FOR HYLDETANGEN",0.1374,0.3066,0.1603,0.3066,0.1937,,middel
2026-09-29T00:17:20Z,2026-09-29T00:12:57Z,DKBW1464,"VALLENSBÆK STRAND, VED SKRUBBEN",,,,,,all-stormwater,hoej
2026-09-29T00:17:20Z,2026-09-29T00:12:57Z,DKBW1590,LODSPARKEN,0.0963,0.2651,0.2112,0.2651,0.3551,,middel
2026-09-29T00:17:20Z,2026-09-29T00:12:57Z,DKBW1593,TAARBÆK HAVN,0.061,0.0497,0.2112,0.2112,0.3551,,middel
2026-09-29T00:17:20Z,2026-09-29T00:12:57Z,DKBW8,DRAGØR NORDSTRAND,0,0,0.2112,0.2112,0.3551,,middel
2026-09-29T00:17:20Z,2026-09-29T00:12:57Z,DKBW1904,STRANDEN VED VALBYPARKEN,0.1109,0.2777,0.2112,0.2777,0.3551,,hoej
2026-09-29T00:17:20Z,2026-09-29T00:12:57Z,DKBW1913,HVIDOVRE HAVN,0.0955,0.2644,0.2112,0.2644,0.3551,,middel
2026-09-29T00:17:20Z,2026-09-29T00:12:57Z,DKBW32,FREDERIKSDAL FRIBAD,0.1996,0.1698,0.2428,0.2428,0.2575,,middel
2026-09-29T00:17:20Z,2026-09-29T00:12:57Z,DKBW1527,"AMAGER STRANDPARK, LAGUNEN",0,0,0.2112,0.2112,0.3551,,hoej
2026-09-29T00:17:20Z,2026-09-29T00:12:57Z,DKBW1598,SYD FOR KASTRUP LYSTBÅDEHAVN,0,0,0.2112,0.2112,0.3551,,hoej
2026-09-29T00:17:20Z,2026-09-29T00:12:57Z,DKBW1629,HALFDANSGADE BADEZONE,0.0358,0.0464,0.2112,0.2112,0.3551,,middel
2026-09-29T00:17:20Z,2026-09-29T00:12:57Z,DKBW1652,SKOVSHOVED HAVBAD,0.0087,0.0201,0.2112,0.2112,0.3551,,middel
2026-09-29T00:17:20Z,2026-09-29T00:12:57Z,DKBW1656,SØNDRE REFSHALE BADEZONE,0.0431,0.0494,0.2112,0.2112,0.3551,,hoej
2026-09-29T00:17:20Z,2026-09-29T00:12:57Z,DKBW1891,SKOVSHOVED SYD,0.0301,0.0409,0.2112,0.2112,0.3551,,middel
2026-09-29T00:17:20Z,2026-09-29T00:12:57Z,DKBW10,"DRAGØR SØBAD, NORD",0,0,0.2112,0.2112,0.3551,,middel
2026-09-29T00:17:20Z,2026-09-29T00:12:57Z,DKBW1528,FISKETORVET HAVNEBAD,0.0568,0.0504,0.2112,0.2112,0.3551,,hoej
2026-09-29T00:17:20Z,2026-09-29T00:12:57Z,DKBW1520,"KASTRUP SØBAD, NORD FOR KASTRUP LYSTBÅDEHAVN",0,0,0.2112,0.2112,0.3551,,hoej
2026-09-29T00:17:20Z,2026-09-29T00:12:57Z,DKBW1579,SVANEMØLLESTRANDEN,0.0426,0.0459,0.2112,0.2112,0.3551,,middel
2026-09-29T00:17:20Z,2026-09-29T00:12:57Z,DKBW1594,BOMBEGRUNDEN TAARBÆK,0.0063,0.0074,0.2112,0.2112,0.3551,,middel
2026-09-29T00:17:20Z,2026-09-29T00:12:57Z,DKBW1907,VANDTRAPPEN BADEZONE,0.1263,0.2899,0.2112,0.2899,0.3551,,middel
2026-09-29T00:17:20Z,2026-09-29T00:12:57Z,DKBW1908,BYSKOVEN BADEZONE,0.0977,0.2664,0.2112,0.2664,0.3551,,middel
2026-09-29T00:17:20Z,2026-09-29T00:12:57Z,DKBW20,BELLEVUE STRAND,0.0066,0.0075,0.2112,0.2112,0.3551,,middel
2026-09-29T00:17:20Z,2026-09-29T00:12:57Z,DKBW1772,KVÆSTHUSBROEN,0.0435,0.0495,0.2112,0.2112,0.3551,,hoej
2026-09-29T00:17:20Z,2026-09-29T00:12:57Z,DKBW1893,BADEANSTALT I VALLENSBÆK HAVN,,,,,,all-stormwater,hoej
2026-09-29T00:17:20Z,2026-09-29T00:12:57Z,DKBW26,HELLERUP STRAND,0.0593,0.2259,0.2112,0.2259,0.3551,,middel
2026-09-29T00:17:20Z,2026-09-29T00:12:57Z,DKBW1525,ISLANDS BRYGGE HAVNEBAD,0.0374,0.0471,0.2112,0.2112,0.3551,,middel
2026-09-29T00:17:20Z,2026-09-29T00:12:57Z,DKBW1624,HALVANDET BADEZONE,0.0394,0.0479,0.2112,0.2112,0.3551,,middel
2026-09-29T00:17:20Z,2026-09-29T00:12:57Z,DKBW1648,SANDKAJ BADEZONE,0.0298,0.0437,0.2112,0.2112,0.3551,,middel
2026-09-29T00:17:20Z,2026-09-29T00:12:57Z,DKBW1905,HAVNEGADE BADEZONE,0.0436,0.0496,0.2112,0.2112,0.3551,,hoej
2026-09-29T00:17:20Z,2026-09-29T00:12:57Z,DKBW1640,HAVNEVIGEN BADEZONE,0.0533,0.0494,0.2112,0.2112,0.3551,,hoej
2026-09-29T00:17:20Z,2026-09-29T00:12:57Z,DKBW18,VED KONGELUNDSKROEN,,,,,,all-stormwater,hoej
2026-09-29T00:17:20Z,2026-09-29T00:12:57Z,DKBW1896,LA BANCHINA BADEZONE,0.0444,0.0498,0.2112,0.2112,0.3551,,hoej
2026-09-29T00:17:20Z,2026-09-29T00:12:57Z,DKBW1914,MOERTELRENDEN,0.0976,0.2663,0.2112,0.2663,0.3551,,middel
2026-09-29T00:17:20Z,2026-09-29T00:12:57Z,DKBW30,TAARBÆK SØBADEANSTALT,0.0608,0.0497,0.2112,0.2112,0.3551,,middel
2026-09-29T01:17:16Z,2026-09-29T01:12:57Z,DKBW16,SØVANG,,,,,,all-stormwater,hoej
2026-09-29T01:17:16Z,2026-09-29T01:12:57Z,DKBW1906,TEGLHOLM BRYGGE BADEZONE,0.1227,0.286,0.2046,0.286,0.2261,,middel
2026-09-29T01:17:16Z,2026-09-29T01:12:57Z,DKBW24,CHARLOTTENLUND STRANDPARK,0.0348,0.0428,0.2046,0.2046,0.2261,,middel
2026-09-29T01:17:16Z,2026-09-29T01:12:57Z,DKBW14,AMAGER SYDSTRAND,0,0,0.2287,0.2287,0.0895,,middel
2026-09-29T01:17:16Z,2026-09-29T01:12:57Z,DKBW1526,"AMAGER STRANDPARK, ØRESUND",0,0,0.2046,0.2046,0.2261,,hoej
2026-09-29T01:17:16Z,2026-09-29T01:12:57Z,DKBW1578,SLUSEHOLMEN HAVNEBAD,0.0489,0.0479,0.2046,0.2046,0.2261,,middel
2026-09-29T01:17:16Z,2026-09-29T01:12:57Z,DKBW1667,KALVEBOD BØLGE BADEZONE,0.0364,0.0455,0.2046,0.2046,0.2261,,middel
2026-09-29T01:17:16Z,2026-09-29T01:12:57Z,DKBW4,"KBS, UD FOR HYLDETANGEN",0.136,0.3042,0.1554,0.3042,0.206,,middel
2026-09-29T01:17:16Z,2026-09-29T01:12:57Z,DKBW1464,"VALLENSBÆK STRAND, VED SKRUBBEN",,,,,,all-stormwater,hoej
2026-09-29T01:17:16Z,2026-09-29T01:12:57Z,DKBW1590,LODSPARKEN,0.0939,0.2619,0.2046,0.2619,0.2261,,middel
2026-09-29T01:17:16Z,2026-09-29T01:12:57Z,DKBW1593,TAARBÆK HAVN,0.0584,0.0476,0.2046,0.2046,0.2261,,middel
2026-09-29T01:17:16Z,2026-09-29T01:12:57Z,DKBW8,DRAGØR NORDSTRAND,0,0,0.2046,0.2046,0.2261,,middel
2026-09-29T01:17:16Z,2026-09-29T01:12:57Z,DKBW1904,STRANDEN VED VALBYPARKEN,0.1078,0.2741,0.2046,0.2741,0.2261,,hoej
2026-09-29T01:17:16Z,2026-09-29T01:12:57Z,DKBW1913,HVIDOVRE HAVN,0.0932,0.2612,0.2046,0.2612,0.2261,,middel
2026-09-29T01:17:16Z,2026-09-29T01:12:57Z,DKBW32,FREDERIKSDAL FRIBAD,0.2122,0.1805,0.2287,0.2287,0.2887,,middel
2026-09-29T01:17:16Z,2026-09-29T01:12:57Z,DKBW1527,"AMAGER STRANDPARK, LAGUNEN",0,0,0.2046,0.2046,0.2261,,hoej
2026-09-29T01:17:16Z,2026-09-29T01:12:57Z,DKBW1598,SYD FOR KASTRUP LYSTBÅDEHAVN,0,0,0.2046,0.2046,0.2261,,hoej
2026-09-29T01:17:16Z,2026-09-29T01:12:57Z,DKBW1629,HALFDANSGADE BADEZONE,0.0355,0.0451,0.2046,0.2046,0.2261,,middel
2026-09-29T01:17:16Z,2026-09-29T01:12:57Z,DKBW1652,SKOVSHOVED HAVBAD,0.0098,0.0195,0.2046,0.2046,0.2261,,middel
2026-09-29T01:17:16Z,2026-09-29T01:12:57Z,DKBW1656,SØNDRE REFSHALE BADEZONE,0.0425,0.0478,0.2046,0.2046,0.2261,,hoej
2026-09-29T01:17:16Z,2026-09-29T01:12:57Z,DKBW1891,SKOVSHOVED SYD,0.0306,0.041,0.2046,0.2046,0.2261,,middel
2026-09-29T01:17:16Z,2026-09-29T01:12:57Z,DKBW10,"DRAGØR SØBAD, NORD",0,0,0.2046,0.2046,0.2261,,middel
2026-09-29T01:17:16Z,2026-09-29T01:12:57Z,DKBW1528,FISKETORVET HAVNEBAD,0.0567,0.0503,0.2046,0.2046,0.2261,,hoej
2026-09-29T01:17:16Z,2026-09-29T01:12:57Z,DKBW1520,"KASTRUP SØBAD, NORD FOR KASTRUP LYSTBÅDEHAVN",0,0,0.2046,0.2046,0.2261,,hoej
2026-09-29T01:17:16Z,2026-09-29T01:12:57Z,DKBW1579,SVANEMØLLESTRANDEN,0.0428,0.0458,0.2046,0.2046,0.2261,,middel
2026-09-29T01:17:16Z,2026-09-29T01:12:57Z,DKBW1594,BOMBEGRUNDEN TAARBÆK,0.0008,0.001,0.2046,0.2046,0.2261,,middel
2026-09-29T01:17:16Z,2026-09-29T01:12:57Z,DKBW1907,VANDTRAPPEN BADEZONE,0.1223,0.2857,0.2046,0.2857,0.2261,,middel
2026-09-29T01:17:16Z,2026-09-29T01:12:57Z,DKBW1908,BYSKOVEN BADEZONE,0.0953,0.2631,0.2046,0.2631,0.2261,,middel
2026-09-29T01:17:16Z,2026-09-29T01:12:57Z,DKBW20,BELLEVUE STRAND,0.0008,0.001,0.2046,0.2046,0.2261,,middel
2026-09-29T01:17:16Z,2026-09-29T01:12:57Z,DKBW1772,KVÆSTHUSBROEN,0.0428,0.048,0.2046,0.2046,0.2261,,hoej
2026-09-29T01:17:16Z,2026-09-29T01:12:57Z,DKBW1893,BADEANSTALT I VALLENSBÆK HAVN,,,,,,all-stormwater,hoej
2026-09-29T01:17:16Z,2026-09-29T01:12:57Z,DKBW26,HELLERUP STRAND,0.0586,0.2241,0.2046,0.2241,0.2261,,middel
2026-09-29T01:17:16Z,2026-09-29T01:12:57Z,DKBW1525,ISLANDS BRYGGE HAVNEBAD,0.0371,0.0458,0.2046,0.2046,0.2261,,middel
2026-09-29T01:17:16Z,2026-09-29T01:12:57Z,DKBW1624,HALVANDET BADEZONE,0.0389,0.0465,0.2046,0.2046,0.2261,,middel
2026-09-29T01:17:16Z,2026-09-29T01:12:57Z,DKBW1648,SANDKAJ BADEZONE,0.0299,0.0426,0.2046,0.2046,0.2261,,middel
2026-09-29T01:17:16Z,2026-09-29T01:12:57Z,DKBW1905,HAVNEGADE BADEZONE,0.0429,0.048,0.2046,0.2046,0.2261,,hoej
2026-09-29T01:17:16Z,2026-09-29T01:12:57Z,DKBW1640,HAVNEVIGEN BADEZONE,0.0533,0.0493,0.2046,0.2046,0.2261,,hoej
2026-09-29T01:17:16Z,2026-09-29T01:12:57Z,DKBW18,VED KONGELUNDSKROEN,,,,,,all-stormwater,hoej
2026-09-29T01:17:16Z,2026-09-29T01:12:57Z,DKBW1896,LA BANCHINA BADEZONE,0.0437,0.0483,0.2046,0.2046,0.2261,,hoej
2026-09-29T01:17:16Z,2026-09-29T01:12:57Z,DKBW1914,MOERTELRENDEN,0.0952,0.263,0.2046,0.263,0.2261,,middel
2026-09-29T01:17:16Z,2026-09-29T01:12:57Z,DKBW30,TAARBÆK SØBADEANSTALT,0.0581,0.0475,0.2046,0.2046,0.2261,,middel
2026-09-29T02:17:17Z,2026-09-29T02:12:57Z,DKBW16,SØVANG,,,,,,all-stormwater,hoej
2026-09-29T02:17:17Z,2026-09-29T02:12:57Z,DKBW1906,TEGLHOLM BRYGGE BADEZONE,0.0255,0.0394,0.2046,0.2046,0.1904,,middel
2026-09-29T02:17:17Z,2026-09-29T02:12:57Z,DKBW24,CHARLOTTENLUND STRANDPARK,0.0161,0.0338,0.2046,0.2046,0.1904,,middel
2026-09-29T02:17:17Z,2026-09-29T02:12:57Z,DKBW14,AMAGER SYDSTRAND,0,0,0.2287,0.2287,0.0298,,middel
2026-09-29T02:17:17Z,2026-09-29T02:12:57Z,DKBW1526,"AMAGER STRANDPARK, ØRESUND",0,0,0.2046,0.2046,0.1904,,hoej
2026-09-29T02:17:17Z,2026-09-29T02:12:57Z,DKBW1578,SLUSEHOLMEN HAVNEBAD,0.0265,0.0399,0.2046,0.2046,0.1904,,middel
2026-09-29T02:17:17Z,2026-09-29T02:12:57Z,DKBW1667,KALVEBOD BØLGE BADEZONE,0.0373,0.0446,0.2046,0.2046,0.1904,,middel
2026-09-29T02:17:17Z,2026-09-29T02:12:57Z,DKBW4,"KBS, UD FOR HYLDETANGEN",0.1319,0.2999,0.1554,0.2999,0.2014,,middel
2026-09-29T02:17:17Z,2026-09-29T02:12:57Z,DKBW1464,"VALLENSBÆK STRAND, VED SKRUBBEN",,,,,,all-stormwater,hoej
2026-09-29T02:17:17Z,2026-09-29T02:12:57Z,DKBW1590,LODSPARKEN,0.0195,0.0323,0.2046,0.2046,0.1904,,hoej
2026-09-29T02:17:17Z,2026-09-29T02:12:57Z,DKBW1593,TAARBÆK HAVN,0.0558,0.0455,0.2046,0.2046,0.1904,,middel
2026-09-29T02:17:17Z,2026-09-29T02:12:57Z,DKBW8,DRAGØR NORDSTRAND,0,0,0.2046,0.2046,0.1904,,middel
2026-09-29T02:17:17Z,2026-09-29T02:12:57Z,DKBW1904,STRANDEN VED VALBYPARKEN,0.0188,0.0356,0.2046,0.2046,0.1904,,middel
2026-09-29T02:17:17Z,2026-09-29T02:12:57Z,DKBW1913,HVIDOVRE HAVN,0.0193,0.0322,0.2046,0.2046,0.1904,,hoej
2026-09-29T02:17:17Z,2026-09-29T02:12:57Z,DKBW32,FREDERIKSDAL FRIBAD,0.2151,0.183,0.2287,0.2287,0.292,,middel
2026-09-29T02:17:17Z,2026-09-29T02:12:57Z,DKBW1527,"AMAGER STRANDPARK, LAGUNEN",0,0,0.2046,0.2046,0.1904,,hoej
2026-09-29T02:17:17Z,2026-09-29T02:12:57Z,DKBW1598,SYD FOR KASTRUP LYSTBÅDEHAVN,0,0,0.2046,0.2046,0.1904,,hoej
2026-09-29T02:17:17Z,2026-09-29T02:12:57Z,DKBW1629,HALFDANSGADE BADEZONE,0.0365,0.0443,0.2046,0.2046,0.1904,,middel
2026-09-29T02:17:17Z,2026-09-29T02:12:57Z,DKBW1652,SKOVSHOVED HAVBAD,0.0101,0.0135,0.2046,0.2046,0.1904,,middel
2026-09-29T02:17:17Z,2026-09-29T02:12:57Z,DKBW1656,SØNDRE REFSHALE BADEZONE,0.0428,0.0467,0.2046,0.2046,0.1904,,hoej
2026-09-29T02:17:17Z,2026-09-29T02:12:57Z,DKBW1891,SKOVSHOVED SYD,0.0129,0.0314,0.2046,0.2046,0.1904,,middel
2026-09-29T02:17:17Z,2026-09-29T02:12:57Z,DKBW10,"DRAGØR SØBAD, NORD",0,0,0.2046,0.2046,0.1904,,middel
2026-09-29T02:17:17Z,2026-09-29T02:12:57Z,DKBW1528,FISKETORVET HAVNEBAD,0.0324,0.0426,0.2046,0.2046,0.1904,,middel
2026-09-29T02:17:17Z,2026-09-29T02:12:57Z,DKBW1520,"KASTRUP SØBAD, NORD FOR KASTRUP LYSTBÅDEHAVN",0,0,0.2046,0.2046,0.1904,,hoej
2026-09-29T02:17:17Z,2026-09-29T02:12:57Z,DKBW1579,SVANEMØLLESTRANDEN,0.0237,0.0384,0.2046,0.2046,0.1904,,middel
2026-09-29T02:17:17Z,2026-09-29T02:12:57Z,DKBW1594,BOMBEGRUNDEN TAARBÆK,0.0046,0.0054,0.2046,0.2046,0.1904,,middel
2026-09-29T02:17:17Z,2026-09-29T02:12:57Z,DKBW1907,VANDTRAPPEN BADEZONE,0.0251,0.0392,0.2046,0.2046,0.1904,,middel
2026-09-29T02:17:17Z,2026-09-29T02:12:57Z,DKBW1908,BYSKOVEN BADEZONE,0.0158,0.0336,0.2046,0.2046,0.1904,,middel
2026-09-29T02:17:17Z,2026-09-29T02:12:57Z,DKBW20,BELLEVUE STRAND,0.0049,0.0054,0.2046,0.2046,0.1904,,middel
2026-09-29T02:17:17Z,2026-09-29T02:12:57Z,DKBW1772,KVÆSTHUSBROEN,0.0432,0.0468,0.2046,0.2046,0.1904,,hoej
2026-09-29T02:17:17Z,2026-09-29T02:12:57Z,DKBW1893,BADEANSTALT I VALLENSBÆK HAVN,,,,,,all-stormwater,hoej
2026-09-29T02:17:17Z,2026-09-29T02:12:57Z,DKBW26,HELLERUP STRAND,0.019,0.0357,0.2046,0.2046,0.1904,,middel
2026-09-29T02:17:17Z,2026-09-29T02:12:57Z,DKBW1525,ISLANDS BRYGGE HAVNEBAD,0.038,0.0449,0.2046,0.2046,0.1904,,middel
2026-09-29T02:17:17Z,2026-09-29T02:12:57Z,DKBW1624,HALVANDET BADEZONE,0.0396,0.0455,0.2046,0.2046,0.1904,,middel
2026-09-29T02:17:17Z,2026-09-29T02:12:57Z,DKBW1648,SANDKAJ BADEZONE,0.0313,0.0421,0.2046,0.2046,0.1904,,middel
2026-09-29T02:17:17Z,2026-09-29T02:12:57Z,DKBW1905,HAVNEGADE BADEZONE,0.0433,0.0469,0.2046,0.2046,0.1904,,hoej
2026-09-29T02:17:17Z,2026-09-29T02:12:57Z,DKBW1640,HAVNEVIGEN BADEZONE,0.0315,0.0422,0.2046,0.2046,0.1904,,middel
2026-09-29T02:17:17Z,2026-09-29T02:12:57Z,DKBW18,VED KONGELUNDSKROEN,,,,,,all-stormwater,hoej
2026-09-29T02:17:17Z,2026-09-29T02:12:57Z,DKBW1896,LA BANCHINA BADEZONE,0.0439,0.0471,0.2046,0.2046,0.1904,,hoej
2026-09-29T02:17:17Z,2026-09-29T02:12:57Z,DKBW1914,MOERTELRENDEN,0.0199,0.0326,0.2046,0.2046,0.1904,,hoej
2026-09-29T02:17:17Z,2026-09-29T02:12:57Z,DKBW30,TAARBÆK SØBADEANSTALT,0.0556,0.0454,0.2046,0.2046,0.1904,,middel
2026-09-29T03:17:16Z,2026-09-29T03:12:57Z,DKBW16,SØVANG,,,,,,all-stormwater,hoej
2026-09-29T03:17:16Z,2026-09-29T03:12:57Z,DKBW1906,TEGLHOLM BRYGGE BADEZONE,0.1148,0.2778,0.2046,0.2778,0.2191,,middel
2026-09-29T03:17:16Z,2026-09-29T03:12:57Z,DKBW24,CHARLOTTENLUND STRANDPARK,0.0325,0.0395,0.2046,0.2046,0.2191,,middel
2026-09-29T03:17:16Z,2026-09-29T03:12:57Z,DKBW14,AMAGER SYDSTRAND,,,,,,all-stormwater,hoej
2026-09-29T03:17:16Z,2026-09-29T03:12:57Z,DKBW1526,"AMAGER STRANDPARK, ØRESUND",0,0,0.2046,0.2046,0.2191,,hoej
2026-09-29T03:17:16Z,2026-09-29T03:12:57Z,DKBW1578,SLUSEHOLMEN HAVNEBAD,0.0453,0.0441,0.2046,0.2046,0.2191,,middel
2026-09-29T03:17:16Z,2026-09-29T03:12:57Z,DKBW1667,KALVEBOD BØLGE BADEZONE,0.0374,0.0435,0.2046,0.2046,0.2191,,middel
2026-09-29T03:17:16Z,2026-09-29T03:12:57Z,DKBW4,"KBS, UD FOR HYLDETANGEN",0.1278,0.2957,0.1554,0.2957,0.1968,,middel
2026-09-29T03:17:16Z,2026-09-29T03:12:57Z,DKBW1464,"VALLENSBÆK STRAND, VED SKRUBBEN",,,,,,all-stormwater,hoej
2026-09-29T03:17:16Z,2026-09-29T03:12:57Z,DKBW1590,LODSPARKEN,0.0886,0.255,0.2046,0.255,0.2191,,middel
2026-09-29T03:17:16Z,2026-09-29T03:12:57Z,DKBW1593,TAARBÆK HAVN,0.0533,0.0434,0.2046,0.2046,0.2191,,middel
2026-09-29T03:17:16Z,2026-09-29T03:12:57Z,DKBW8,DRAGØR NORDSTRAND,0,0,0.2046,0.2046,0.2191,,middel
2026-09-29T03:17:16Z,2026-09-29T03:12:57Z,DKBW1904,STRANDEN VED VALBYPARKEN,0.1013,0.2665,0.2046,0.2665,0.2191,,hoej
2026-09-29T03:17:16Z,2026-09-29T03:12:57Z,DKBW1913,HVIDOVRE HAVN,0.0879,0.2544,0.2046,0.2544,0.2191,,middel
2026-09-29T03:17:16Z,2026-09-29T03:12:57Z,DKBW32,FREDERIKSDAL FRIBAD,0.2092,0.1779,0.2287,0.2287,0.2851,,middel
2026-09-29T03:17:16Z,2026-09-29T03:12:57Z,DKBW1527,"AMAGER STRANDPARK, LAGUNEN",0,0,0.2046,0.2046,0.2191,,hoej
2026-09-29T03:17:16Z,2026-09-29T03:12:57Z,DKBW1598,SYD FOR KASTRUP LYSTBÅDEHAVN,0,0,0.2046,0.2046,0.2191,,hoej
2026-09-29T03:17:16Z,2026-09-29T03:12:57Z,DKBW1629,HALFDANSGADE BADEZONE,0.0366,0.0432,0.2046,0.2046,0.2191,,middel
2026-09-29T03:17:16Z,2026-09-29T03:12:57Z,DKBW1652,SKOVSHOVED HAVBAD,0.0098,0.0191,0.2046,0.2046,0.2191,,middel
2026-09-29T03:17:16Z,2026-09-29T03:12:57Z,DKBW1656,SØNDRE REFSHALE BADEZONE,0.0425,0.0453,0.2046,0.2046,0.2191,,hoej
2026-09-29T03:17:16Z,2026-09-29T03:12:57Z,DKBW1891,SKOVSHOVED SYD,0.0287,0.0379,0.2046,0.2046,0.2191,,middel
2026-09-29T03:17:16Z,2026-09-29T03:12:57Z,DKBW10,"DRAGØR SØBAD, NORD",,,,,,all-stormwater,hoej
2026-09-29T03:17:16Z,2026-09-29T03:12:57Z,DKBW1528,FISKETORVET HAVNEBAD,0.0523,0.0462,0.2046,0.2046,0.2191,,hoej
2026-09-29T03:17:16Z,2026-09-29T03:12:57Z,DKBW1520,"KASTRUP SØBAD, NORD FOR KASTRUP LYSTBÅDEHAVN",0,0,0.2046,0.2046,0.2191,,hoej
2026-09-29T03:17:16Z,2026-09-29T03:12:57Z,DKBW1579,SVANEMØLLESTRANDEN,0.0619,0.2265,0.2046,0.2265,0.2191,,middel
2026-09-29T03:17:16Z,2026-09-29T03:12:57Z,DKBW1594,BOMBEGRUNDEN TAARBÆK,0.0038,0.0044,0.2046,0.2046,0.2191,,middel
2026-09-29T03:17:16Z,2026-09-29T03:12:57Z,DKBW1907,VANDTRAPPEN BADEZONE,0.1145,0.2775,0.2046,0.2775,0.2191,,middel
2026-09-29T03:17:16Z,2026-09-29T03:12:57Z,DKBW1908,BYSKOVEN BADEZONE,0.0351,0.0406,0.2046,0.2046,0.2191,,middel
2026-09-29T03:17:16Z,2026-09-29T03:12:57Z,DKBW20,BELLEVUE STRAND,0.004,0.0044,0.2046,0.2046,0.2191,,middel
2026-09-29T03:17:16Z,2026-09-29T03:12:57Z,DKBW1772,KVÆSTHUSBROEN,0.0428,0.0454,0.2046,0.2046,0.2191,,hoej
2026-09-29T03:17:16Z,2026-09-29T03:12:57Z,DKBW1893,BADEANSTALT I VALLENSBÆK HAVN,,,,,,all-stormwater,hoej
2026-09-29T03:17:16Z,2026-09-29T03:12:57Z,DKBW26,HELLERUP STRAND,0.056,0.2192,0.2046,0.2192,0.2191,,middel
2026-09-29T03:17:16Z,2026-09-29T03:12:57Z,DKBW1525,ISLANDS BRYGGE HAVNEBAD,0.038,0.0437,0.2046,0.2046,0.2191,,middel
2026-09-29T03:17:16Z,2026-09-29T03:12:57Z,DKBW1624,HALVANDET BADEZONE,0.0395,0.0443,0.2046,0.2046,0.2191,,middel
2026-09-29T03:17:16Z,2026-09-29T03:12:57Z,DKBW1648,SANDKAJ BADEZONE,0.0439,0.0436,0.2046,0.2046,0.2191,,middel
2026-09-29T03:17:16Z,2026-09-29T03:12:57Z,DKBW1905,HAVNEGADE BADEZONE,0.0429,0.0455,0.2046,0.2046,0.2191,,hoej
2026-09-29T03:17:16Z,2026-09-29T03:12:57Z,DKBW1640,HAVNEVIGEN BADEZONE,0.0328,0.0413,0.2046,0.2046,0.2191,,middel
2026-09-29T03:17:16Z,2026-09-29T03:12:57Z,DKBW18,VED KONGELUNDSKROEN,,,,,,all-stormwater,hoej
2026-09-29T03:17:16Z,2026-09-29T03:12:57Z,DKBW1896,LA BANCHINA BADEZONE,0.0435,0.0457,0.2046,0.2046,0.2191,,hoej
2026-09-29T03:17:16Z,2026-09-29T03:12:57Z,DKBW1914,MOERTELRENDEN,0.0898,0.2561,0.2046,0.2561,0.2191,,middel
2026-09-29T03:17:16Z,2026-09-29T03:12:57Z,DKBW30,TAARBÆK SØBADEANSTALT,0.053,0.0433,0.2046,0.2046,0.2191,,middel
2026-09-29T04:17:17Z,2026-09-29T04:12:57Z,DKBW16,SØVANG,,,,,,all-stormwater,hoej
2026-09-29T04:17:17Z,2026-09-29T04:12:57Z,DKBW1906,TEGLHOLM BRYGGE BADEZONE,0.111,0.2737,0.1986,0.2737,0.1209,,middel
2026-09-29T04:17:17Z,2026-09-29T04:12:57Z,DKBW24,CHARLOTTENLUND STRANDPARK,0.0311,0.0378,0.1986,0.1986,0.1209,,middel
2026-09-29T04:17:17Z,2026-09-29T04:12:57Z,DKBW14,AMAGER SYDSTRAND,,,,,,all-stormwater,hoej
2026-09-29T04:17:17Z,2026-09-29T04:12:57Z,DKBW1526,"AMAGER STRANDPARK, ØRESUND",0,0,0.1986,0.1986,0.1209,,hoej
2026-09-29T04:17:17Z,2026-09-29T04:12:57Z,DKBW1578,SLUSEHOLMEN HAVNEBAD,0.0335,0.0366,0.1986,0.1986,0.1209,,middel
2026-09-29T04:17:17Z,2026-09-29T04:12:57Z,DKBW1667,KALVEBOD BØLGE BADEZONE,0.0275,0.0343,0.1986,0.1986,0.1209,,middel
2026-09-29T04:17:17Z,2026-09-29T04:12:57Z,DKBW4,"KBS, UD FOR HYLDETANGEN",0.1239,0.2916,0.1499,0.2916,0.1574,,middel
2026-09-29T04:17:17Z,2026-09-29T04:12:57Z,DKBW1464,"VALLENSBÆK STRAND, VED SKRUBBEN",,,,,,all-stormwater,hoej
2026-09-29T04:17:17Z,2026-09-29T04:12:57Z,DKBW1590,LODSPARKEN,0.0856,0.2512,0.1986,0.2512,0.1209,,middel
2026-09-29T04:17:17Z,2026-09-29T04:12:57Z,DKBW1593,TAARBÆK HAVN,0,0,0.1986,0.1986,0.1209,,middel
2026-09-29T04:17:17Z,2026-09-29T04:12:57Z,DKBW8,DRAGØR NORDSTRAND,0,0,0.1986,0.1986,0.1209,,middel
2026-09-29T04:17:17Z,2026-09-29T04:12:57Z,DKBW1904,STRANDEN VED VALBYPARKEN,0.0979,0.2626,0.1986,0.2626,0.1209,,hoej
2026-09-29T04:17:17Z,2026-09-29T04:12:57Z,DKBW1913,HVIDOVRE HAVN,0.0849,0.2506,0.1986,0.2506,0.1209,,middel
2026-09-29T04:17:17Z,2026-09-29T04:12:57Z,DKBW32,FREDERIKSDAL FRIBAD,0.2034,0.173,0.2224,0.2224,0.3997,,middel
2026-09-29T04:17:17Z,2026-09-29T04:12:57Z,DKBW1527,"AMAGER STRANDPARK, LAGUNEN",0,0,0.1986,0.1986,0.1209,,hoej
2026-09-29T04:17:17Z,2026-09-29T04:12:57Z,DKBW1598,SYD FOR KASTRUP LYSTBÅDEHAVN,0,0,0.1986,0.1986,0.1209,,middel
2026-09-29T04:17:17Z,2026-09-29T04:12:57Z,DKBW1629,HALFDANSGADE BADEZONE,0.0287,0.0348,0.1986,0.1986,0.1209,,middel
2026-09-29T04:17:17Z,2026-09-29T04:12:57Z,DKBW1652,SKOVSHOVED HAVBAD,0.0102,0.0187,0.1986,0.1986,0.1209,,middel
2026-09-29T04:17:17Z,2026-09-29T04:12:57Z,DKBW1656,SØNDRE REFSHALE BADEZONE,0.0201,0.0309,0.1986,0.1986,0.1209,,middel
2026-09-29T04:17:17Z,2026-09-29T04:12:57Z,DKBW1891,SKOVSHOVED SYD,0.0273,0.0362,0.1986,0.1986,0.1209,,middel
2026-09-29T04:17:17Z,2026-09-29T04:12:57Z,DKBW10,"DRAGØR SØBAD, NORD",,,,,,all-stormwater,hoej
2026-09-29T04:17:17Z,2026-09-29T04:12:57Z,DKBW1528,FISKETORVET HAVNEBAD,0.05,0.0442,0.1986,0.1986,0.1209,,hoej
2026-09-29T04:17:17Z,2026-09-29T04:12:57Z,DKBW1520,"KASTRUP SØBAD, NORD FOR KASTRUP LYSTBÅDEHAVN",0,0,0.1986,0.1986,0.1209,,hoej
2026-09-29T04:17:17Z,2026-09-29T04:12:57Z,DKBW1579,SVANEMØLLESTRANDEN,0.0597,0.223,0.1986,0.223,0.1209,,middel
2026-09-29T04:17:17Z,2026-09-29T04:12:57Z,DKBW1594,BOMBEGRUNDEN TAARBÆK,0,0,0.1986,0.1986,0.1209,,middel
2026-09-29T04:17:17Z,2026-09-29T04:12:57Z,DKBW1907,VANDTRAPPEN BADEZONE,0.1107,0.2735,0.1986,0.2735,0.1209,,middel
2026-09-29T04:17:17Z,2026-09-29T04:12:57Z,DKBW1908,BYSKOVEN BADEZONE,0.0336,0.0388,0.1986,0.1986,0.1209,,middel
2026-09-29T04:17:17Z,2026-09-29T04:12:57Z,DKBW20,BELLEVUE STRAND,0,0,0.1986,0.1986,0.1209,,middel
2026-09-29T04:17:17Z,2026-09-29T04:12:57Z,DKBW1772,KVÆSTHUSBROEN,0.0339,0.0324,0.1986,0.1986,0.1209,,middel
2026-09-29T04:17:17Z,2026-09-29T04:12:57Z,DKBW1893,BADEANSTALT I VALLENSBÆK HAVN,,,,,,all-stormwater,hoej
2026-09-29T04:17:17Z,2026-09-29T04:12:57Z,DKBW26,HELLERUP STRAND,0.054,0.2158,0.1986,0.2158,0.1209,,middel
2026-09-29T04:17:17Z,2026-09-29T04:12:57Z,DKBW1525,ISLANDS BRYGGE HAVNEBAD,0.0278,0.0344,0.1986,0.1986,0.1209,,middel
2026-09-29T04:17:17Z,2026-09-29T04:12:57Z,DKBW1624,HALVANDET BADEZONE,0.0186,0.0301,0.1986,0.1986,0.1209,,middel
2026-09-29T04:17:17Z,2026-09-29T04:12:57Z,DKBW1648,SANDKAJ BADEZONE,0.0419,0.0417,0.1986,0.1986,0.1209,,middel
2026-09-29T04:17:17Z,2026-09-29T04:12:57Z,DKBW1905,HAVNEGADE BADEZONE,0.0244,0.0329,0.1986,0.1986,0.1209,,middel
2026-09-29T04:17:17Z,2026-09-29T04:12:57Z,DKBW1640,HAVNEVIGEN BADEZONE,0.0328,0.0363,0.1986,0.1986,0.1209,,middel
2026-09-29T04:17:17Z,2026-09-29T04:12:57Z,DKBW18,VED KONGELUNDSKROEN,,,,,,all-stormwater,hoej
2026-09-29T04:17:17Z,2026-09-29T04:12:57Z,DKBW1896,LA BANCHINA BADEZONE,0.0203,0.031,0.1986,0.1986,0.1209,,middel
2026-09-29T04:17:17Z,2026-09-29T04:12:57Z,DKBW1914,MOERTELRENDEN,0.0867,0.2523,0.1986,0.2523,0.1209,,middel
2026-09-29T04:17:17Z,2026-09-29T04:12:57Z,DKBW30,TAARBÆK SØBADEANSTALT,0,0,0.1986,0.1986,0.1209,,middel
2026-09-29T05:17:16Z,2026-09-29T05:12:57Z,DKBW16,SØVANG,,,,,,all-stormwater,hoej
2026-09-29T05:17:16Z,2026-09-29T05:12:57Z,DKBW1906,TEGLHOLM BRYGGE BADEZONE,0.1073,0.2698,0.1986,0.2698,0.1171,,middel
2026-09-29T05:17:16Z,2026-09-29T05:12:57Z,DKBW24,CHARLOTTENLUND STRANDPARK,0.0288,0.0358,0.1986,0.1986,0.1171,,middel
2026-09-29T05:17:16Z,2026-09-29T05:12:57Z,DKBW14,AMAGER SYDSTRAND,,,,,,all-stormwater,hoej
2026-09-29T05:17:16Z,2026-09-29T05:12:57Z,DKBW1526,"AMAGER STRANDPARK, ØRESUND",0,0,0.1986,0.1986,0.1171,,hoej
2026-09-29T05:17:16Z,2026-09-29T05:12:57Z,DKBW1578,SLUSEHOLMEN HAVNEBAD,0.0336,0.038,0.1986,0.1986,0.1171,,middel
2026-09-29T05:17:16Z,2026-09-29T05:12:57Z,DKBW1667,KALVEBOD BØLGE BADEZONE,0.0381,0.0413,0.1986,0.1986,0.1171,,middel
2026-09-29T05:17:16Z,2026-09-29T05:12:57Z,DKBW4,"KBS, UD FOR HYLDETANGEN",0.1201,0.2875,0.1499,0.2875,0.1533,,middel
2026-09-29T05:17:16Z,2026-09-29T05:12:57Z,DKBW1464,"VALLENSBÆK STRAND, VED SKRUBBEN",,,,,,all-stormwater,hoej
2026-09-29T05:17:16Z,2026-09-29T05:12:57Z,DKBW1590,LODSPARKEN,0.0817,0.2465,0.1986,0.2465,0.1171,,middel
2026-09-29T05:17:16Z,2026-09-29T05:12:57Z,DKBW1593,TAARBÆK HAVN,0.0483,0.0394,0.1986,0.1986,0.1171,,middel
2026-09-29T05:17:16Z,2026-09-29T05:12:57Z,DKBW8,DRAGØR NORDSTRAND,0,0,0.1986,0.1986,0.1171,,middel
2026-09-29T05:17:16Z,2026-09-29T05:12:57Z,DKBW1904,STRANDEN VED VALBYPARKEN,0.094,0.2582,0.1986,0.2582,0.1171,,hoej
2026-09-29T05:17:16Z,2026-09-29T05:12:57Z,DKBW1913,HVIDOVRE HAVN,0.081,0.2458,0.1986,0.2458,0.1171,,middel
2026-09-29T05:17:16Z,2026-09-29T05:12:57Z,DKBW32,FREDERIKSDAL FRIBAD,0.1978,0.1682,0.2224,0.2224,0.3956,,middel
2026-09-29T05:17:16Z,2026-09-29T05:12:57Z,DKBW1527,"AMAGER STRANDPARK, LAGUNEN",0,0,0.1986,0.1986,0.1171,,hoej
2026-09-29T05:17:16Z,2026-09-29T05:12:57Z,DKBW1598,SYD FOR KASTRUP LYSTBÅDEHAVN,0,0,0.1986,0.1986,0.1171,,middel
2026-09-29T05:17:16Z,2026-09-29T05:12:57Z,DKBW1629,HALFDANSGADE BADEZONE,0.0375,0.0411,0.1986,0.1986,0.1171,,middel
2026-09-29T05:17:16Z,2026-09-29T05:12:57Z,DKBW1652,SKOVSHOVED HAVBAD,0.011,0.0185,0.1986,0.1986,0.1171,,middel
2026-09-29T05:17:16Z,2026-09-29T05:12:57Z,DKBW1656,SØNDRE REFSHALE BADEZONE,0.0422,0.0427,0.1986,0.1986,0.1171,,hoej
2026-09-29T05:17:16Z,2026-09-29T05:12:57Z,DKBW1891,SKOVSHOVED SYD,0.0252,0.0343,0.1986,0.1986,0.1171,,middel
2026-09-29T05:17:16Z,2026-09-29T05:12:57Z,DKBW10,"DRAGØR SØBAD, NORD",,,,,,all-stormwater,hoej
2026-09-29T05:17:16Z,2026-09-29T05:12:57Z,DKBW1528,FISKETORVET HAVNEBAD,0.0475,0.0422,0.1986,0.1986,0.1171,,hoej
2026-09-29T05:17:16Z,2026-09-29T05:12:57Z,DKBW1520,"KASTRUP SØBAD, NORD FOR KASTRUP LYSTBÅDEHAVN",0,0,0.1986,0.1986,0.1171,,hoej
2026-09-29T05:17:16Z,2026-09-29T05:12:57Z,DKBW1579,SVANEMØLLESTRANDEN,0.0559,0.2176,0.1986,0.2176,0.1171,,middel
2026-09-29T05:17:16Z,2026-09-29T05:12:57Z,DKBW1594,BOMBEGRUNDEN TAARBÆK,0.002,0.0024,0.1986,0.1986,0.1171,,middel
2026-09-29T05:17:16Z,2026-09-29T05:12:57Z,DKBW1907,VANDTRAPPEN BADEZONE,0.107,0.2695,0.1986,0.2695,0.1171,,middel
2026-09-29T05:17:16Z,2026-09-29T05:12:57Z,DKBW1908,BYSKOVEN BADEZONE,0.0285,0.0336,0.1986,0.1986,0.1171,,middel
2026-09-29T05:17:16Z,2026-09-29T05:12:57Z,DKBW20,BELLEVUE STRAND,0.0021,0.0024,0.1986,0.1986,0.1171,,middel
2026-09-29T05:17:16Z,2026-09-29T05:12:57Z,DKBW1772,KVÆSTHUSBROEN,0.0424,0.0428,0.1986,0.1986,0.1171,,hoej
2026-09-29T05:17:16Z,2026-09-29T05:12:57Z,DKBW1893,BADEANSTALT I VALLENSBÆK HAVN,,,,,,all-stormwater,hoej
2026-09-29T05:17:16Z,2026-09-29T05:12:57Z,DKBW26,HELLERUP STRAND,0.0504,0.2102,0.1986,0.2102,0.1171,,middel
2026-09-29T05:17:16Z,2026-09-29T05:12:57Z,DKBW1525,ISLANDS BRYGGE HAVNEBAD,0.0386,0.0415,0.1986,0.1986,0.1171,,middel
2026-09-29T05:17:16Z,2026-09-29T05:12:57Z,DKBW1624,HALVANDET BADEZONE,0.0398,0.0419,0.1986,0.1986,0.1171,,middel
2026-09-29T05:17:16Z,2026-09-29T05:12:57Z,DKBW1648,SANDKAJ BADEZONE,0.0607,0.2235,0.1986,0.2235,0.1171,,middel
2026-09-29T05:17:16Z,2026-09-29T05:12:57Z,DKBW1905,HAVNEGADE BADEZONE,0.0425,0.0428,0.1986,0.1986,0.1171,,hoej
2026-09-29T05:17:16Z,2026-09-29T05:12:57Z,DKBW1640,HAVNEVIGEN BADEZONE,0.0336,0.0396,0.1986,0.1986,0.1171,,middel
2026-09-29T05:17:16Z,2026-09-29T05:12:57Z,DKBW18,VED KONGELUNDSKROEN,,,,,,all-stormwater,hoej
2026-09-29T05:17:16Z,2026-09-29T05:12:57Z,DKBW1896,LA BANCHINA BADEZONE,0.043,0.043,0.1986,0.1986,0.1171,,hoej
2026-09-29T05:17:16Z,2026-09-29T05:12:57Z,DKBW1914,MOERTELRENDEN,0.0828,0.2476,0.1986,0.2476,0.1171,,middel
2026-09-29T05:17:16Z,2026-09-29T05:12:57Z,DKBW30,TAARBÆK SØBADEANSTALT,0.0481,0.0393,0.1986,0.1986,0.1171,,middel
2026-09-29T05:48:36Z,2026-09-29T05:42:57Z,DKBW16,SØVANG,,,,,,all-stormwater,hoej
2026-09-29T05:48:36Z,2026-09-29T05:42:57Z,DKBW1906,TEGLHOLM BRYGGE BADEZONE,0.1073,0.2698,0.1986,0.2698,0.1171,,middel
2026-09-29T05:48:36Z,2026-09-29T05:42:57Z,DKBW24,CHARLOTTENLUND STRANDPARK,0.0288,0.0358,0.1986,0.1986,0.1171,,middel
2026-09-29T05:48:36Z,2026-09-29T05:42:57Z,DKBW14,AMAGER SYDSTRAND,,,,,,all-stormwater,hoej
2026-09-29T05:48:36Z,2026-09-29T05:42:57Z,DKBW1526,"AMAGER STRANDPARK, ØRESUND",0,0,0.1986,0.1986,0.1171,,hoej
2026-09-29T05:48:36Z,2026-09-29T05:42:57Z,DKBW1578,SLUSEHOLMEN HAVNEBAD,0.0336,0.038,0.1986,0.1986,0.1171,,middel
2026-09-29T05:48:36Z,2026-09-29T05:42:57Z,DKBW1667,KALVEBOD BØLGE BADEZONE,0.0381,0.0413,0.1986,0.1986,0.1171,,middel
2026-09-29T05:48:36Z,2026-09-29T05:42:57Z,DKBW4,"KBS, UD FOR HYLDETANGEN",0.1201,0.2875,0.1499,0.2875,0.1533,,middel
2026-09-29T05:48:36Z,2026-09-29T05:42:57Z,DKBW1464,"VALLENSBÆK STRAND, VED SKRUBBEN",,,,,,all-stormwater,hoej
2026-09-29T05:48:36Z,2026-09-29T05:42:57Z,DKBW1590,LODSPARKEN,0.0817,0.2465,0.1986,0.2465,0.1171,,middel
2026-09-29T05:48:36Z,2026-09-29T05:42:57Z,DKBW1593,TAARBÆK HAVN,0.0483,0.0394,0.1986,0.1986,0.1171,,middel
2026-09-29T05:48:36Z,2026-09-29T05:42:57Z,DKBW8,DRAGØR NORDSTRAND,0,0,0.1986,0.1986,0.1171,,middel
2026-09-29T05:48:36Z,2026-09-29T05:42:57Z,DKBW1904,STRANDEN VED VALBYPARKEN,0.094,0.2582,0.1986,0.2582,0.1171,,hoej
2026-09-29T05:48:36Z,2026-09-29T05:42:57Z,DKBW1913,HVIDOVRE HAVN,0.081,0.2458,0.1986,0.2458,0.1171,,middel
2026-09-29T05:48:36Z,2026-09-29T05:42:57Z,DKBW32,FREDERIKSDAL FRIBAD,0.1978,0.1682,0.2224,0.2224,0.3956,,middel
2026-09-29T05:48:36Z,2026-09-29T05:42:57Z,DKBW1527,"AMAGER STRANDPARK, LAGUNEN",0,0,0.1986,0.1986,0.1171,,hoej
2026-09-29T05:48:36Z,2026-09-29T05:42:57Z,DKBW1598,SYD FOR KASTRUP LYSTBÅDEHAVN,0,0,0.1986,0.1986,0.1171,,middel
2026-09-29T05:48:36Z,2026-09-29T05:42:57Z,DKBW1629,HALFDANSGADE BADEZONE,0.0375,0.0411,0.1986,0.1986,0.1171,,middel
2026-09-29T05:48:36Z,2026-09-29T05:42:57Z,DKBW1652,SKOVSHOVED HAVBAD,0.011,0.0185,0.1986,0.1986,0.1171,,middel
2026-09-29T05:48:36Z,2026-09-29T05:42:57Z,DKBW1656,SØNDRE REFSHALE BADEZONE,0.0422,0.0427,0.1986,0.1986,0.1171,,hoej
2026-09-29T05:48:36Z,2026-09-29T05:42:57Z,DKBW1891,SKOVSHOVED SYD,0.0252,0.0343,0.1986,0.1986,0.1171,,middel
2026-09-29T05:48:36Z,2026-09-29T05:42:57Z,DKBW10,"DRAGØR SØBAD, NORD",,,,,,all-stormwater,hoej
2026-09-29T05:48:36Z,2026-09-29T05:42:57Z,DKBW1528,FISKETORVET HAVNEBAD,0.0475,0.0422,0.1986,0.1986,0.1171,,hoej
2026-09-29T05:48:36Z,2026-09-29T05:42:57Z,DKBW1520,"KASTRUP SØBAD, NORD FOR KASTRUP LYSTBÅDEHAVN",0,0,0.1986,0.1986,0.1171,,hoej
2026-09-29T05:48:36Z,2026-09-29T05:42:57Z,DKBW1579,SVANEMØLLESTRANDEN,0.0559,0.2176,0.1986,0.2176,0.1171,,middel
2026-09-29T05:48:36Z,2026-09-29T05:42:57Z,DKBW1594,BOMBEGRUNDEN TAARBÆK,0.002,0.0024,0.1986,0.1986,0.1171,,middel
2026-09-29T05:48:36Z,2026-09-29T05:42:57Z,DKBW1907,VANDTRAPPEN BADEZONE,0.107,0.2695,0.1986,0.2695,0.1171,,middel
2026-09-29T05:48:36Z,2026-09-29T05:42:57Z,DKBW1908,BYSKOVEN BADEZONE,0.0285,0.0336,0.1986,0.1986,0.1171,,middel
2026-09-29T05:48:36Z,2026-09-29T05:42:57Z,DKBW20,BELLEVUE STRAND,0.0021,0.0024,0.1986,0.1986,0.1171,,middel
2026-09-29T05:48:36Z,2026-09-29T05:42:57Z,DKBW1772,KVÆSTHUSBROEN,0.0424,0.0428,0.1986,0.1986,0.1171,,hoej
2026-09-29T05:48:36Z,2026-09-29T05:42:57Z,DKBW1893,BADEANSTALT I VALLENSBÆK HAVN,,,,,,all-stormwater,hoej
2026-09-29T05:48:36Z,2026-09-29T05:42:57Z,DKBW26,HELLERUP STRAND,0.0504,0.2102,0.1986,0.2102,0.1171,,middel
2026-09-29T05:48:36Z,2026-09-29T05:42:57Z,DKBW1525,ISLANDS BRYGGE HAVNEBAD,0.0386,0.0415,0.1986,0.1986,0.1171,,middel
2026-09-29T05:48:36Z,2026-09-29T05:42:57Z,DKBW1624,HALVANDET BADEZONE,0.0398,0.0419,0.1986,0.1986,0.1171,,middel
2026-09-29T05:48:36Z,2026-09-29T05:42:57Z,DKBW1648,SANDKAJ BADEZONE,0.0607,0.2235,0.1986,0.2235,0.1171,,middel
2026-09-29T05:48:36Z,2026-09-29T05:42:57Z,DKBW1905,HAVNEGADE BADEZONE,0.0425,0.0428,0.1986,0.1986,0.1171,,hoej
2026-09-29T05:48:36Z,2026-09-29T05:42:57Z,DKBW1640,HAVNEVIGEN BADEZONE,0.0336,0.0396,0.1986,0.1986,0.1171,,middel
2026-09-29T05:48:36Z,2026-09-29T05:42:57Z,DKBW18,VED KONGELUNDSKROEN,,,,,,all-stormwater,hoej
2026-09-29T05:48:36Z,2026-09-29T05:42:57Z,DKBW1896,LA BANCHINA BADEZONE,0.043,0.043,0.1986,0.1986,0.1171,,hoej
2026-09-29T05:48:36Z,2026-09-29T05:42:57Z,DKBW1914,MOERTELRENDEN,0.0828,0.2476,0.1986,0.2476,0.1171,,middel
2026-09-29T05:48:36Z,2026-09-29T05:42:57Z,DKBW30,TAARBÆK SØBADEANSTALT,0.0481,0.0393,0.1986,0.1986,0.1171,,middel
2026-09-29T06:17:51Z,2026-09-29T06:12:58Z,DKBW16,SØVANG,,,,,,all-stormwater,hoej
2026-09-29T06:17:51Z,2026-09-29T06:12:58Z,DKBW1906,TEGLHOLM BRYGGE BADEZONE,0.0389,0.0383,0.1986,0.1986,0.0746,,middel
2026-09-29T06:17:51Z,2026-09-29T06:12:58Z,DKBW24,CHARLOTTENLUND STRANDPARK,0.0262,0.0336,0.1986,0.1986,0.0746,,middel
2026-09-29T06:17:51Z,2026-09-29T06:12:58Z,DKBW14,AMAGER SYDSTRAND,,,,,,all-stormwater,hoej
2026-09-29T06:17:51Z,2026-09-29T06:12:58Z,DKBW1526,"AMAGER STRANDPARK, ØRESUND",0.0287,0.0326,0.1986,0.1986,0.0746,,middel
2026-09-29T06:17:51Z,2026-09-29T06:12:58Z,DKBW1578,SLUSEHOLMEN HAVNEBAD,0.0335,0.0373,0.1986,0.1986,0.0746,,middel
2026-09-29T06:17:51Z,2026-09-29T06:12:58Z,DKBW1667,KALVEBOD BØLGE BADEZONE,0.0383,0.0402,0.1986,0.1986,0.0746,,middel
2026-09-29T06:17:51Z,2026-09-29T06:12:58Z,DKBW4,"KBS, UD FOR HYLDETANGEN",0.1182,0.2848,0.1499,0.2848,0.1514,,middel
2026-09-29T06:17:51Z,2026-09-29T06:12:58Z,DKBW1464,"VALLENSBÆK STRAND, VED SKRUBBEN",,,,,,all-stormwater,hoej
2026-09-29T06:17:51Z,2026-09-29T06:12:58Z,DKBW1590,LODSPARKEN,0.028,0.0344,0.1986,0.1986,0.0746,,middel
2026-09-29T06:17:51Z,2026-09-29T06:12:58Z,DKBW1593,TAARBÆK HAVN,0.046,0.0374,0.1986,0.1986,0.0746,,middel
2026-09-29T06:17:51Z,2026-09-29T06:12:58Z,DKBW8,DRAGØR NORDSTRAND,0,0,0.1986,0.1986,0.0746,,middel
2026-09-29T06:17:51Z,2026-09-29T06:12:58Z,DKBW1904,STRANDEN VED VALBYPARKEN,0.0325,0.0361,0.1986,0.1986,0.0746,,middel
2026-09-29T06:17:51Z,2026-09-29T06:12:58Z,DKBW1913,HVIDOVRE HAVN,0.0277,0.0342,0.1986,0.1986,0.0746,,middel
2026-09-29T06:17:51Z,2026-09-29T06:12:58Z,DKBW32,FREDERIKSDAL FRIBAD,0.1922,0.1635,0.2224,0.2224,0.2028,,middel
2026-09-29T06:17:51Z,2026-09-29T06:12:58Z,DKBW1527,"AMAGER STRANDPARK, LAGUNEN",0.0294,0.0329,0.1986,0.1986,0.0746,,middel
2026-09-29T06:17:51Z,2026-09-29T06:12:58Z,DKBW1598,SYD FOR KASTRUP LYSTBÅDEHAVN,0,0,0.1986,0.1986,0.0746,,middel
2026-09-29T06:17:51Z,2026-09-29T06:12:58Z,DKBW1629,HALFDANSGADE BADEZONE,0.0377,0.04,0.1986,0.1986,0.0746,,middel
2026-09-29T06:17:51Z,2026-09-29T06:12:58Z,DKBW1652,SKOVSHOVED HAVBAD,0.0117,0.018,0.1986,0.1986,0.0746,,middel
2026-09-29T06:17:51Z,2026-09-29T06:12:58Z,DKBW1656,SØNDRE REFSHALE BADEZONE,0.0419,0.0414,0.1986,0.1986,0.0746,,hoej
2026-09-29T06:17:51Z,2026-09-29T06:12:58Z,DKBW1891,SKOVSHOVED SYD,0.0227,0.0321,0.1986,0.1986,0.0746,,middel
2026-09-29T06:17:51Z,2026-09-29T06:12:58Z,DKBW10,"DRAGØR SØBAD, NORD",,,,,,all-stormwater,hoej
2026-09-29T06:17:51Z,2026-09-29T06:12:58Z,DKBW1528,FISKETORVET HAVNEBAD,0.0349,0.039,0.1986,0.1986,0.0746,,middel
2026-09-29T06:17:51Z,2026-09-29T06:12:58Z,DKBW1520,"KASTRUP SØBAD, NORD FOR KASTRUP LYSTBÅDEHAVN",0,0,0.1986,0.1986,0.0746,,hoej
2026-09-29T06:17:51Z,2026-09-29T06:12:58Z,DKBW1579,SVANEMØLLESTRANDEN,0.033,0.0364,0.1986,0.1986,0.0746,,middel
2026-09-29T06:17:51Z,2026-09-29T06:12:58Z,DKBW1594,BOMBEGRUNDEN TAARBÆK,0.0012,0.0014,0.1986,0.1986,0.0746,,middel
2026-09-29T06:17:51Z,2026-09-29T06:12:58Z,DKBW1907,VANDTRAPPEN BADEZONE,0.0319,0.0369,0.1986,0.1986,0.0746,,middel
2026-09-29T06:17:51Z,2026-09-29T06:12:58Z,DKBW1908,BYSKOVEN BADEZONE,0.0289,0.0334,0.1986,0.1986,0.0746,,middel
2026-09-29T06:17:51Z,2026-09-29T06:12:58Z,DKBW20,BELLEVUE STRAND,0.0012,0.0015,0.1986,0.1986,0.0746,,middel
2026-09-29T06:17:51Z,2026-09-29T06:12:58Z,DKBW1772,KVÆSTHUSBROEN,0.0421,0.0415,0.1986,0.1986,0.0746,,hoej
2026-09-29T06:17:51Z,2026-09-29T06:12:58Z,DKBW1893,BADEANSTALT I VALLENSBÆK HAVN,,,,,,all-stormwater,hoej
2026-09-29T06:17:51Z,2026-09-29T06:12:58Z,DKBW26,HELLERUP STRAND,0.0292,0.0349,0.1986,0.1986,0.0746,,middel
2026-09-29T06:17:51Z,2026-09-29T06:12:58Z,DKBW1525,ISLANDS BRYGGE HAVNEBAD,0.0387,0.0403,0.1986,0.1986,0.0746,,middel
2026-09-29T06:17:51Z,2026-09-29T06:12:58Z,DKBW1624,HALVANDET BADEZONE,0.0398,0.0407,0.1986,0.1986,0.0746,,middel
2026-09-29T06:17:51Z,2026-09-29T06:12:58Z,DKBW1648,SANDKAJ BADEZONE,0.0369,0.0387,0.1986,0.1986,0.0746,,middel
2026-09-29T06:17:51Z,2026-09-29T06:12:58Z,DKBW1905,HAVNEGADE BADEZONE,0.0422,0.0415,0.1986,0.1986,0.0746,,hoej
2026-09-29T06:17:51Z,2026-09-29T06:12:58Z,DKBW1640,HAVNEVIGEN BADEZONE,0.0343,0.0388,0.1986,0.1986,0.0746,,middel
2026-09-29T06:17:51Z,2026-09-29T06:12:58Z,DKBW18,VED KONGELUNDSKROEN,,,,,,all-stormwater,hoej
2026-09-29T06:17:51Z,2026-09-29T06:12:58Z,DKBW1896,LA BANCHINA BADEZONE,0.0426,0.0416,0.1986,0.1986,0.0746,,hoej
2026-09-29T06:17:51Z,2026-09-29T06:12:58Z,DKBW1914,MOERTELRENDEN,0.0284,0.0345,0.1986,0.1986,0.0746,,middel
2026-09-29T06:17:51Z,2026-09-29T06:12:58Z,DKBW30,TAARBÆK SØBADEANSTALT,0.0458,0.0374,0.1986,0.1986,0.0746,,middel
2026-09-29T07:17:17Z,2026-09-29T07:13:00Z,DKBW16,SØVANG,,,,,,all-stormwater,hoej
2026-09-29T07:17:17Z,2026-09-29T07:13:00Z,DKBW1906,TEGLHOLM BRYGGE BADEZONE,0.1002,0.262,0.1931,0.262,0.1425,,middel
2026-09-29T07:17:17Z,2026-09-29T07:13:00Z,DKBW24,CHARLOTTENLUND STRANDPARK,0.0231,0.0324,0.1931,0.1931,0.1425,,middel
2026-09-29T07:17:17Z,2026-09-29T07:13:00Z,DKBW14,AMAGER SYDSTRAND,,,,,,all-stormwater,hoej
2026-09-29T07:17:17Z,2026-09-29T07:13:00Z,DKBW1526,"AMAGER STRANDPARK, ØRESUND",0.0277,0.0312,0.1931,0.1931,0.1425,,middel
2026-09-29T07:17:17Z,2026-09-29T07:13:00Z,DKBW1578,SLUSEHOLMEN HAVNEBAD,0.0323,0.0359,0.1931,0.1931,0.1425,,middel
2026-09-29T07:17:17Z,2026-09-29T07:13:00Z,DKBW1667,KALVEBOD BØLGE BADEZONE,0.037,0.0386,0.1931,0.1931,0.1425,,middel
2026-09-29T07:17:17Z,2026-09-29T07:13:00Z,DKBW4,"KBS, UD FOR HYLDETANGEN",0.1145,0.2808,0.144,0.2808,0.2589,,middel
2026-09-29T07:17:17Z,2026-09-29T07:13:00Z,DKBW1464,"VALLENSBÆK STRAND, VED SKRUBBEN",,,,,,all-stormwater,hoej
2026-09-29T07:17:17Z,2026-09-29T07:13:00Z,DKBW1590,LODSPARKEN,0.0719,0.2348,0.1931,0.2348,0.1425,,middel
2026-09-29T07:17:17Z,2026-09-29T07:13:00Z,DKBW1593,TAARBÆK HAVN,0.0436,0.0355,0.1931,0.1931,0.1425,,middel
2026-09-29T07:17:17Z,2026-09-29T07:13:00Z,DKBW8,DRAGØR NORDSTRAND,0,0,0.1931,0.1931,0.1425,,middel
2026-09-29T07:17:17Z,2026-09-29T07:13:00Z,DKBW1904,STRANDEN VED VALBYPARKEN,0.0283,0.0334,0.1931,0.1931,0.1425,,middel
2026-09-29T07:17:17Z,2026-09-29T07:13:00Z,DKBW1913,HVIDOVRE HAVN,0.0712,0.234,0.1931,0.234,0.1425,,middel
2026-09-29T07:17:17Z,2026-09-29T07:13:00Z,DKBW32,FREDERIKSDAL FRIBAD,0.1869,0.1589,0.2158,0.2158,0.3411,,middel
2026-09-29T07:17:17Z,2026-09-29T07:13:00Z,DKBW1527,"AMAGER STRANDPARK, LAGUNEN",0.0284,0.0315,0.1931,0.1931,0.1425,,middel
2026-09-29T07:17:17Z,2026-09-29T07:13:00Z,DKBW1598,SYD FOR KASTRUP LYSTBÅDEHAVN,0.006,0.0096,0.1931,0.1931,0.1425,,middel
2026-09-29T07:17:17Z,2026-09-29T07:13:00Z,DKBW1629,HALFDANSGADE BADEZONE,0.0365,0.0384,0.1931,0.1931,0.1425,,middel
2026-09-29T07:17:17Z,2026-09-29T07:13:00Z,DKBW1652,SKOVSHOVED HAVBAD,0.0113,0.017,0.1931,0.1931,0.1425,,middel
2026-09-29T07:17:17Z,2026-09-29T07:13:00Z,DKBW1656,SØNDRE REFSHALE BADEZONE,0.0404,0.0397,0.1931,0.1931,0.1425,,hoej
2026-09-29T07:17:17Z,2026-09-29T07:13:00Z,DKBW1891,SKOVSHOVED SYD,0.0196,0.0309,0.1931,0.1931,0.1425,,middel
2026-09-29T07:17:17Z,2026-09-29T07:13:00Z,DKBW10,"DRAGØR SØBAD, NORD",0,0,0.1931,0.1931,0.1425,,middel
2026-09-29T07:17:17Z,2026-09-29T07:13:00Z,DKBW1528,FISKETORVET HAVNEBAD,0.0339,0.0375,0.1931,0.1931,0.1425,,middel
2026-09-29T07:17:17Z,2026-09-29T07:13:00Z,DKBW1520,"KASTRUP SØBAD, NORD FOR KASTRUP LYSTBÅDEHAVN",0.0062,0.0097,0.1931,0.1931,0.1425,,middel
2026-09-29T07:17:17Z,2026-09-29T07:13:00Z,DKBW1579,SVANEMØLLESTRANDEN,0.0455,0.202,0.1931,0.202,0.1425,,middel
2026-09-29T07:17:17Z,2026-09-29T07:13:00Z,DKBW1594,BOMBEGRUNDEN TAARBÆK,0.0004,0.0005,0.1931,0.1931,0.1425,,middel
2026-09-29T07:17:17Z,2026-09-29T07:13:00Z,DKBW1907,VANDTRAPPEN BADEZONE,0.0999,0.2617,0.1931,0.2617,0.1425,,middel
2026-09-29T07:17:17Z,2026-09-29T07:13:00Z,DKBW1908,BYSKOVEN BADEZONE,0.028,0.0313,0.1931,0.1931,0.1425,,middel
2026-09-29T07:17:17Z,2026-09-29T07:13:00Z,DKBW20,BELLEVUE STRAND,0.0004,0.0005,0.1931,0.1931,0.1425,,middel
2026-09-29T07:17:17Z,2026-09-29T07:13:00Z,DKBW1772,KVÆSTHUSBROEN,0.0406,0.0398,0.1931,0.1931,0.1425,,hoej
2026-09-29T07:17:17Z,2026-09-29T07:13:00Z,DKBW1893,BADEANSTALT I VALLENSBÆK HAVN,,,,,,all-stormwater,hoej
2026-09-29T07:17:17Z,2026-09-29T07:13:00Z,DKBW26,HELLERUP STRAND,0.0401,0.1937,0.1931,0.1937,0.1425,,middel
2026-09-29T07:17:17Z,2026-09-29T07:13:00Z,DKBW1525,ISLANDS BRYGGE HAVNEBAD,0.0374,0.0387,0.1931,0.1931,0.1425,,middel
2026-09-29T07:17:17Z,2026-09-29T07:13:00Z,DKBW1624,HALVANDET BADEZONE,0.0385,0.0391,0.1931,0.1931,0.1425,,middel
2026-09-29T07:17:17Z,2026-09-29T07:13:00Z,DKBW1648,SANDKAJ BADEZONE,0.0502,0.2086,0.1931,0.2086,0.1425,,middel
2026-09-29T07:17:17Z,2026-09-29T07:13:00Z,DKBW1905,HAVNEGADE BADEZONE,0.0407,0.0398,0.1931,0.1931,0.1425,,hoej
2026-09-29T07:17:17Z,2026-09-29T07:13:00Z,DKBW1640,HAVNEVIGEN BADEZONE,0.0333,0.0373,0.1931,0.1931,0.1425,,middel
2026-09-29T07:17:17Z,2026-09-29T07:13:00Z,DKBW18,VED KONGELUNDSKROEN,,,,,,all-stormwater,hoej
2026-09-29T07:17:17Z,2026-09-29T07:13:00Z,DKBW1896,LA BANCHINA BADEZONE,0.0411,0.0399,0.1931,0.1931,0.1425,,hoej
2026-09-29T07:17:17Z,2026-09-29T07:13:00Z,DKBW1914,MOERTELRENDEN,0.0731,0.2361,0.1931,0.2361,0.1425,,middel
2026-09-29T07:17:17Z,2026-09-29T07:13:00Z,DKBW30,TAARBÆK SØBADEANSTALT,0.0434,0.0355,0.1931,0.1931,0.1425,,middel
2026-09-29T08:17:18Z,2026-09-29T08:12:57Z,DKBW16,SØVANG,,,,,,all-stormwater,hoej
2026-09-29T08:17:18Z,2026-09-29T08:12:57Z,DKBW1906,TEGLHOLM BRYGGE BADEZONE,0.0967,0.2581,0.1931,0.2581,0.1409,,middel
2026-09-29T08:17:18Z,2026-09-29T08:12:57Z,DKBW24,CHARLOTTENLUND STRANDPARK,0.0193,0.0285,0.1931,0.1931,0.1409,,middel
2026-09-29T08:17:18Z,2026-09-29T08:12:57Z,DKBW14,AMAGER SYDSTRAND,,,,,,all-stormwater,hoej
2026-09-29T08:17:18Z,2026-09-29T08:12:57Z,DKBW1526,"AMAGER STRANDPARK, ØRESUND",0.0265,0.0298,0.1931,0.1931,0.1409,,middel
2026-09-29T08:17:18Z,2026-09-29T08:12:57Z,DKBW1578,SLUSEHOLMEN HAVNEBAD,0.0308,0.0313,0.1931,0.1931,0.1409,,middel
2026-09-29T08:17:18Z,2026-09-29T08:12:57Z,DKBW1667,KALVEBOD BØLGE BADEZONE,0.0266,0.0298,0.1931,0.1931,0.1409,,middel
2026-09-29T08:17:18Z,2026-09-29T08:12:57Z,DKBW4,"KBS, UD FOR HYLDETANGEN",0.1109,0.2768,0.144,0.2768,0.2543,,middel
2026-09-29T08:17:18Z,2026-09-29T08:12:57Z,DKBW1464,"VALLENSBÆK STRAND, VED SKRUBBEN",,,,,,all-stormwater,hoej
2026-09-29T08:17:18Z,2026-09-29T08:12:57Z,DKBW1590,LODSPARKEN,0.0236,0.0286,0.1931,0.1931,0.1409,,middel
2026-09-29T08:17:18Z,2026-09-29T08:12:57Z,DKBW1593,TAARBÆK HAVN,0.0031,0.0048,0.1931,0.1931,0.1409,,middel
2026-09-29T08:17:18Z,2026-09-29T08:12:57Z,DKBW8,DRAGØR NORDSTRAND,0,0,0.1931,0.1931,0.1409,,middel
2026-09-29T08:17:18Z,2026-09-29T08:12:57Z,DKBW1904,STRANDEN VED VALBYPARKEN,0.0271,0.03,0.1931,0.1931,0.1409,,middel
2026-09-29T08:17:18Z,2026-09-29T08:12:57Z,DKBW1913,HVIDOVRE HAVN,0.0237,0.0287,0.1931,0.1931,0.1409,,middel
2026-09-29T08:17:18Z,2026-09-29T08:12:57Z,DKBW32,FREDERIKSDAL FRIBAD,0.1816,0.1545,0.2158,0.2158,0.3374,,middel
2026-09-29T08:17:18Z,2026-09-29T08:12:57Z,DKBW1527,"AMAGER STRANDPARK, LAGUNEN",0.0272,0.03,0.1931,0.1931,0.1409,,middel
2026-09-29T08:17:18Z,2026-09-29T08:12:57Z,DKBW1598,SYD FOR KASTRUP LYSTBÅDEHAVN,0.0062,0.009,0.1931,0.1931,0.1409,,middel
2026-09-29T08:17:18Z,2026-09-29T08:12:57Z,DKBW1629,HALFDANSGADE BADEZONE,0.0274,0.0301,0.1931,0.1931,0.1409,,middel
2026-09-29T08:17:18Z,2026-09-29T08:12:57Z,DKBW1652,SKOVSHOVED HAVBAD,0.0106,0.0159,0.1931,0.1931,0.1409,,middel
2026-09-29T08:17:18Z,2026-09-29T08:12:57Z,DKBW1656,SØNDRE REFSHALE BADEZONE,0.0484,0.2054,0.1931,0.2054,0.1409,,middel
2026-09-29T08:17:18Z,2026-09-29T08:12:57Z,DKBW1891,SKOVSHOVED SYD,0.0159,0.0268,0.1931,0.1931,0.1409,,middel
2026-09-29T08:17:18Z,2026-09-29T08:12:57Z,DKBW10,"DRAGØR SØBAD, NORD",0,0,0.1931,0.1931,0.1409,,middel
2026-09-29T08:17:18Z,2026-09-29T08:12:57Z,DKBW1528,FISKETORVET HAVNEBAD,0.0278,0.0302,0.1931,0.1931,0.1409,,middel
2026-09-29T08:17:18Z,2026-09-29T08:12:57Z,DKBW1520,"KASTRUP SØBAD, NORD FOR KASTRUP LYSTBÅDEHAVN",0.0064,0.0091,0.1931,0.1931,0.1409,,middel
2026-09-29T08:17:18Z,2026-09-29T08:12:57Z,DKBW1579,SVANEMØLLESTRANDEN,0.0382,0.19,0.1931,0.1931,0.1409,,middel
2026-09-29T08:17:18Z,2026-09-29T08:12:57Z,DKBW1594,BOMBEGRUNDEN TAARBÆK,0.0032,0.0049,0.1931,0.1931,0.1409,,middel
2026-09-29T08:17:18Z,2026-09-29T08:12:57Z,DKBW1907,VANDTRAPPEN BADEZONE,0.0964,0.2579,0.1931,0.2579,0.1409,,middel
2026-09-29T08:17:18Z,2026-09-29T08:12:57Z,DKBW1908,BYSKOVEN BADEZONE,0.0267,0.0298,0.1931,0.1931,0.1409,,middel
2026-09-29T08:17:18Z,2026-09-29T08:12:57Z,DKBW20,BELLEVUE STRAND,0.0035,0.005,0.1931,0.1931,0.1409,,middel
2026-09-29T08:17:18Z,2026-09-29T08:12:57Z,DKBW1772,KVÆSTHUSBROEN,0.0561,0.2157,0.1931,0.2157,0.1409,,middel
2026-09-29T08:17:18Z,2026-09-29T08:12:57Z,DKBW1893,BADEANSTALT I VALLENSBÆK HAVN,,,,,,all-stormwater,hoej
2026-09-29T08:17:18Z,2026-09-29T08:12:57Z,DKBW26,HELLERUP STRAND,0.0329,0.1808,0.1931,0.1931,0.1409,,middel
2026-09-29T08:17:18Z,2026-09-29T08:12:57Z,DKBW1525,ISLANDS BRYGGE HAVNEBAD,0.0268,0.0299,0.1931,0.1931,0.1409,,middel
2026-09-29T08:17:18Z,2026-09-29T08:12:57Z,DKBW1624,HALVANDET BADEZONE,0.0461,0.2022,0.1931,0.2022,0.1409,,middel
2026-09-29T08:17:18Z,2026-09-29T08:12:57Z,DKBW1648,SANDKAJ BADEZONE,0.0428,0.1973,0.1931,0.1973,0.1409,,middel
2026-09-29T08:17:18Z,2026-09-29T08:12:57Z,DKBW1905,HAVNEGADE BADEZONE,0.0243,0.0289,0.1931,0.1931,0.1409,,middel
2026-09-29T08:17:18Z,2026-09-29T08:12:57Z,DKBW1640,HAVNEVIGEN BADEZONE,0.0303,0.0311,0.1931,0.1931,0.1409,,middel
2026-09-29T08:17:18Z,2026-09-29T08:12:57Z,DKBW18,VED KONGELUNDSKROEN,,,,,,all-stormwater,hoej
2026-09-29T08:17:18Z,2026-09-29T08:12:57Z,DKBW1896,LA BANCHINA BADEZONE,0.0483,0.2053,0.1931,0.2053,0.1409,,middel
2026-09-29T08:17:18Z,2026-09-29T08:12:57Z,DKBW1914,MOERTELRENDEN,0.0238,0.0287,0.1931,0.1931,0.1409,,middel
2026-09-29T08:17:18Z,2026-09-29T08:12:57Z,DKBW30,TAARBÆK SØBADEANSTALT,0.0031,0.0048,0.1931,0.1931,0.1409,,middel
2026-09-29T09:17:21Z,2026-09-29T09:12:57Z,DKBW16,SØVANG,,,,,,all-stormwater,hoej
2026-09-29T09:17:21Z,2026-09-29T09:12:57Z,DKBW1906,TEGLHOLM BRYGGE BADEZONE,0.0933,0.2544,0.1931,0.2544,0.1393,,middel
2026-09-29T09:17:21Z,2026-09-29T09:12:57Z,DKBW24,CHARLOTTENLUND STRANDPARK,0.0268,0.0309,0.1931,0.1931,0.1393,,middel
2026-09-29T09:17:21Z,2026-09-29T09:12:57Z,DKBW14,AMAGER SYDSTRAND,,,,,,all-stormwater,hoej
2026-09-29T09:17:21Z,2026-09-29T09:12:57Z,DKBW1526,"AMAGER STRANDPARK, ØRESUND",0.025,0.0272,0.1931,0.1931,0.1393,,middel
2026-09-29T09:17:21Z,2026-09-29T09:12:57Z,DKBW1578,SLUSEHOLMEN HAVNEBAD,0.0314,0.0293,0.1931,0.1931,0.1393,,hoej
2026-09-29T09:17:21Z,2026-09-29T09:12:57Z,DKBW1667,KALVEBOD BØLGE BADEZONE,0.0622,0.2225,0.1931,0.2225,0.1393,,middel
2026-09-29T09:17:21Z,2026-09-29T09:12:57Z,DKBW4,"KBS, UD FOR HYLDETANGEN",0.1244,0.2843,0.144,0.2843,0.2732,,middel
2026-09-29T09:17:21Z,2026-09-29T09:12:57Z,DKBW1464,"VALLENSBÆK STRAND, VED SKRUBBEN",,,,,,all-stormwater,hoej
2026-09-29T09:17:21Z,2026-09-29T09:12:57Z,DKBW1590,LODSPARKEN,0.0226,0.0263,0.1931,0.1931,0.1393,,middel
2026-09-29T09:17:21Z,2026-09-29T09:12:57Z,DKBW1593,TAARBÆK HAVN,0.0139,0.0249,0.1931,0.1931,0.1393,,middel
2026-09-29T09:17:21Z,2026-09-29T09:12:57Z,DKBW8,DRAGØR NORDSTRAND,0,0,0.1931,0.1931,0.1393,,middel
2026-09-29T09:17:21Z,2026-09-29T09:12:57Z,DKBW1904,STRANDEN VED VALBYPARKEN,0.0265,0.0277,0.1931,0.1931,0.1393,,middel
2026-09-29T09:17:21Z,2026-09-29T09:12:57Z,DKBW1913,HVIDOVRE HAVN,0.0226,0.0263,0.1931,0.1931,0.1393,,middel
2026-09-29T09:17:21Z,2026-09-29T09:12:57Z,DKBW32,FREDERIKSDAL FRIBAD,0.1765,0.1501,0.2158,0.2158,0.3415,,middel
2026-09-29T09:17:21Z,2026-09-29T09:12:57Z,DKBW1527,"AMAGER STRANDPARK, LAGUNEN",0.0257,0.0274,0.1931,0.1931,0.1393,,middel
2026-09-29T09:17:21Z,2026-09-29T09:12:57Z,DKBW1598,SYD FOR KASTRUP LYSTBÅDEHAVN,0,0,0.1931,0.1931,0.1393,,middel
2026-09-29T09:17:21Z,2026-09-29T09:12:57Z,DKBW1629,HALFDANSGADE BADEZONE,0.0648,0.2255,0.1931,0.2255,0.1393,,hoej
2026-09-29T09:17:21Z,2026-09-29T09:12:57Z,DKBW1652,SKOVSHOVED HAVBAD,0.0198,0.0279,0.1931,0.1931,0.1393,,middel
2026-09-29T09:17:21Z,2026-09-29T09:12:57Z,DKBW1656,SØNDRE REFSHALE BADEZONE,0.0408,0.1937,0.1931,0.1937,0.1393,,middel
2026-09-29T09:17:21Z,2026-09-29T09:12:57Z,DKBW1891,SKOVSHOVED SYD,0.0216,0.0287,0.1931,0.1931,0.1393,,middel
2026-09-29T09:17:21Z,2026-09-29T09:12:57Z,DKBW10,"DRAGØR SØBAD, NORD",0,0,0.1931,0.1931,0.1393,,middel
2026-09-29T09:17:21Z,2026-09-29T09:12:57Z,DKBW1528,FISKETORVET HAVNEBAD,0.0718,0.2332,0.1931,0.2332,0.1393,,hoej
2026-09-29T09:17:21Z,2026-09-29T09:12:57Z,DKBW1520,"KASTRUP SØBAD, NORD FOR KASTRUP LYSTBÅDEHAVN",0,0,0.1931,0.1931,0.1393,,hoej
2026-09-29T09:17:21Z,2026-09-29T09:12:57Z,DKBW1579,SVANEMØLLESTRANDEN,0.038,0.1764,0.1931,0.1931,0.1393,,hoej
2026-09-29T09:17:21Z,2026-09-29T09:12:57Z,DKBW1594,BOMBEGRUNDEN TAARBÆK,0.015,0.0255,0.1931,0.1931,0.1393,,middel
2026-09-29T09:17:21Z,2026-09-29T09:12:57Z,DKBW1907,VANDTRAPPEN BADEZONE,0.093,0.2541,0.1931,0.2541,0.1393,,middel
2026-09-29T09:17:21Z,2026-09-29T09:12:57Z,DKBW1908,BYSKOVEN BADEZONE,0,0,0.1931,0.1931,0.1393,,middel
2026-09-29T09:17:21Z,2026-09-29T09:12:57Z,DKBW20,BELLEVUE STRAND,0.0163,0.0262,0.1931,0.1931,0.1393,,middel
2026-09-29T09:17:21Z,2026-09-29T09:12:57Z,DKBW1772,KVÆSTHUSBROEN,0.0487,0.2052,0.1931,0.2052,0.1393,,middel
2026-09-29T09:17:21Z,2026-09-29T09:12:57Z,DKBW1893,BADEANSTALT I VALLENSBÆK HAVN,,,,,,all-stormwater,hoej
2026-09-29T09:17:21Z,2026-09-29T09:12:57Z,DKBW26,HELLERUP STRAND,0.0315,0.1663,0.1931,0.1931,0.1393,,hoej
2026-09-29T09:17:21Z,2026-09-29T09:12:57Z,DKBW1525,ISLANDS BRYGGE HAVNEBAD,0.0618,0.222,0.1931,0.222,0.1393,,middel
2026-09-29T09:17:21Z,2026-09-29T09:12:57Z,DKBW1624,HALVANDET BADEZONE,0.0385,0.19,0.1931,0.1931,0.1393,,middel
2026-09-29T09:17:21Z,2026-09-29T09:12:57Z,DKBW1648,SANDKAJ BADEZONE,0.0353,0.1846,0.1931,0.1931,0.1393,,middel
2026-09-29T09:17:21Z,2026-09-29T09:12:57Z,DKBW1905,HAVNEGADE BADEZONE,0.0511,0.2085,0.1931,0.2085,0.1393,,middel
2026-09-29T09:17:21Z,2026-09-29T09:12:57Z,DKBW1640,HAVNEVIGEN BADEZONE,0.0317,0.0294,0.1931,0.1931,0.1393,,hoej
2026-09-29T09:17:21Z,2026-09-29T09:12:57Z,DKBW18,VED KONGELUNDSKROEN,,,,,,all-stormwater,hoej
2026-09-29T09:17:21Z,2026-09-29T09:12:57Z,DKBW1896,LA BANCHINA BADEZONE,0.0407,0.1935,0.1931,0.1935,0.1393,,middel
2026-09-29T09:17:21Z,2026-09-29T09:12:57Z,DKBW1914,MOERTELRENDEN,0.0229,0.0264,0.1931,0.1931,0.1393,,middel
2026-09-29T09:17:21Z,2026-09-29T09:12:57Z,DKBW30,TAARBÆK SØBADEANSTALT,0.0143,0.0251,0.1931,0.1931,0.1393,,middel
2026-09-29T10:17:16Z,2026-09-29T10:12:57Z,DKBW16,SØVANG,,,,,,all-stormwater,hoej
2026-09-29T10:17:16Z,2026-09-29T10:12:57Z,DKBW1906,TEGLHOLM BRYGGE BADEZONE,0.0922,0.2613,0.1887,0.2613,0.2907,,middel
2026-09-29T10:17:16Z,2026-09-29T10:12:57Z,DKBW24,CHARLOTTENLUND STRANDPARK,0.054,0.0609,0.1887,0.1887,0.2907,,middel
2026-09-29T10:17:16Z,2026-09-29T10:12:57Z,DKBW14,AMAGER SYDSTRAND,,,,,,all-stormwater,hoej
2026-09-29T10:17:16Z,2026-09-29T10:12:57Z,DKBW1526,"AMAGER STRANDPARK, ØRESUND",0.0474,0.0507,0.1887,0.1887,0.2907,,middel
2026-09-29T10:17:16Z,2026-09-29T10:12:57Z,DKBW1578,SLUSEHOLMEN HAVNEBAD,0.0587,0.0544,0.1887,0.1887,0.2907,,hoej
2026-09-29T10:17:16Z,2026-09-29T10:12:57Z,DKBW1667,KALVEBOD BØLGE BADEZONE,0.0629,0.2303,0.1887,0.2303,0.2907,,middel
2026-09-29T10:17:16Z,2026-09-29T10:12:57Z,DKBW4,"KBS, UD FOR HYLDETANGEN",0.1368,0.291,0.1397,0.291,0.1855,,middel
2026-09-29T10:17:16Z,2026-09-29T10:12:57Z,DKBW1464,"VALLENSBÆK STRAND, VED SKRUBBEN",,,,,,all-stormwater,hoej
2026-09-29T10:17:16Z,2026-09-29T10:12:57Z,DKBW1590,LODSPARKEN,0.0431,0.0491,0.1887,0.1887,0.2907,,middel
2026-09-29T10:17:16Z,2026-09-29T10:12:57Z,DKBW1593,TAARBÆK HAVN,0.0566,0.0496,0.1887,0.1887,0.2907,,middel
2026-09-29T10:17:16Z,2026-09-29T10:12:57Z,DKBW8,DRAGØR NORDSTRAND,0,0,0.1887,0.1887,0.2907,,middel
2026-09-29T10:17:16Z,2026-09-29T10:12:57Z,DKBW1904,STRANDEN VED VALBYPARKEN,0.05,0.0516,0.1887,0.1887,0.2907,,middel
2026-09-29T10:17:16Z,2026-09-29T10:12:57Z,DKBW1913,HVIDOVRE HAVN,0.0431,0.0491,0.1887,0.1887,0.2907,,middel
2026-09-29T10:17:16Z,2026-09-29T10:12:57Z,DKBW32,FREDERIKSDAL FRIBAD,0.0399,0.0361,0.21,0.21,0.2799,,lav
2026-09-29T10:17:16Z,2026-09-29T10:12:57Z,DKBW1527,"AMAGER STRANDPARK, LAGUNEN",0.0486,0.0511,0.1887,0.1887,0.2907,,middel
2026-09-29T10:17:16Z,2026-09-29T10:12:57Z,DKBW1598,SYD FOR KASTRUP LYSTBÅDEHAVN,0.0045,0.0069,0.1887,0.1887,0.2907,,middel
2026-09-29T10:17:16Z,2026-09-29T10:12:57Z,DKBW1629,HALFDANSGADE BADEZONE,0.0653,0.2332,0.1887,0.2332,0.2907,,hoej
2026-09-29T10:17:16Z,2026-09-29T10:12:57Z,DKBW1652,SKOVSHOVED HAVBAD,0.0404,0.0553,0.1887,0.1887,0.2907,,middel
2026-09-29T10:17:16Z,2026-09-29T10:12:57Z,DKBW1656,SØNDRE REFSHALE BADEZONE,0.0524,0.2019,0.1887,0.2019,0.2907,,hoej
2026-09-29T10:17:16Z,2026-09-29T10:12:57Z,DKBW1891,SKOVSHOVED SYD,0.0439,0.0569,0.1887,0.1887,0.2907,,middel
2026-09-29T10:17:16Z,2026-09-29T10:12:57Z,DKBW10,"DRAGØR SØBAD, NORD",0,0,0.1887,0.1887,0.2907,,middel
2026-09-29T10:17:16Z,2026-09-29T10:12:57Z,DKBW1528,FISKETORVET HAVNEBAD,0.072,0.2408,0.1887,0.2408,0.2907,,hoej
2026-09-29T10:17:16Z,2026-09-29T10:12:57Z,DKBW1520,"KASTRUP SØBAD, NORD FOR KASTRUP LYSTBÅDEHAVN",0.0265,0.0277,0.1887,0.1887,0.2907,,middel
2026-09-29T10:17:16Z,2026-09-29T10:12:57Z,DKBW1579,SVANEMØLLESTRANDEN,0.0749,0.1849,0.1887,0.1887,0.2907,,hoej
2026-09-29T10:17:16Z,2026-09-29T10:12:57Z,DKBW1594,BOMBEGRUNDEN TAARBÆK,0.0311,0.0507,0.1887,0.1887,0.2907,,middel
2026-09-29T10:17:16Z,2026-09-29T10:12:57Z,DKBW1907,VANDTRAPPEN BADEZONE,0.0919,0.261,0.1887,0.261,0.2907,,middel
2026-09-29T10:17:16Z,2026-09-29T10:12:57Z,DKBW1908,BYSKOVEN BADEZONE,0.0253,0.0273,0.1887,0.1887,0.2907,,middel
2026-09-29T10:17:16Z,2026-09-29T10:12:57Z,DKBW20,BELLEVUE STRAND,0.0337,0.0521,0.1887,0.1887,0.2907,,middel
2026-09-29T10:17:16Z,2026-09-29T10:12:57Z,DKBW1772,KVÆSTHUSBROEN,0.0526,0.2133,0.1887,0.2133,0.2907,,hoej
2026-09-29T10:17:16Z,2026-09-29T10:12:57Z,DKBW1893,BADEANSTALT I VALLENSBÆK HAVN,,,,,,all-stormwater,hoej
2026-09-29T10:17:16Z,2026-09-29T10:12:57Z,DKBW26,HELLERUP STRAND,0.0627,0.1749,0.1887,0.1887,0.2907,,hoej
2026-09-29T10:17:16Z,2026-09-29T10:12:57Z,DKBW1525,ISLANDS BRYGGE HAVNEBAD,0.0625,0.2298,0.1887,0.2298,0.2907,,middel
2026-09-29T10:17:16Z,2026-09-29T10:12:57Z,DKBW1624,HALVANDET BADEZONE,0.0502,0.1983,0.1887,0.1983,0.2907,,middel
2026-09-29T10:17:16Z,2026-09-29T10:12:57Z,DKBW1648,SANDKAJ BADEZONE,0.044,0.193,0.1887,0.193,0.2907,,middel
2026-09-29T10:17:16Z,2026-09-29T10:12:57Z,DKBW1905,HAVNEGADE BADEZONE,0.0527,0.2165,0.1887,0.2165,0.2907,,hoej
2026-09-29T10:17:16Z,2026-09-29T10:12:57Z,DKBW1640,HAVNEVIGEN BADEZONE,0.0592,0.0546,0.1887,0.1887,0.2907,,hoej
2026-09-29T10:17:16Z,2026-09-29T10:12:57Z,DKBW18,VED KONGELUNDSKROEN,,,,,,all-stormwater,hoej
2026-09-29T10:17:16Z,2026-09-29T10:12:57Z,DKBW1896,LA BANCHINA BADEZONE,0.0531,0.2018,0.1887,0.2018,0.2907,,hoej
2026-09-29T10:17:16Z,2026-09-29T10:12:57Z,DKBW1914,MOERTELRENDEN,0.0436,0.0493,0.1887,0.1887,0.2907,,middel
2026-09-29T10:17:16Z,2026-09-29T10:12:57Z,DKBW30,TAARBÆK SØBADEANSTALT,0.0564,0.05,0.1887,0.1887,0.2907,,middel
2026-09-29T11:17:20Z,2026-09-29T11:12:57Z,DKBW16,SØVANG,,,,,,all-stormwater,hoej
2026-09-29T11:17:20Z,2026-09-29T11:12:57Z,DKBW1906,TEGLHOLM BRYGGE BADEZONE,0.0753,0.0727,0.1887,0.1887,0.4606,,hoej
2026-09-29T11:17:20Z,2026-09-29T11:12:57Z,DKBW24,CHARLOTTENLUND STRANDPARK,0.0828,0.1147,0.1887,0.1887,0.4606,,middel
2026-09-29T11:17:20Z,2026-09-29T11:12:57Z,DKBW14,AMAGER SYDSTRAND,,,,,,all-stormwater,hoej
2026-09-29T11:17:20Z,2026-09-29T11:12:57Z,DKBW1526,"AMAGER STRANDPARK, ØRESUND",0.0647,0.0692,0.1887,0.1887,0.4606,,middel
2026-09-29T11:17:20Z,2026-09-29T11:12:57Z,DKBW1578,SLUSEHOLMEN HAVNEBAD,0.08,0.0742,0.1887,0.1887,0.4606,,hoej
2026-09-29T11:17:20Z,2026-09-29T11:12:57Z,DKBW1667,KALVEBOD BØLGE BADEZONE,0.1323,0.1339,0.1887,0.1887,0.4606,,middel
2026-09-29T11:17:20Z,2026-09-29T11:12:57Z,DKBW4,"KBS, UD FOR HYLDETANGEN",0,0,0.1397,0.1397,0,,lav
2026-09-29T11:17:20Z,2026-09-29T11:12:57Z,DKBW1464,"VALLENSBÆK STRAND, VED SKRUBBEN",,,,,,all-stormwater,hoej
2026-09-29T11:17:20Z,2026-09-29T11:12:57Z,DKBW1590,LODSPARKEN,0.0588,0.067,0.1887,0.1887,0.4606,,middel
2026-09-29T11:17:20Z,2026-09-29T11:12:57Z,DKBW1593,TAARBÆK HAVN,0.1667,0.1359,0.1887,0.1887,0.4606,,middel
2026-09-29T11:17:20Z,2026-09-29T11:12:57Z,DKBW8,DRAGØR NORDSTRAND,0,0,0.1887,0.1887,0.4606,,middel
2026-09-29T11:17:20Z,2026-09-29T11:12:57Z,DKBW1904,STRANDEN VED VALBYPARKEN,0.0682,0.0704,0.1887,0.1887,0.4606,,middel
2026-09-29T11:17:20Z,2026-09-29T11:12:57Z,DKBW1913,HVIDOVRE HAVN,0.0215,0.0249,0.1887,0.1887,0.4606,,middel
2026-09-29T11:17:20Z,2026-09-29T11:12:57Z,DKBW32,FREDERIKSDAL FRIBAD,0.1665,0.1416,0.21,0.21,0.2774,,middel
2026-09-29T11:17:20Z,2026-09-29T11:12:57Z,DKBW1527,"AMAGER STRANDPARK, LAGUNEN",0.0664,0.0697,0.1887,0.1887,0.4606,,middel
2026-09-29T11:17:20Z,2026-09-29T11:12:57Z,DKBW1598,SYD FOR KASTRUP LYSTBÅDEHAVN,0.025,0.0262,0.1887,0.1887,0.4606,,middel
2026-09-29T11:17:20Z,2026-09-29T11:12:57Z,DKBW1629,HALFDANSGADE BADEZONE,0.1307,0.1334,0.1887,0.1887,0.4606,,middel
2026-09-29T11:17:20Z,2026-09-29T11:12:57Z,DKBW1652,SKOVSHOVED HAVBAD,0.0498,0.0738,0.1887,0.1887,0.4606,,middel
2026-09-29T11:17:20Z,2026-09-29T11:12:57Z,DKBW1656,SØNDRE REFSHALE BADEZONE,0.1429,0.1373,0.1887,0.1887,0.4606,,hoej
2026-09-29T11:17:20Z,2026-09-29T11:12:57Z,DKBW1891,SKOVSHOVED SYD,0.0732,0.1101,0.1887,0.1887,0.4606,,middel
2026-09-29T11:17:20Z,2026-09-29T11:12:57Z,DKBW10,"DRAGØR SØBAD, NORD",0,0,0.1887,0.1887,0.4606,,middel
2026-09-29T11:17:20Z,2026-09-29T11:12:57Z,DKBW1528,FISKETORVET HAVNEBAD,0.1223,0.1305,0.1887,0.1887,0.4606,,middel
2026-09-29T11:17:20Z,2026-09-29T11:12:57Z,DKBW1520,"KASTRUP SØBAD, NORD FOR KASTRUP LYSTBÅDEHAVN",0.0251,0.0262,0.1887,0.1887,0.4606,,middel
2026-09-29T11:17:20Z,2026-09-29T11:12:57Z,DKBW1579,SVANEMØLLESTRANDEN,0.1026,0.1231,0.1887,0.1887,0.4606,,middel
2026-09-29T11:17:20Z,2026-09-29T11:12:57Z,DKBW1594,BOMBEGRUNDEN TAARBÆK,0.0368,0.0668,0.1887,0.1887,0.4606,,middel
2026-09-29T11:17:20Z,2026-09-29T11:12:57Z,DKBW1907,VANDTRAPPEN BADEZONE,0.0767,0.0731,0.1887,0.1887,0.4606,,hoej
2026-09-29T11:17:20Z,2026-09-29T11:12:57Z,DKBW1908,BYSKOVEN BADEZONE,0.0239,0.0258,0.1887,0.1887,0.4606,,middel
2026-09-29T11:17:20Z,2026-09-29T11:12:57Z,DKBW20,BELLEVUE STRAND,0.0404,0.0688,0.1887,0.1887,0.4606,,middel
2026-09-29T11:17:20Z,2026-09-29T11:12:57Z,DKBW1772,KVÆSTHUSBROEN,0.1435,0.1375,0.1887,0.1887,0.4606,,hoej
2026-09-29T11:17:20Z,2026-09-29T11:12:57Z,DKBW1893,BADEANSTALT I VALLENSBÆK HAVN,,,,,,all-stormwater,hoej
2026-09-29T11:17:20Z,2026-09-29T11:12:57Z,DKBW26,HELLERUP STRAND,0.0909,0.1183,0.1887,0.1887,0.4606,,middel
2026-09-29T11:17:20Z,2026-09-29T11:12:57Z,DKBW1525,ISLANDS BRYGGE HAVNEBAD,0.1335,0.1343,0.1887,0.1887,0.4606,,middel
2026-09-29T11:17:20Z,2026-09-29T11:12:57Z,DKBW1624,HALVANDET BADEZONE,0.1368,0.1354,0.1887,0.1887,0.4606,,middel
2026-09-29T11:17:20Z,2026-09-29T11:12:57Z,DKBW1648,SANDKAJ BADEZONE,0.1199,0.1296,0.1887,0.1887,0.4606,,middel
2026-09-29T11:17:20Z,2026-09-29T11:12:57Z,DKBW1905,HAVNEGADE BADEZONE,0.1436,0.1376,0.1887,0.1887,0.4606,,hoej
2026-09-29T11:17:20Z,2026-09-29T11:12:57Z,DKBW1640,HAVNEVIGEN BADEZONE,0.0808,0.0744,0.1887,0.1887,0.4606,,hoej
2026-09-29T11:17:20Z,2026-09-29T11:12:57Z,DKBW18,VED KONGELUNDSKROEN,,,,,,all-stormwater,hoej
2026-09-29T11:17:20Z,2026-09-29T11:12:57Z,DKBW1896,LA BANCHINA BADEZONE,0.1449,0.138,0.1887,0.1887,0.4606,,hoej
2026-09-29T11:17:20Z,2026-09-29T11:12:57Z,DKBW1914,MOERTELRENDEN,0.0594,0.0672,0.1887,0.1887,0.4606,,middel
2026-09-29T11:17:20Z,2026-09-29T11:12:57Z,DKBW30,TAARBÆK SØBADEANSTALT,0.1661,0.1357,0.1887,0.1887,0.4606,,middel
2026-09-29T12:17:19Z,2026-09-29T12:12:57Z,DKBW16,SØVANG,,,,,,all-stormwater,hoej
2026-09-29T12:17:19Z,2026-09-29T12:12:57Z,DKBW1906,TEGLHOLM BRYGGE BADEZONE,0.1216,0.2547,0.1887,0.2547,0.4928,,hoej
2026-09-29T12:17:19Z,2026-09-29T12:12:57Z,DKBW24,CHARLOTTENLUND STRANDPARK,0.1134,0.134,0.1887,0.1887,0.4928,,middel
2026-09-29T12:17:19Z,2026-09-29T12:12:57Z,DKBW14,AMAGER SYDSTRAND,,,,,,all-stormwater,hoej
2026-09-29T12:17:19Z,2026-09-29T12:12:57Z,DKBW1526,"AMAGER STRANDPARK, ØRESUND",0.105,0.1114,0.1887,0.1887,0.4928,,middel
2026-09-29T12:17:19Z,2026-09-29T12:12:57Z,DKBW1578,SLUSEHOLMEN HAVNEBAD,0.1291,0.1192,0.1887,0.1887,0.4928,,hoej
2026-09-29T12:17:19Z,2026-09-29T12:12:57Z,DKBW1667,KALVEBOD BØLGE BADEZONE,0.1502,0.2204,0.1887,0.2204,0.4928,,middel
2026-09-29T12:17:19Z,2026-09-29T12:12:57Z,DKBW4,"KBS, UD FOR HYLDETANGEN",0.1993,0.3297,0.1397,0.3297,0.2556,,middel
2026-09-29T12:17:19Z,2026-09-29T12:12:57Z,DKBW1464,"VALLENSBÆK STRAND, VED SKRUBBEN",,,,,,all-stormwater,hoej
2026-09-29T12:17:19Z,2026-09-29T12:12:57Z,DKBW1590,LODSPARKEN,0.0205,0.0236,0.1887,0.1887,0.4928,,middel
2026-09-29T12:17:19Z,2026-09-29T12:12:57Z,DKBW1593,TAARBÆK HAVN,0.1882,0.1533,0.1887,0.1887,0.4928,,middel
2026-09-29T12:17:19Z,2026-09-29T12:12:57Z,DKBW8,DRAGØR NORDSTRAND,0,0,0.1887,0.1887,0.4928,,middel
2026-09-29T12:17:19Z,2026-09-29T12:12:57Z,DKBW1904,STRANDEN VED VALBYPARKEN,0.1105,0.1133,0.1887,0.1887,0.4928,,middel
2026-09-29T12:17:19Z,2026-09-29T12:12:57Z,DKBW1913,HVIDOVRE HAVN,0.0206,0.0236,0.1887,0.1887,0.4928,,middel
2026-09-29T12:17:19Z,2026-09-29T12:12:57Z,DKBW32,FREDERIKSDAL FRIBAD,0.1657,0.141,0.21,0.21,0.305,,middel
2026-09-29T12:17:19Z,2026-09-29T12:12:57Z,DKBW1527,"AMAGER STRANDPARK, LAGUNEN",0.1076,0.1123,0.1887,0.1887,0.4928,,middel
2026-09-29T12:17:19Z,2026-09-29T12:12:57Z,DKBW1598,SYD FOR KASTRUP LYSTBÅDEHAVN,0.0239,0.0248,0.1887,0.1887,0.4928,,middel
2026-09-29T12:17:19Z,2026-09-29T12:12:57Z,DKBW1629,HALFDANSGADE BADEZONE,0.1484,0.2236,0.1887,0.2236,0.4928,,middel
2026-09-29T12:17:19Z,2026-09-29T12:12:57Z,DKBW1652,SKOVSHOVED HAVBAD,0.0814,0.1201,0.1887,0.1887,0.4928,,middel
2026-09-29T12:17:19Z,2026-09-29T12:12:57Z,DKBW1656,SØNDRE REFSHALE BADEZONE,0.1618,0.1896,0.1887,0.1896,0.4928,,hoej
2026-09-29T12:17:19Z,2026-09-29T12:12:57Z,DKBW1891,SKOVSHOVED SYD,0.0896,0.125,0.1887,0.1887,0.4928,,middel
2026-09-29T12:17:19Z,2026-09-29T12:12:57Z,DKBW10,"DRAGØR SØBAD, NORD",0,0,0.1887,0.1887,0.4928,,middel
2026-09-29T12:17:19Z,2026-09-29T12:12:57Z,DKBW1528,FISKETORVET HAVNEBAD,0.1392,0.2319,0.1887,0.2319,0.4928,,middel
2026-09-29T12:17:19Z,2026-09-29T12:12:57Z,DKBW1520,"KASTRUP SØBAD, NORD FOR KASTRUP LYSTBÅDEHAVN",0.0239,0.0248,0.1887,0.1887,0.4928,,middel
2026-09-29T12:17:19Z,2026-09-29T12:12:57Z,DKBW1579,SVANEMØLLESTRANDEN,0.165,0.1714,0.1887,0.1887,0.4928,,hoej
2026-09-29T12:17:19Z,2026-09-29T12:12:57Z,DKBW1594,BOMBEGRUNDEN TAARBÆK,0.0603,0.1088,0.1887,0.1887,0.4928,,middel
2026-09-29T12:17:19Z,2026-09-29T12:12:57Z,DKBW1907,VANDTRAPPEN BADEZONE,0.1238,0.2545,0.1887,0.2545,0.4928,,hoej
2026-09-29T12:17:19Z,2026-09-29T12:12:57Z,DKBW1908,BYSKOVEN BADEZONE,0.0229,0.0245,0.1887,0.1887,0.4928,,middel
2026-09-29T12:17:19Z,2026-09-29T12:12:57Z,DKBW20,BELLEVUE STRAND,0.0661,0.1121,0.1887,0.1887,0.4928,,middel
2026-09-29T12:17:19Z,2026-09-29T12:12:57Z,DKBW1772,KVÆSTHUSBROEN,0.1625,0.2019,0.1887,0.2019,0.4928,,hoej
2026-09-29T12:17:19Z,2026-09-29T12:12:57Z,DKBW1893,BADEANSTALT I VALLENSBÆK HAVN,,,,,,all-stormwater,hoej
2026-09-29T12:17:19Z,2026-09-29T12:12:57Z,DKBW26,HELLERUP STRAND,0.1346,0.1609,0.1887,0.1887,0.4928,,hoej
2026-09-29T12:17:19Z,2026-09-29T12:12:57Z,DKBW1525,ISLANDS BRYGGE HAVNEBAD,0.1516,0.2199,0.1887,0.2199,0.4928,,middel
2026-09-29T12:17:19Z,2026-09-29T12:12:57Z,DKBW1624,HALVANDET BADEZONE,0.1551,0.1857,0.1887,0.1887,0.4928,,middel
2026-09-29T12:17:19Z,2026-09-29T12:12:57Z,DKBW1648,SANDKAJ BADEZONE,0.1365,0.18,0.1887,0.1887,0.4928,,middel
2026-09-29T12:17:19Z,2026-09-29T12:12:57Z,DKBW1905,HAVNEGADE BADEZONE,0.1626,0.2054,0.1887,0.2054,0.4928,,hoej
2026-09-29T12:17:19Z,2026-09-29T12:12:57Z,DKBW1640,HAVNEVIGEN BADEZONE,0.1303,0.1196,0.1887,0.1887,0.4928,,hoej
2026-09-29T12:17:19Z,2026-09-29T12:12:57Z,DKBW18,VED KONGELUNDSKROEN,,,,,,all-stormwater,hoej
2026-09-29T12:17:19Z,2026-09-29T12:12:57Z,DKBW1896,LA BANCHINA BADEZONE,0.164,0.1895,0.1887,0.1895,0.4928,,hoej
2026-09-29T12:17:19Z,2026-09-29T12:12:57Z,DKBW1914,MOERTELRENDEN,0.0967,0.1084,0.1887,0.1887,0.4928,,middel
2026-09-29T12:17:19Z,2026-09-29T12:12:57Z,DKBW30,TAARBÆK SØBADEANSTALT,0.1874,0.1531,0.1887,0.1887,0.4928,,middel
2026-09-29T12:59:13Z,2026-09-29T12:57:57Z,DKBW16,SØVANG,,,,,,all-stormwater,hoej
2026-09-29T12:59:13Z,2026-09-29T12:57:57Z,DKBW1906,TEGLHOLM BRYGGE BADEZONE,0.2124,0.2168,0.1863,0.2168,0.2944,,middel
2026-09-29T12:59:13Z,2026-09-29T12:57:57Z,DKBW24,CHARLOTTENLUND STRANDPARK,0.0746,0.1273,0.1863,0.1863,0.2944,,middel
2026-09-29T12:59:13Z,2026-09-29T12:57:57Z,DKBW14,AMAGER SYDSTRAND,,,,,,all-stormwater,hoej
2026-09-29T12:59:13Z,2026-09-29T12:57:57Z,DKBW1526,"AMAGER STRANDPARK, ØRESUND",0.1998,0.2124,0.1863,0.2124,0.2944,,middel
2026-09-29T12:59:13Z,2026-09-29T12:57:57Z,DKBW1578,SLUSEHOLMEN HAVNEBAD,0.2262,0.2213,0.1863,0.2262,0.2944,,middel
2026-09-29T12:59:13Z,2026-09-29T12:57:57Z,DKBW1667,KALVEBOD BØLGE BADEZONE,0.2004,0.2127,0.1863,0.2127,0.2944,,middel
2026-09-29T12:59:13Z,2026-09-29T12:57:57Z,DKBW4,"KBS, UD FOR HYLDETANGEN",0.0174,0.0144,0.1413,0.1413,0.054,,middel
2026-09-29T12:59:13Z,2026-09-29T12:57:57Z,DKBW1464,"VALLENSBÆK STRAND, VED SKRUBBEN",,,,,,all-stormwater,hoej
2026-09-29T12:59:13Z,2026-09-29T12:57:57Z,DKBW1590,LODSPARKEN,0.1811,0.2057,0.1863,0.2057,0.2944,,middel
2026-09-29T12:59:13Z,2026-09-29T12:57:57Z,DKBW1593,TAARBÆK HAVN,0.0004,0.0007,0.1863,0.1863,0.2944,,middel
2026-09-29T12:59:13Z,2026-09-29T12:57:57Z,DKBW8,DRAGØR NORDSTRAND,0,0,0.1863,0.1863,0.2944,,middel
2026-09-29T12:59:13Z,2026-09-29T12:57:57Z,DKBW1904,STRANDEN VED VALBYPARKEN,0.2031,0.2136,0.1863,0.2136,0.2944,,middel
2026-09-29T12:59:13Z,2026-09-29T12:57:57Z,DKBW1913,HVIDOVRE HAVN,0.1821,0.206,0.1863,0.206,0.2944,,middel
2026-09-29T12:59:13Z,2026-09-29T12:57:57Z,DKBW32,FREDERIKSDAL FRIBAD,0,0,0.2061,0.2061,0.1594,,lav
2026-09-29T12:59:13Z,2026-09-29T12:57:57Z,DKBW1527,"AMAGER STRANDPARK, LAGUNEN",0.204,0.2139,0.1863,0.2139,0.2944,,middel
2026-09-29T12:59:13Z,2026-09-29T12:57:57Z,DKBW1598,SYD FOR KASTRUP LYSTBÅDEHAVN,0.2096,0.2158,0.1863,0.2158,0.2944,,middel
2026-09-29T12:59:13Z,2026-09-29T12:57:57Z,DKBW1629,HALFDANSGADE BADEZONE,0.2055,0.2144,0.1863,0.2144,0.2944,,middel
2026-09-29T12:59:13Z,2026-09-29T12:57:57Z,DKBW1652,SKOVSHOVED HAVBAD,0.0005,0.0007,0.1863,0.1863,0.2944,,middel
2026-09-29T12:59:13Z,2026-09-29T12:57:57Z,DKBW1656,SØNDRE REFSHALE BADEZONE,0.1649,0.1994,0.1863,0.1994,0.2944,,middel
2026-09-29T12:59:13Z,2026-09-29T12:57:57Z,DKBW1891,SKOVSHOVED SYD,0.0589,0.1178,0.1863,0.1863,0.2944,,middel
2026-09-29T12:59:13Z,2026-09-29T12:57:57Z,DKBW10,"DRAGØR SØBAD, NORD",0,0,0.1863,0.1863,0.2944,,middel
2026-09-29T12:59:13Z,2026-09-29T12:57:57Z,DKBW1528,FISKETORVET HAVNEBAD,0.2074,0.2151,0.1863,0.2151,0.2944,,middel
2026-09-29T12:59:13Z,2026-09-29T12:57:57Z,DKBW1520,"KASTRUP SØBAD, NORD FOR KASTRUP LYSTBÅDEHAVN",0.2102,0.216,0.1863,0.216,0.2944,,middel
2026-09-29T12:59:13Z,2026-09-29T12:57:57Z,DKBW1579,SVANEMØLLESTRANDEN,0.1085,0.1441,0.1863,0.1863,0.2944,,middel
2026-09-29T12:59:13Z,2026-09-29T12:57:57Z,DKBW1594,BOMBEGRUNDEN TAARBÆK,0.0004,0.0007,0.1863,0.1863,0.2944,,middel
2026-09-29T12:59:13Z,2026-09-29T12:57:57Z,DKBW1907,VANDTRAPPEN BADEZONE,0.2176,0.2185,0.1863,0.2185,0.2944,,middel
2026-09-29T12:59:13Z,2026-09-29T12:57:57Z,DKBW1908,BYSKOVEN BADEZONE,0.2012,0.2129,0.1863,0.2129,0.2944,,middel
2026-09-29T12:59:13Z,2026-09-29T12:57:57Z,DKBW20,BELLEVUE STRAND,0.0004,0.0007,0.1863,0.1863,0.2944,,middel
2026-09-29T12:59:13Z,2026-09-29T12:57:57Z,DKBW1772,KVÆSTHUSBROEN,0.1803,0.2054,0.1863,0.2054,0.2944,,middel
2026-09-29T12:59:13Z,2026-09-29T12:57:57Z,DKBW1893,BADEANSTALT I VALLENSBÆK HAVN,,,,,,all-stormwater,hoej
2026-09-29T12:59:13Z,2026-09-29T12:57:57Z,DKBW26,HELLERUP STRAND,0.089,0.1349,0.1863,0.1863,0.2944,,middel
2026-09-29T12:59:13Z,2026-09-29T12:57:57Z,DKBW1525,ISLANDS BRYGGE HAVNEBAD,0.2015,0.2131,0.1863,0.2131,0.2944,,middel
2026-09-29T12:59:13Z,2026-09-29T12:57:57Z,DKBW1624,HALVANDET BADEZONE,0.1573,0.1963,0.1863,0.1963,0.2944,,middel
2026-09-29T12:59:13Z,2026-09-29T12:57:57Z,DKBW1648,SANDKAJ BADEZONE,0.142,0.1898,0.1863,0.1898,0.2944,,middel
2026-09-29T12:59:13Z,2026-09-29T12:57:57Z,DKBW1905,HAVNEGADE BADEZONE,0.1858,0.2074,0.1863,0.2074,0.2944,,middel
2026-09-29T12:59:13Z,2026-09-29T12:57:57Z,DKBW1640,HAVNEVIGEN BADEZONE,0.2231,0.2203,0.1863,0.2231,0.2944,,middel
2026-09-29T12:59:13Z,2026-09-29T12:57:57Z,DKBW18,VED KONGELUNDSKROEN,,,,,,all-stormwater,hoej
2026-09-29T12:59:13Z,2026-09-29T12:57:57Z,DKBW1896,LA BANCHINA BADEZONE,0.166,0.1999,0.1863,0.1999,0.2944,,middel
2026-09-29T12:59:13Z,2026-09-29T12:57:57Z,DKBW1914,MOERTELRENDEN,0.1825,0.2062,0.1863,0.2062,0.2944,,middel
2026-09-29T12:59:13Z,2026-09-29T12:57:57Z,DKBW30,TAARBÆK SØBADEANSTALT,0.0004,0.0007,0.1863,0.1863,0.2944,,middel
2026-09-29T13:17:18Z,2026-09-29T13:12:57Z,DKBW16,SØVANG,,,,,,all-stormwater,hoej
2026-09-29T13:17:18Z,2026-09-29T13:12:57Z,DKBW1906,TEGLHOLM BRYGGE BADEZONE,0.1199,0.2534,0.1863,0.2534,0.711,,hoej
2026-09-29T13:17:18Z,2026-09-29T13:12:57Z,DKBW24,CHARLOTTENLUND STRANDPARK,0.1602,0.214,0.1863,0.214,0.711,,middel
2026-09-29T13:17:18Z,2026-09-29T13:12:57Z,DKBW14,AMAGER SYDSTRAND,,,,,,all-stormwater,hoej
2026-09-29T13:17:18Z,2026-09-29T13:12:57Z,DKBW1526,"AMAGER STRANDPARK, ØRESUND",0.1041,0.1093,0.1863,0.1863,0.711,,middel
2026-09-29T13:17:18Z,2026-09-29T13:12:57Z,DKBW1578,SLUSEHOLMEN HAVNEBAD,0.127,0.1167,0.1863,0.1863,0.711,,hoej
2026-09-29T13:17:18Z,2026-09-29T13:12:57Z,DKBW1667,KALVEBOD BØLGE BADEZONE,0.2477,0.2471,0.1863,0.2477,0.711,,middel
2026-09-29T13:17:18Z,2026-09-29T13:12:57Z,DKBW4,"KBS, UD FOR HYLDETANGEN",0.2143,0.3384,0.1413,0.3384,0.2724,,middel
2026-09-29T13:17:18Z,2026-09-29T13:12:57Z,DKBW1464,"VALLENSBÆK STRAND, VED SKRUBBEN",,,,,,all-stormwater,hoej
2026-09-29T13:17:18Z,2026-09-29T13:12:57Z,DKBW1590,LODSPARKEN,0.0833,0.0686,0.1863,0.1863,0.711,,middel
2026-09-29T13:17:18Z,2026-09-29T13:12:57Z,DKBW1593,TAARBÆK HAVN,0.3099,0.2525,0.1863,0.3099,0.711,,middel
2026-09-29T13:17:18Z,2026-09-29T13:12:57Z,DKBW8,DRAGØR NORDSTRAND,0,0,0.1863,0.1863,0.711,,middel
2026-09-29T13:17:18Z,2026-09-29T13:12:57Z,DKBW1904,STRANDEN VED VALBYPARKEN,0.1094,0.1111,0.1863,0.1863,0.711,,middel
2026-09-29T13:17:18Z,2026-09-29T13:12:57Z,DKBW1913,HVIDOVRE HAVN,0.0834,0.0687,0.1863,0.1863,0.711,,middel
2026-09-29T13:17:18Z,2026-09-29T13:12:57Z,DKBW32,FREDERIKSDAL FRIBAD,0.1604,0.1364,0.2061,0.2061,0.2698,,middel
2026-09-29T13:17:18Z,2026-09-29T13:12:57Z,DKBW1527,"AMAGER STRANDPARK, LAGUNEN",0.1066,0.1102,0.1863,0.1863,0.711,,middel
2026-09-29T13:17:18Z,2026-09-29T13:12:57Z,DKBW1598,SYD FOR KASTRUP LYSTBÅDEHAVN,0.0228,0.0284,0.1863,0.1863,0.711,,middel
2026-09-29T13:17:18Z,2026-09-29T13:12:57Z,DKBW1629,HALFDANSGADE BADEZONE,0.2449,0.2462,0.1863,0.2462,0.711,,middel
2026-09-29T13:17:18Z,2026-09-29T13:12:57Z,DKBW1652,SKOVSHOVED HAVBAD,0.0821,0.1186,0.1863,0.1863,0.711,,middel
2026-09-29T13:17:18Z,2026-09-29T13:12:57Z,DKBW1656,SØNDRE REFSHALE BADEZONE,0.2661,0.253,0.1863,0.2661,0.711,,hoej
2026-09-29T13:17:18Z,2026-09-29T13:12:57Z,DKBW1891,SKOVSHOVED SYD,0.1427,0.206,0.1863,0.206,0.711,,middel
2026-09-29T13:17:18Z,2026-09-29T13:12:57Z,DKBW10,"DRAGØR SØBAD, NORD",0,0,0.1863,0.1863,0.711,,middel
2026-09-29T13:17:18Z,2026-09-29T13:12:57Z,DKBW1528,FISKETORVET HAVNEBAD,0.2302,0.2412,0.1863,0.2412,0.711,,middel
2026-09-29T13:17:18Z,2026-09-29T13:12:57Z,DKBW1520,"KASTRUP SØBAD, NORD FOR KASTRUP LYSTBÅDEHAVN",0.0229,0.0288,0.1863,0.1863,0.711,,middel
2026-09-29T13:17:18Z,2026-09-29T13:12:57Z,DKBW1579,SVANEMØLLESTRANDEN,0.1956,0.2285,0.1863,0.2285,0.711,,middel
2026-09-29T13:17:18Z,2026-09-29T13:12:57Z,DKBW1594,BOMBEGRUNDEN TAARBÆK,0.0615,0.1077,0.1863,0.1863,0.711,,middel
2026-09-29T13:17:18Z,2026-09-29T13:12:57Z,DKBW1907,VANDTRAPPEN BADEZONE,0.122,0.2531,0.1863,0.2531,0.711,,hoej
2026-09-29T13:17:18Z,2026-09-29T13:12:57Z,DKBW1908,BYSKOVEN BADEZONE,0.0219,0.0232,0.1863,0.1863,0.711,,middel
2026-09-29T13:17:18Z,2026-09-29T13:12:57Z,DKBW20,BELLEVUE STRAND,0.0671,0.1109,0.1863,0.1863,0.711,,middel
2026-09-29T13:17:18Z,2026-09-29T13:12:57Z,DKBW1772,KVÆSTHUSBROEN,0.2671,0.2533,0.1863,0.2671,0.711,,hoej
2026-09-29T13:17:18Z,2026-09-29T13:12:57Z,DKBW1893,BADEANSTALT I VALLENSBÆK HAVN,,,,,,all-stormwater,hoej
2026-09-29T13:17:18Z,2026-09-29T13:12:57Z,DKBW26,HELLERUP STRAND,0.1747,0.2202,0.1863,0.2202,0.711,,middel
2026-09-29T13:17:18Z,2026-09-29T13:12:57Z,DKBW1525,ISLANDS BRYGGE HAVNEBAD,0.2499,0.2478,0.1863,0.2499,0.711,,middel
2026-09-29T13:17:18Z,2026-09-29T13:12:57Z,DKBW1624,HALVANDET BADEZONE,0.2556,0.2496,0.1863,0.2556,0.711,,middel
2026-09-29T13:17:18Z,2026-09-29T13:12:57Z,DKBW1648,SANDKAJ BADEZONE,0.226,0.2397,0.1863,0.2397,0.711,,middel
2026-09-29T13:17:18Z,2026-09-29T13:12:57Z,DKBW1905,HAVNEGADE BADEZONE,0.2674,0.2534,0.1863,0.2674,0.711,,hoej
2026-09-29T13:17:18Z,2026-09-29T13:12:57Z,DKBW1640,HAVNEVIGEN BADEZONE,0.1281,0.1171,0.1863,0.1863,0.711,,hoej
2026-09-29T13:17:18Z,2026-09-29T13:12:57Z,DKBW18,VED KONGELUNDSKROEN,,,,,,all-stormwater,hoej
2026-09-29T13:17:18Z,2026-09-29T13:12:57Z,DKBW1896,LA BANCHINA BADEZONE,0.2695,0.2541,0.1863,0.2695,0.711,,hoej
2026-09-29T13:17:18Z,2026-09-29T13:12:57Z,DKBW1914,MOERTELRENDEN,0.0728,0.0657,0.1863,0.1863,0.711,,hoej
2026-09-29T13:17:18Z,2026-09-29T13:12:57Z,DKBW30,TAARBÆK SØBADEANSTALT,0.3086,0.2522,0.1863,0.3086,0.711,,middel
2026-09-29T14:17:18Z,2026-09-29T14:12:57Z,DKBW16,SØVANG,,,,,,all-stormwater,hoej
2026-09-29T14:17:18Z,2026-09-29T14:12:57Z,DKBW1906,TEGLHOLM BRYGGE BADEZONE,0.1179,0.1118,0.1863,0.1863,0.711,,hoej
2026-09-29T14:17:18Z,2026-09-29T14:12:57Z,DKBW24,CHARLOTTENLUND STRANDPARK,0.1644,0.2144,0.1863,0.2144,0.711,,middel
2026-09-29T14:17:18Z,2026-09-29T14:12:57Z,DKBW14,AMAGER SYDSTRAND,,,,,,all-stormwater,hoej
2026-09-29T14:17:18Z,2026-09-29T14:12:57Z,DKBW1526,"AMAGER STRANDPARK, ØRESUND",0.103,0.1069,0.1863,0.1863,0.711,,middel
2026-09-29T14:17:18Z,2026-09-29T14:12:57Z,DKBW1578,SLUSEHOLMEN HAVNEBAD,0.1245,0.1138,0.1863,0.1863,0.711,,hoej
2026-09-29T14:17:18Z,2026-09-29T14:12:57Z,DKBW1667,KALVEBOD BØLGE BADEZONE,0.2488,0.2459,0.1863,0.2488,0.711,,middel
2026-09-29T14:17:18Z,2026-09-29T14:12:57Z,DKBW4,"KBS, UD FOR HYLDETANGEN",0.2124,0.3371,0.1413,0.3371,0.2703,,middel
2026-09-29T14:17:18Z,2026-09-29T14:12:57Z,DKBW1464,"VALLENSBÆK STRAND, VED SKRUBBEN",,,,,,all-stormwater,hoej
2026-09-29T14:17:18Z,2026-09-29T14:12:57Z,DKBW1590,LODSPARKEN,0.0896,0.0739,0.1863,0.1863,0.711,,middel
2026-09-29T14:17:18Z,2026-09-29T14:12:57Z,DKBW1593,TAARBÆK HAVN,0.3069,0.25,0.1863,0.3069,0.711,,middel
2026-09-29T14:17:18Z,2026-09-29T14:12:57Z,DKBW8,DRAGØR NORDSTRAND,0,0,0.1863,0.1863,0.711,,middel
2026-09-29T14:17:18Z,2026-09-29T14:12:57Z,DKBW1904,STRANDEN VED VALBYPARKEN,0.108,0.1086,0.1863,0.1863,0.711,,middel
2026-09-29T14:17:18Z,2026-09-29T14:12:57Z,DKBW1913,HVIDOVRE HAVN,0.0898,0.0739,0.1863,0.1863,0.711,,middel
2026-09-29T14:17:18Z,2026-09-29T14:12:57Z,DKBW32,FREDERIKSDAL FRIBAD,0.1552,0.132,0.2061,0.2061,0.1638,,middel
2026-09-29T14:17:18Z,2026-09-29T14:12:57Z,DKBW1527,"AMAGER STRANDPARK, LAGUNEN",0.1054,0.1077,0.1863,0.1863,0.711,,middel
2026-09-29T14:17:18Z,2026-09-29T14:12:57Z,DKBW1598,SYD FOR KASTRUP LYSTBÅDEHAVN,0.004,0.0264,0.1863,0.1863,0.711,,middel
2026-09-29T14:17:18Z,2026-09-29T14:12:57Z,DKBW1629,HALFDANSGADE BADEZONE,0.2462,0.245,0.1863,0.2462,0.711,,middel
2026-09-29T14:17:18Z,2026-09-29T14:12:57Z,DKBW1652,SKOVSHOVED HAVBAD,0.0716,0.1111,0.1863,0.1863,0.711,,middel
2026-09-29T14:17:18Z,2026-09-29T14:12:57Z,DKBW1656,SØNDRE REFSHALE BADEZONE,0.2664,0.2514,0.1863,0.2664,0.711,,hoej
2026-09-29T14:17:18Z,2026-09-29T14:12:57Z,DKBW1891,SKOVSHOVED SYD,0.1473,0.2068,0.1863,0.2068,0.711,,middel
2026-09-29T14:17:18Z,2026-09-29T14:12:57Z,DKBW10,"DRAGØR SØBAD, NORD",0,0,0.1863,0.1863,0.711,,middel
2026-09-29T14:17:18Z,2026-09-29T14:12:57Z,DKBW1528,FISKETORVET HAVNEBAD,0.2321,0.2403,0.1863,0.2403,0.711,,middel
2026-09-29T14:17:18Z,2026-09-29T14:12:57Z,DKBW1520,"KASTRUP SØBAD, NORD FOR KASTRUP LYSTBÅDEHAVN",0.0041,0.0268,0.1863,0.1863,0.711,,middel
2026-09-29T14:17:18Z,2026-09-29T14:12:57Z,DKBW1579,SVANEMØLLESTRANDEN,0.1988,0.2283,0.1863,0.2283,0.711,,middel
2026-09-29T14:17:18Z,2026-09-29T14:12:57Z,DKBW1594,BOMBEGRUNDEN TAARBÆK,0.0516,0.0998,0.1863,0.1863,0.711,,middel
2026-09-29T14:17:18Z,2026-09-29T14:12:57Z,DKBW1907,VANDTRAPPEN BADEZONE,0.1198,0.1124,0.1863,0.1863,0.711,,hoej
2026-09-29T14:17:18Z,2026-09-29T14:12:57Z,DKBW1908,BYSKOVEN BADEZONE,0,0,0.1863,0.1863,0.711,,middel
2026-09-29T14:17:18Z,2026-09-29T14:12:57Z,DKBW20,BELLEVUE STRAND,0.057,0.1031,0.1863,0.1863,0.711,,middel
2026-09-29T14:17:18Z,2026-09-29T14:12:57Z,DKBW1772,KVÆSTHUSBROEN,0.2674,0.2518,0.1863,0.2674,0.711,,hoej
2026-09-29T14:17:18Z,2026-09-29T14:12:57Z,DKBW1893,BADEANSTALT I VALLENSBÆK HAVN,,,,,,all-stormwater,hoej
2026-09-29T14:17:18Z,2026-09-29T14:12:57Z,DKBW26,HELLERUP STRAND,0.1785,0.2203,0.1863,0.2203,0.711,,middel
2026-09-29T14:17:18Z,2026-09-29T14:12:57Z,DKBW1525,ISLANDS BRYGGE HAVNEBAD,0.2509,0.2465,0.1863,0.2509,0.711,,middel
2026-09-29T14:17:18Z,2026-09-29T14:12:57Z,DKBW1624,HALVANDET BADEZONE,0.2564,0.2483,0.1863,0.2564,0.711,,middel
2026-09-29T14:17:18Z,2026-09-29T14:12:57Z,DKBW1648,SANDKAJ BADEZONE,0.228,0.2389,0.1863,0.2389,0.711,,middel
2026-09-29T14:17:18Z,2026-09-29T14:12:57Z,DKBW1905,HAVNEGADE BADEZONE,0.2676,0.2518,0.1863,0.2676,0.711,,hoej
2026-09-29T14:17:18Z,2026-09-29T14:12:57Z,DKBW1640,HAVNEVIGEN BADEZONE,0.1255,0.1141,0.1863,0.1863,0.711,,hoej
2026-09-29T14:17:18Z,2026-09-29T14:12:57Z,DKBW18,VED KONGELUNDSKROEN,,,,,,all-stormwater,hoej
2026-09-29T14:17:18Z,2026-09-29T14:12:57Z,DKBW1896,LA BANCHINA BADEZONE,0.2697,0.2525,0.1863,0.2697,0.711,,hoej
2026-09-29T14:17:18Z,2026-09-29T14:12:57Z,DKBW1914,MOERTELRENDEN,0.0766,0.0702,0.1863,0.1863,0.711,,hoej
2026-09-29T14:17:18Z,2026-09-29T14:12:57Z,DKBW30,TAARBÆK SØBADEANSTALT,0.3056,0.2497,0.1863,0.3056,0.711,,middel
2026-09-29T15:17:18Z,2026-09-29T15:12:57Z,DKBW16,SØVANG,,,,,,all-stormwater,hoej
2026-09-29T15:17:18Z,2026-09-29T15:12:57Z,DKBW1906,TEGLHOLM BRYGGE BADEZONE,0.1148,0.1087,0.1863,0.1863,0.711,,hoej
2026-09-29T15:17:18Z,2026-09-29T15:12:57Z,DKBW24,CHARLOTTENLUND STRANDPARK,0.1611,0.209,0.1863,0.209,0.711,,middel
2026-09-29T15:17:18Z,2026-09-29T15:12:57Z,DKBW14,AMAGER SYDSTRAND,,,,,,all-stormwater,hoej
2026-09-29T15:17:18Z,2026-09-29T15:12:57Z,DKBW1526,"AMAGER STRANDPARK, ØRESUND",0.1006,0.1041,0.1863,0.1863,0.711,,middel
2026-09-29T15:17:18Z,2026-09-29T15:12:57Z,DKBW1578,SLUSEHOLMEN HAVNEBAD,0.1212,0.1107,0.1863,0.1863,0.711,,hoej
2026-09-29T15:17:18Z,2026-09-29T15:12:57Z,DKBW1667,KALVEBOD BØLGE BADEZONE,0.2427,0.2392,0.1863,0.2427,0.711,,middel
2026-09-29T15:17:18Z,2026-09-29T15:12:57Z,DKBW4,"KBS, UD FOR HYLDETANGEN",0,0,0.1413,0.1413,0,,lav
2026-09-29T15:17:18Z,2026-09-29T15:12:57Z,DKBW1464,"VALLENSBÆK STRAND, VED SKRUBBEN",,,,,,all-stormwater,hoej
2026-09-29T15:17:18Z,2026-09-29T15:12:57Z,DKBW1590,LODSPARKEN,0.0925,0.1012,0.1863,0.1863,0.711,,middel
2026-09-29T15:17:18Z,2026-09-29T15:12:57Z,DKBW1593,TAARBÆK HAVN,0.2981,0.2429,0.1863,0.2981,0.711,,middel
2026-09-29T15:17:18Z,2026-09-29T15:12:57Z,DKBW8,DRAGØR NORDSTRAND,0,0,0.1863,0.1863,0.711,,middel
2026-09-29T15:17:18Z,2026-09-29T15:12:57Z,DKBW1904,STRANDEN VED VALBYPARKEN,0.1053,0.1057,0.1863,0.1863,0.711,,middel
2026-09-29T15:17:18Z,2026-09-29T15:12:57Z,DKBW1913,HVIDOVRE HAVN,0.0866,0.0713,0.1863,0.1863,0.711,,middel
2026-09-29T15:17:18Z,2026-09-29T15:12:57Z,DKBW32,FREDERIKSDAL FRIBAD,0.1507,0.1282,0.2061,0.2061,0.2763,,middel
2026-09-29T15:17:18Z,2026-09-29T15:12:57Z,DKBW1527,"AMAGER STRANDPARK, LAGUNEN",0.1029,0.1048,0.1863,0.1863,0.711,,middel
2026-09-29T15:17:18Z,2026-09-29T15:12:57Z,DKBW1598,SYD FOR KASTRUP LYSTBÅDEHAVN,0.0205,0.0208,0.1863,0.1863,0.711,,middel
2026-09-29T15:17:18Z,2026-09-29T15:12:57Z,DKBW1629,HALFDANSGADE BADEZONE,0.2401,0.2384,0.1863,0.2401,0.711,,middel
2026-09-29T15:17:18Z,2026-09-29T15:12:57Z,DKBW1652,SKOVSHOVED HAVBAD,0.078,0.1121,0.1863,0.1863,0.711,,middel
2026-09-29T15:17:18Z,2026-09-29T15:12:57Z,DKBW1656,SØNDRE REFSHALE BADEZONE,0.2596,0.2446,0.1863,0.2596,0.711,,hoej
2026-09-29T15:17:18Z,2026-09-29T15:12:57Z,DKBW1891,SKOVSHOVED SYD,0.1446,0.2016,0.1863,0.2016,0.711,,middel
2026-09-29T15:17:18Z,2026-09-29T15:12:57Z,DKBW10,"DRAGØR SØBAD, NORD",0,0,0.1863,0.1863,0.711,,middel
2026-09-29T15:17:18Z,2026-09-29T15:12:57Z,DKBW1528,FISKETORVET HAVNEBAD,0.2266,0.2338,0.1863,0.2338,0.711,,middel
2026-09-29T15:17:18Z,2026-09-29T15:12:57Z,DKBW1520,"KASTRUP SØBAD, NORD FOR KASTRUP LYSTBÅDEHAVN",0.0205,0.0208,0.1863,0.1863,0.711,,middel
2026-09-29T15:17:18Z,2026-09-29T15:12:57Z,DKBW1579,SVANEMØLLESTRANDEN,0.1944,0.2223,0.1863,0.2223,0.711,,middel
2026-09-29T15:17:18Z,2026-09-29T15:12:57Z,DKBW1594,BOMBEGRUNDEN TAARBÆK,0.0585,0.102,0.1863,0.1863,0.711,,middel
2026-09-29T15:17:18Z,2026-09-29T15:12:57Z,DKBW1907,VANDTRAPPEN BADEZONE,0.1167,0.1093,0.1863,0.1863,0.711,,hoej
2026-09-29T15:17:18Z,2026-09-29T15:12:57Z,DKBW1908,BYSKOVEN BADEZONE,0.0197,0.0205,0.1863,0.1863,0.711,,middel
2026-09-29T15:17:18Z,2026-09-29T15:12:57Z,DKBW20,BELLEVUE STRAND,0.0638,0.105,0.1863,0.1863,0.711,,middel
2026-09-29T15:17:18Z,2026-09-29T15:12:57Z,DKBW1772,KVÆSTHUSBROEN,0.2605,0.2449,0.1863,0.2605,0.711,,hoej
2026-09-29T15:17:18Z,2026-09-29T15:12:57Z,DKBW1893,BADEANSTALT I VALLENSBÆK HAVN,,,,,,all-stormwater,hoej
2026-09-29T15:17:18Z,2026-09-29T15:12:57Z,DKBW26,HELLERUP STRAND,0.1748,0.2147,0.1863,0.2147,0.711,,middel
2026-09-29T15:17:18Z,2026-09-29T15:12:57Z,DKBW1525,ISLANDS BRYGGE HAVNEBAD,0.2447,0.2399,0.1863,0.2447,0.711,,middel
2026-09-29T15:17:18Z,2026-09-29T15:12:57Z,DKBW1624,HALVANDET BADEZONE,0.2499,0.2415,0.1863,0.2499,0.711,,middel
2026-09-29T15:17:18Z,2026-09-29T15:12:57Z,DKBW1648,SANDKAJ BADEZONE,0.2226,0.2325,0.1863,0.2325,0.711,,middel
2026-09-29T15:17:18Z,2026-09-29T15:12:57Z,DKBW1905,HAVNEGADE BADEZONE,0.2608,0.245,0.1863,0.2608,0.711,,hoej
2026-09-29T15:17:18Z,2026-09-29T15:12:57Z,DKBW1640,HAVNEVIGEN BADEZONE,0.1222,0.111,0.1863,0.1863,0.711,,hoej
2026-09-29T15:17:18Z,2026-09-29T15:12:57Z,DKBW18,VED KONGELUNDSKROEN,,,,,,all-stormwater,hoej
2026-09-29T15:17:18Z,2026-09-29T15:12:57Z,DKBW1896,LA BANCHINA BADEZONE,0.2627,0.2456,0.1863,0.2627,0.711,,hoej
2026-09-29T15:17:18Z,2026-09-29T15:12:57Z,DKBW1914,MOERTELRENDEN,0.0934,0.1015,0.1863,0.1863,0.711,,middel
2026-09-29T15:17:18Z,2026-09-29T15:12:57Z,DKBW30,TAARBÆK SØBADEANSTALT,0.2969,0.2426,0.1863,0.2969,0.711,,middel
2026-09-29T16:17:18Z,2026-09-29T16:12:57Z,DKBW16,SØVANG,,,,,,all-stormwater,hoej
2026-09-29T16:17:18Z,2026-09-29T16:12:57Z,DKBW1906,TEGLHOLM BRYGGE BADEZONE,0.1132,0.1061,0.2569,0.2569,0.4007,,hoej
2026-09-29T16:17:18Z,2026-09-29T16:12:57Z,DKBW24,CHARLOTTENLUND STRANDPARK,0.1643,0.2066,0.2569,0.2569,0.4007,,middel
2026-09-29T16:17:18Z,2026-09-29T16:12:57Z,DKBW14,AMAGER SYDSTRAND,,,,,,all-stormwater,hoej
2026-09-29T16:17:18Z,2026-09-29T16:12:57Z,DKBW1526,"AMAGER STRANDPARK, ØRESUND",0.1,0.1019,0.2569,0.2569,0.4007,,middel
2026-09-29T16:17:18Z,2026-09-29T16:12:57Z,DKBW1578,SLUSEHOLMEN HAVNEBAD,0.119,0.1079,0.2569,0.2569,0.4007,,hoej
2026-09-29T16:17:18Z,2026-09-29T16:12:57Z,DKBW1667,KALVEBOD BØLGE BADEZONE,0.2407,0.2343,0.2569,0.2569,0.4007,,middel
2026-09-29T16:17:18Z,2026-09-29T16:12:57Z,DKBW4,"KBS, UD FOR HYLDETANGEN",0.1987,0.3252,0.1403,0.3252,0.2007,,middel
2026-09-29T16:17:18Z,2026-09-29T16:12:57Z,DKBW1464,"VALLENSBÆK STRAND, VED SKRUBBEN",,,,,,all-stormwater,hoej
2026-09-29T16:17:18Z,2026-09-29T16:12:57Z,DKBW1590,LODSPARKEN,0.0925,0.0993,0.2569,0.2569,0.4007,,middel
2026-09-29T16:17:18Z,2026-09-29T16:12:57Z,DKBW1593,TAARBÆK HAVN,0.2901,0.2364,0.2569,0.2901,0.4007,,middel
2026-09-29T16:17:18Z,2026-09-29T16:12:57Z,DKBW8,DRAGØR NORDSTRAND,0,0,0.2569,0.2569,0.4007,,middel
2026-09-29T16:17:18Z,2026-09-29T16:12:57Z,DKBW1904,STRANDEN VED VALBYPARKEN,0.1044,0.1034,0.2569,0.2569,0.4007,,middel
2026-09-29T16:17:18Z,2026-09-29T16:12:57Z,DKBW1913,HVIDOVRE HAVN,0.0926,0.0993,0.2569,0.2569,0.4007,,middel
2026-09-29T16:17:18Z,2026-09-29T16:12:57Z,DKBW32,FREDERIKSDAL FRIBAD,0.1463,0.1244,0.2391,0.2391,0.1792,,middel
2026-09-29T16:17:18Z,2026-09-29T16:12:57Z,DKBW1527,"AMAGER STRANDPARK, LAGUNEN",0.1022,0.1026,0.2569,0.2569,0.4007,,middel
2026-09-29T16:17:18Z,2026-09-29T16:12:57Z,DKBW1598,SYD FOR KASTRUP LYSTBÅDEHAVN,0.001,0.0015,0.2569,0.2569,0.4007,,middel
2026-09-29T16:17:18Z,2026-09-29T16:12:57Z,DKBW1629,HALFDANSGADE BADEZONE,0.2383,0.2335,0.2569,0.2569,0.4007,,middel
2026-09-29T16:17:18Z,2026-09-29T16:12:57Z,DKBW1652,SKOVSHOVED HAVBAD,0.0743,0.1082,0.2569,0.2569,0.4007,,middel
2026-09-29T16:17:18Z,2026-09-29T16:12:57Z,DKBW1656,SØNDRE REFSHALE BADEZONE,0.2562,0.2392,0.2569,0.2569,0.4007,,hoej
2026-09-29T16:17:18Z,2026-09-29T16:12:57Z,DKBW1891,SKOVSHOVED SYD,0.1485,0.1998,0.2569,0.2569,0.4007,,middel
2026-09-29T16:17:18Z,2026-09-29T16:12:57Z,DKBW10,"DRAGØR SØBAD, NORD",0,0,0.2569,0.2569,0.4007,,middel
2026-09-29T16:17:18Z,2026-09-29T16:12:57Z,DKBW1528,FISKETORVET HAVNEBAD,0.2257,0.2294,0.2569,0.2569,0.4007,,middel
2026-09-29T16:17:18Z,2026-09-29T16:12:57Z,DKBW1520,"KASTRUP SØBAD, NORD FOR KASTRUP LYSTBÅDEHAVN",0.0196,0.0196,0.2569,0.2569,0.4007,,middel
2026-09-29T16:17:18Z,2026-09-29T16:12:57Z,DKBW1579,SVANEMØLLESTRANDEN,0.1957,0.2188,0.2569,0.2569,0.4007,,middel
2026-09-29T16:17:18Z,2026-09-29T16:12:57Z,DKBW1594,BOMBEGRUNDEN TAARBÆK,0.0554,0.0982,0.2569,0.2569,0.4007,,middel
2026-09-29T16:17:18Z,2026-09-29T16:12:57Z,DKBW1907,VANDTRAPPEN BADEZONE,0.1149,0.1067,0.2569,0.2569,0.4007,,hoej
2026-09-29T16:17:18Z,2026-09-29T16:12:57Z,DKBW1908,BYSKOVEN BADEZONE,0.0189,0.0193,0.2569,0.2569,0.4007,,middel
2026-09-29T16:17:18Z,2026-09-29T16:12:57Z,DKBW20,BELLEVUE STRAND,0.0606,0.1012,0.2569,0.2569,0.4007,,middel
2026-09-29T16:17:18Z,2026-09-29T16:12:57Z,DKBW1772,KVÆSTHUSBROEN,0.2571,0.2395,0.2569,0.2571,0.4007,,hoej
2026-09-29T16:17:18Z,2026-09-29T16:12:57Z,DKBW1893,BADEANSTALT I VALLENSBÆK HAVN,,,,,,all-stormwater,hoej
2026-09-29T16:17:18Z,2026-09-29T16:12:57Z,DKBW26,HELLERUP STRAND,0.1773,0.2118,0.2569,0.2569,0.4007,,middel
2026-09-29T16:17:18Z,2026-09-29T16:12:57Z,DKBW1525,ISLANDS BRYGGE HAVNEBAD,0.2425,0.2349,0.2569,0.2569,0.4007,,middel
2026-09-29T16:17:18Z,2026-09-29T16:12:57Z,DKBW1624,HALVANDET BADEZONE,0.2473,0.2364,0.2569,0.2569,0.4007,,middel
2026-09-29T16:17:18Z,2026-09-29T16:12:57Z,DKBW1648,SANDKAJ BADEZONE,0.2221,0.2282,0.2569,0.2569,0.4007,,middel
2026-09-29T16:17:18Z,2026-09-29T16:12:57Z,DKBW1905,HAVNEGADE BADEZONE,0.2574,0.2395,0.2569,0.2574,0.4007,,hoej
2026-09-29T16:17:18Z,2026-09-29T16:12:57Z,DKBW1640,HAVNEVIGEN BADEZONE,0.1199,0.1082,0.2569,0.2569,0.4007,,hoej
2026-09-29T16:17:18Z,2026-09-29T16:12:57Z,DKBW18,VED KONGELUNDSKROEN,,,,,,all-stormwater,hoej
2026-09-29T16:17:18Z,2026-09-29T16:12:57Z,DKBW1896,LA BANCHINA BADEZONE,0.2592,0.2401,0.2569,0.2592,0.4007,,hoej
2026-09-29T16:17:18Z,2026-09-29T16:12:57Z,DKBW1914,MOERTELRENDEN,0.0934,0.0996,0.2569,0.2569,0.4007,,middel
2026-09-29T16:17:18Z,2026-09-29T16:12:57Z,DKBW30,TAARBÆK SØBADEANSTALT,0.2889,0.236,0.2569,0.2889,0.4007,,middel
2026-09-29T17:17:54Z,2026-09-29T17:12:57Z,DKBW16,SØVANG,,,,,,all-stormwater,hoej
2026-09-29T17:17:54Z,2026-09-29T17:12:57Z,DKBW1906,TEGLHOLM BRYGGE BADEZONE,0.2101,0.2045,0.2569,0.2569,0.2713,,middel
2026-09-29T17:17:54Z,2026-09-29T17:12:57Z,DKBW24,CHARLOTTENLUND STRANDPARK,0.0474,0.1036,0.2569,0.2569,0.2713,,middel
2026-09-29T17:17:54Z,2026-09-29T17:12:57Z,DKBW14,AMAGER SYDSTRAND,,,,,,all-stormwater,hoej
2026-09-29T17:17:54Z,2026-09-29T17:12:57Z,DKBW1526,"AMAGER STRANDPARK, ØRESUND",0.2003,0.2013,0.2569,0.2569,0.2713,,middel
2026-09-29T17:17:54Z,2026-09-29T17:12:57Z,DKBW1578,SLUSEHOLMEN HAVNEBAD,0.2207,0.2079,0.2569,0.2569,0.2713,,middel
2026-09-29T17:17:54Z,2026-09-29T17:12:57Z,DKBW1667,KALVEBOD BØLGE BADEZONE,0.2007,0.2015,0.2569,0.2569,0.2713,,middel
2026-09-29T17:17:54Z,2026-09-29T17:12:57Z,DKBW4,"KBS, UD FOR HYLDETANGEN",0.048,0.0397,0.1403,0.1403,0.0484,,middel
2026-09-29T17:17:54Z,2026-09-29T17:12:57Z,DKBW1464,"VALLENSBÆK STRAND, VED SKRUBBEN",,,,,,all-stormwater,hoej
2026-09-29T17:17:54Z,2026-09-29T17:12:57Z,DKBW1590,LODSPARKEN,0.1854,0.1963,0.2569,0.2569,0.2713,,middel
2026-09-29T17:17:54Z,2026-09-29T17:12:57Z,DKBW1593,TAARBÆK HAVN,0.0029,0.007,0.2569,0.2569,0.2713,,middel
2026-09-29T17:17:54Z,2026-09-29T17:12:57Z,DKBW8,DRAGØR NORDSTRAND,0,0,0.2569,0.2569,0.2713,,middel
2026-09-29T17:17:54Z,2026-09-29T17:12:57Z,DKBW1904,STRANDEN VED VALBYPARKEN,0.2029,0.2022,0.2569,0.2569,0.2713,,middel
2026-09-29T17:17:54Z,2026-09-29T17:12:57Z,DKBW1913,HVIDOVRE HAVN,0.1862,0.1965,0.2569,0.2569,0.2713,,middel
2026-09-29T17:17:54Z,2026-09-29T17:12:57Z,DKBW32,FREDERIKSDAL FRIBAD,0.0078,0.0071,0.2391,0.2391,0.1127,,lav
2026-09-29T17:17:54Z,2026-09-29T17:12:57Z,DKBW1527,"AMAGER STRANDPARK, LAGUNEN",0.2035,0.2024,0.2569,0.2569,0.2713,,middel
2026-09-29T17:17:54Z,2026-09-29T17:12:57Z,DKBW1598,SYD FOR KASTRUP LYSTBÅDEHAVN,0,0,0.2569,0.2569,0.2713,,middel
2026-09-29T17:17:54Z,2026-09-29T17:12:57Z,DKBW1629,HALFDANSGADE BADEZONE,0.2047,0.2028,0.2569,0.2569,0.2713,,middel
2026-09-29T17:17:54Z,2026-09-29T17:12:57Z,DKBW1652,SKOVSHOVED HAVBAD,0.0047,0.0082,0.2569,0.2569,0.2713,,middel
2026-09-29T17:17:54Z,2026-09-29T17:12:57Z,DKBW1656,SØNDRE REFSHALE BADEZONE,0.1723,0.1916,0.2569,0.2569,0.2713,,middel
2026-09-29T17:17:54Z,2026-09-29T17:12:57Z,DKBW1891,SKOVSHOVED SYD,0.0346,0.0933,0.2569,0.2569,0.2713,,middel
2026-09-29T17:17:54Z,2026-09-29T17:12:57Z,DKBW10,"DRAGØR SØBAD, NORD",0,0,0.2569,0.2569,0.2713,,middel
2026-09-29T17:17:54Z,2026-09-29T17:12:57Z,DKBW1528,FISKETORVET HAVNEBAD,0.2062,0.2033,0.2569,0.2569,0.2713,,middel
2026-09-29T17:17:54Z,2026-09-29T17:12:57Z,DKBW1520,"KASTRUP SØBAD, NORD FOR KASTRUP LYSTBÅDEHAVN",0.2084,0.204,0.2569,0.2569,0.2713,,middel
2026-09-29T17:17:54Z,2026-09-29T17:12:57Z,DKBW1579,SVANEMØLLESTRANDEN,0.0782,0.1222,0.2569,0.2569,0.2713,,middel
2026-09-29T17:17:54Z,2026-09-29T17:12:57Z,DKBW1594,BOMBEGRUNDEN TAARBÆK,0.0032,0.0072,0.2569,0.2569,0.2713,,middel
2026-09-29T17:17:54Z,2026-09-29T17:12:57Z,DKBW1907,VANDTRAPPEN BADEZONE,0.2141,0.2058,0.2569,0.2569,0.2713,,middel
2026-09-29T17:17:54Z,2026-09-29T17:12:57Z,DKBW1908,BYSKOVEN BADEZONE,0.2013,0.2017,0.2569,0.2569,0.2713,,middel
2026-09-29T17:17:54Z,2026-09-29T17:12:57Z,DKBW20,BELLEVUE STRAND,0.0036,0.0075,0.2569,0.2569,0.2713,,middel
2026-09-29T17:17:54Z,2026-09-29T17:12:57Z,DKBW1772,KVÆSTHUSBROEN,0.1847,0.196,0.2569,0.2569,0.2713,,middel
2026-09-29T17:17:54Z,2026-09-29T17:12:57Z,DKBW1893,BADEANSTALT I VALLENSBÆK HAVN,,,,,,all-stormwater,hoej
2026-09-29T17:17:54Z,2026-09-29T17:12:57Z,DKBW26,HELLERUP STRAND,0.06,0.1119,0.2569,0.2569,0.2713,,middel
2026-09-29T17:17:54Z,2026-09-29T17:12:57Z,DKBW1525,ISLANDS BRYGGE HAVNEBAD,0.2016,0.2018,0.2569,0.2569,0.2713,,middel
2026-09-29T17:17:54Z,2026-09-29T17:12:57Z,DKBW1624,HALVANDET BADEZONE,0.166,0.1892,0.2569,0.2569,0.2713,,middel
2026-09-29T17:17:54Z,2026-09-29T17:12:57Z,DKBW1648,SANDKAJ BADEZONE,0.1532,0.1843,0.2569,0.2569,0.2713,,middel
2026-09-29T17:17:54Z,2026-09-29T17:12:57Z,DKBW1905,HAVNEGADE BADEZONE,0.1892,0.1976,0.2569,0.2569,0.2713,,middel
2026-09-29T17:17:54Z,2026-09-29T17:12:57Z,DKBW1640,HAVNEVIGEN BADEZONE,0.2183,0.2071,0.2569,0.2569,0.2713,,middel
2026-09-29T17:17:54Z,2026-09-29T17:12:57Z,DKBW18,VED KONGELUNDSKROEN,,,,,,all-stormwater,hoej
2026-09-29T17:17:54Z,2026-09-29T17:12:57Z,DKBW1896,LA BANCHINA BADEZONE,0.1732,0.1919,0.2569,0.2569,0.2713,,middel
2026-09-29T17:17:54Z,2026-09-29T17:12:57Z,DKBW1914,MOERTELRENDEN,0.1865,0.1966,0.2569,0.2569,0.2713,,middel
2026-09-29T17:17:54Z,2026-09-29T17:12:57Z,DKBW30,TAARBÆK SØBADEANSTALT,0.003,0.0071,0.2569,0.2569,0.2713,,middel
2026-09-29T18:17:16Z,2026-09-29T18:12:57Z,DKBW16,SØVANG,,,,,,all-stormwater,hoej
2026-09-29T18:17:16Z,2026-09-29T18:12:57Z,DKBW1906,TEGLHOLM BRYGGE BADEZONE,0.2131,0.2055,0.2569,0.2569,0.2713,,middel
2026-09-29T18:17:16Z,2026-09-29T18:12:57Z,DKBW24,CHARLOTTENLUND STRANDPARK,0.0331,0.092,0.2569,0.2569,0.2713,,middel
2026-09-29T18:17:16Z,2026-09-29T18:12:57Z,DKBW14,AMAGER SYDSTRAND,,,,,,all-stormwater,hoej
2026-09-29T18:17:16Z,2026-09-29T18:12:57Z,DKBW1526,"AMAGER STRANDPARK, ØRESUND",0.2036,0.2024,0.2569,0.2569,0.2713,,middel
2026-09-29T18:17:16Z,2026-09-29T18:12:57Z,DKBW1578,SLUSEHOLMEN HAVNEBAD,0.2232,0.2086,0.2569,0.2569,0.2713,,middel
2026-09-29T18:17:16Z,2026-09-29T18:12:57Z,DKBW1667,KALVEBOD BØLGE BADEZONE,0.2041,0.2026,0.2569,0.2569,0.2713,,middel
2026-09-29T18:17:16Z,2026-09-29T18:12:57Z,DKBW4,"KBS, UD FOR HYLDETANGEN",0.048,0.0397,0.1403,0.1403,0.0484,,middel
2026-09-29T18:17:16Z,2026-09-29T18:12:57Z,DKBW1464,"VALLENSBÆK STRAND, VED SKRUBBEN",,,,,,all-stormwater,hoej
2026-09-29T18:17:16Z,2026-09-29T18:12:57Z,DKBW1590,LODSPARKEN,0.1894,0.1976,0.2569,0.2569,0.2713,,middel
2026-09-29T18:17:16Z,2026-09-29T18:12:57Z,DKBW1593,TAARBÆK HAVN,0.0019,0.0061,0.2569,0.2569,0.2713,,middel
2026-09-29T18:17:16Z,2026-09-29T18:12:57Z,DKBW8,DRAGØR NORDSTRAND,0,0,0.2569,0.2569,0.2713,,middel
2026-09-29T18:17:16Z,2026-09-29T18:12:57Z,DKBW1904,STRANDEN VED VALBYPARKEN,0.2062,0.2032,0.2569,0.2569,0.2713,,middel
2026-09-29T18:17:16Z,2026-09-29T18:12:57Z,DKBW1913,HVIDOVRE HAVN,0.1901,0.1979,0.2569,0.2569,0.2713,,middel
2026-09-29T18:17:16Z,2026-09-29T18:12:57Z,DKBW32,FREDERIKSDAL FRIBAD,0.0078,0.0071,0.2391,0.2391,0.1127,,lav
2026-09-29T18:17:16Z,2026-09-29T18:12:57Z,DKBW1527,"AMAGER STRANDPARK, LAGUNEN",0.2068,0.2034,0.2569,0.2569,0.2713,,middel
2026-09-29T18:17:16Z,2026-09-29T18:12:57Z,DKBW1598,SYD FOR KASTRUP LYSTBÅDEHAVN,0,0,0.2569,0.2569,0.2713,,middel
2026-09-29T18:17:16Z,2026-09-29T18:12:57Z,DKBW1629,HALFDANSGADE BADEZONE,0.2079,0.2038,0.2569,0.2569,0.2713,,middel
2026-09-29T18:17:16Z,2026-09-29T18:12:57Z,DKBW1652,SKOVSHOVED HAVBAD,0.0036,0.0075,0.2569,0.2569,0.2713,,middel
2026-09-29T18:17:16Z,2026-09-29T18:12:57Z,DKBW1656,SØNDRE REFSHALE BADEZONE,0.1767,0.1931,0.2569,0.2569,0.2713,,middel
2026-09-29T18:17:16Z,2026-09-29T18:12:57Z,DKBW1891,SKOVSHOVED SYD,0.0224,0.0808,0.2569,0.2569,0.2713,,middel
2026-09-29T18:17:16Z,2026-09-29T18:12:57Z,DKBW10,"DRAGØR SØBAD, NORD",0,0,0.2569,0.2569,0.2713,,middel
2026-09-29T18:17:16Z,2026-09-29T18:12:57Z,DKBW1528,FISKETORVET HAVNEBAD,0.2094,0.2043,0.2569,0.2569,0.2713,,middel
2026-09-29T18:17:16Z,2026-09-29T18:12:57Z,DKBW1520,"KASTRUP SØBAD, NORD FOR KASTRUP LYSTBÅDEHAVN",0.2114,0.2049,0.2569,0.2569,0.2713,,middel
2026-09-29T18:17:16Z,2026-09-29T18:12:57Z,DKBW1579,SVANEMØLLESTRANDEN,0.0617,0.113,0.2569,0.2569,0.2713,,middel
2026-09-29T18:17:16Z,2026-09-29T18:12:57Z,DKBW1594,BOMBEGRUNDEN TAARBÆK,0.0022,0.0064,0.2569,0.2569,0.2713,,middel
2026-09-29T18:17:16Z,2026-09-29T18:12:57Z,DKBW1907,VANDTRAPPEN BADEZONE,0.217,0.2067,0.2569,0.2569,0.2713,,middel
2026-09-29T18:17:16Z,2026-09-29T18:12:57Z,DKBW1908,BYSKOVEN BADEZONE,0.2047,0.2028,0.2569,0.2569,0.2713,,middel
2026-09-29T18:17:16Z,2026-09-29T18:12:57Z,DKBW20,BELLEVUE STRAND,0.0025,0.0067,0.2569,0.2569,0.2713,,middel
2026-09-29T18:17:16Z,2026-09-29T18:12:57Z,DKBW1772,KVÆSTHUSBROEN,0.1887,0.1974,0.2569,0.2569,0.2713,,middel
2026-09-29T18:17:16Z,2026-09-29T18:12:57Z,DKBW1893,BADEANSTALT I VALLENSBÆK HAVN,,,,,,all-stormwater,hoej
2026-09-29T18:17:16Z,2026-09-29T18:12:57Z,DKBW26,HELLERUP STRAND,0.0444,0.1013,0.2569,0.2569,0.2713,,middel
2026-09-29T18:17:16Z,2026-09-29T18:12:57Z,DKBW1525,ISLANDS BRYGGE HAVNEBAD,0.205,0.2028,0.2569,0.2569,0.2713,,middel
2026-09-29T18:17:16Z,2026-09-29T18:12:57Z,DKBW1624,HALVANDET BADEZONE,0.1706,0.1909,0.2569,0.2569,0.2713,,middel
2026-09-29T18:17:16Z,2026-09-29T18:12:57Z,DKBW1648,SANDKAJ BADEZONE,0.1581,0.1862,0.2569,0.2569,0.2713,,middel
2026-09-29T18:17:16Z,2026-09-29T18:12:57Z,DKBW1905,HAVNEGADE BADEZONE,0.193,0.1989,0.2569,0.2569,0.2713,,middel
2026-09-29T18:17:16Z,2026-09-29T18:12:57Z,DKBW1640,HAVNEVIGEN BADEZONE,0.2209,0.2079,0.2569,0.2569,0.2713,,middel
2026-09-29T18:17:16Z,2026-09-29T18:12:57Z,DKBW18,VED KONGELUNDSKROEN,,,,,,all-stormwater,hoej
2026-09-29T18:17:16Z,2026-09-29T18:12:57Z,DKBW1896,LA BANCHINA BADEZONE,0.1775,0.1935,0.2569,0.2569,0.2713,,middel
2026-09-29T18:17:16Z,2026-09-29T18:12:57Z,DKBW1914,MOERTELRENDEN,0.1904,0.198,0.2569,0.2569,0.2713,,middel
2026-09-29T18:17:16Z,2026-09-29T18:12:57Z,DKBW30,TAARBÆK SØBADEANSTALT,0.002,0.0062,0.2569,0.2569,0.2713,,middel
2026-09-29T18:39:45Z,2026-09-29T18:28:22Z,DKBW16,SØVANG,,,,,,all-stormwater,hoej
2026-09-29T18:39:45Z,2026-09-29T18:28:22Z,DKBW1906,TEGLHOLM BRYGGE BADEZONE,0.205,0.2143,0.2569,0.2569,0.3826,,middel
2026-09-29T18:39:45Z,2026-09-29T18:28:22Z,DKBW24,CHARLOTTENLUND STRANDPARK,0.1717,0.2022,0.2569,0.2569,0.3826,,middel
2026-09-29T18:39:45Z,2026-09-29T18:28:22Z,DKBW14,AMAGER SYDSTRAND,,,,,,all-stormwater,hoej
2026-09-29T18:39:45Z,2026-09-29T18:28:22Z,DKBW1526,"AMAGER STRANDPARK, ØRESUND",0.0992,0.0978,0.2569,0.2569,0.3826,,middel
2026-09-29T18:39:45Z,2026-09-29T18:28:22Z,DKBW1578,SLUSEHOLMEN HAVNEBAD,0.1149,0.1026,0.2569,0.2569,0.3826,,hoej
2026-09-29T18:39:45Z,2026-09-29T18:28:22Z,DKBW1667,KALVEBOD BØLGE BADEZONE,0.2372,0.2249,0.2569,0.2569,0.3826,,middel
2026-09-29T18:39:45Z,2026-09-29T18:28:22Z,DKBW4,"KBS, UD FOR HYLDETANGEN",0.1838,0.3017,0.1403,0.3017,0.1856,,middel
2026-09-29T18:39:45Z,2026-09-29T18:28:22Z,DKBW1464,"VALLENSBÆK STRAND, VED SKRUBBEN",,,,,,all-stormwater,hoej
2026-09-29T18:39:45Z,2026-09-29T18:28:22Z,DKBW1590,LODSPARKEN,0.0929,0.0957,0.2569,0.2569,0.3826,,middel
2026-09-29T18:39:45Z,2026-09-29T18:28:22Z,DKBW1593,TAARBÆK HAVN,0.2746,0.2237,0.2569,0.2746,0.3826,,middel
2026-09-29T18:39:45Z,2026-09-29T18:28:22Z,DKBW8,DRAGØR NORDSTRAND,0,0,0.2569,0.2569,0.3826,,middel
2026-09-29T18:39:45Z,2026-09-29T18:28:22Z,DKBW1904,STRANDEN VED VALBYPARKEN,0.1029,0.099,0.2569,0.2569,0.3826,,middel
2026-09-29T18:39:45Z,2026-09-29T18:28:22Z,DKBW1913,HVIDOVRE HAVN,0.0929,0.0957,0.2569,0.2569,0.3826,,middel
2026-09-29T18:39:45Z,2026-09-29T18:28:22Z,DKBW32,FREDERIKSDAL FRIBAD,0.1377,0.1171,0.2391,0.2391,0.2,,middel
2026-09-29T18:39:45Z,2026-09-29T18:28:22Z,DKBW1527,"AMAGER STRANDPARK, LAGUNEN",0.101,0.0984,0.2569,0.2569,0.3826,,middel
2026-09-29T18:39:45Z,2026-09-29T18:28:22Z,DKBW1598,SYD FOR KASTRUP LYSTBÅDEHAVN,0,0,0.2569,0.2569,0.3826,,middel
2026-09-29T18:39:45Z,2026-09-29T18:28:22Z,DKBW1629,HALFDANSGADE BADEZONE,0.2352,0.2243,0.2569,0.2569,0.3826,,middel
2026-09-29T18:39:45Z,2026-09-29T18:28:22Z,DKBW1652,SKOVSHOVED HAVBAD,0.0404,0.0851,0.2569,0.2569,0.3826,,middel
2026-09-29T18:39:45Z,2026-09-29T18:28:22Z,DKBW1656,SØNDRE REFSHALE BADEZONE,0.2501,0.2288,0.2569,0.2569,0.3826,,hoej
2026-09-29T18:39:45Z,2026-09-29T18:28:22Z,DKBW1891,SKOVSHOVED SYD,0.1577,0.1965,0.2569,0.2569,0.3826,,middel
2026-09-29T18:39:45Z,2026-09-29T18:28:22Z,DKBW10,"DRAGØR SØBAD, NORD",0,0,0.2569,0.2569,0.3826,,middel
2026-09-29T18:39:45Z,2026-09-29T18:28:22Z,DKBW1528,FISKETORVET HAVNEBAD,0.2247,0.2209,0.2569,0.2569,0.3826,,middel
2026-09-29T18:39:45Z,2026-09-29T18:28:22Z,DKBW1520,"KASTRUP SØBAD, NORD FOR KASTRUP LYSTBÅDEHAVN",0.0177,0.0171,0.2569,0.2569,0.3826,,middel
2026-09-29T18:39:45Z,2026-09-29T18:28:22Z,DKBW1579,SVANEMØLLESTRANDEN,0.1991,0.2123,0.2569,0.2569,0.3826,,middel
2026-09-29T18:39:45Z,2026-09-29T18:28:22Z,DKBW1594,BOMBEGRUNDEN TAARBÆK,0.025,0.0726,0.2569,0.2569,0.3826,,middel
2026-09-29T18:39:45Z,2026-09-29T18:28:22Z,DKBW1907,VANDTRAPPEN BADEZONE,0.1116,0.1016,0.2569,0.2569,0.3826,,hoej
2026-09-29T18:39:45Z,2026-09-29T18:28:22Z,DKBW1908,BYSKOVEN BADEZONE,0.0171,0.017,0.2569,0.2569,0.3826,,middel
2026-09-29T18:39:45Z,2026-09-29T18:28:22Z,DKBW20,BELLEVUE STRAND,0.0289,0.0762,0.2569,0.2569,0.3826,,middel
2026-09-29T18:39:45Z,2026-09-29T18:28:22Z,DKBW1772,KVÆSTHUSBROEN,0.2508,0.2291,0.2569,0.2569,0.3826,,hoej
2026-09-29T18:39:45Z,2026-09-29T18:28:22Z,DKBW1893,BADEANSTALT I VALLENSBÆK HAVN,,,,,,all-stormwater,hoej
2026-09-29T18:39:45Z,2026-09-29T18:28:22Z,DKBW26,HELLERUP STRAND,0.1831,0.2065,0.2569,0.2569,0.3826,,middel
2026-09-29T18:39:45Z,2026-09-29T18:28:22Z,DKBW1525,ISLANDS BRYGGE HAVNEBAD,0.2387,0.2254,0.2569,0.2569,0.3826,,middel
2026-09-29T18:39:45Z,2026-09-29T18:28:22Z,DKBW1624,HALVANDET BADEZONE,0.2427,0.2266,0.2569,0.2569,0.3826,,middel
2026-09-29T18:39:45Z,2026-09-29T18:28:22Z,DKBW1648,SANDKAJ BADEZONE,0.2216,0.2199,0.2569,0.2569,0.3826,,middel
2026-09-29T18:39:45Z,2026-09-29T18:28:22Z,DKBW1905,HAVNEGADE BADEZONE,0.251,0.2291,0.2569,0.2569,0.3826,,hoej
2026-09-29T18:39:45Z,2026-09-29T18:28:22Z,DKBW1640,HAVNEVIGEN BADEZONE,0.2223,0.2201,0.2569,0.2569,0.3826,,middel
2026-09-29T18:39:45Z,2026-09-29T18:28:22Z,DKBW18,VED KONGELUNDSKROEN,,,,,,all-stormwater,hoej
2026-09-29T18:39:45Z,2026-09-29T18:28:22Z,DKBW1896,LA BANCHINA BADEZONE,0.2525,0.2296,0.2569,0.2569,0.3826,,hoej
2026-09-29T18:39:45Z,2026-09-29T18:28:22Z,DKBW1914,MOERTELRENDEN,0.0936,0.0959,0.2569,0.2569,0.3826,,middel
2026-09-29T18:39:45Z,2026-09-29T18:28:22Z,DKBW30,TAARBÆK SØBADEANSTALT,0.2735,0.2234,0.2569,0.2735,0.3826,,middel
2026-09-29T19:17:18Z,2026-09-29T19:13:15Z,DKBW16,SØVANG,,,,,,all-stormwater,hoej
2026-09-29T19:17:18Z,2026-09-29T19:13:15Z,DKBW1906,TEGLHOLM BRYGGE BADEZONE,0.1984,0.1899,0.2525,0.2525,0.2499,,middel
2026-09-29T19:17:18Z,2026-09-29T19:13:15Z,DKBW24,CHARLOTTENLUND STRANDPARK,0.0237,0.0778,0.2525,0.2525,0.2499,,middel
2026-09-29T19:17:18Z,2026-09-29T19:13:15Z,DKBW14,AMAGER SYDSTRAND,,,,,,all-stormwater,hoej
2026-09-29T19:17:18Z,2026-09-29T19:13:15Z,DKBW1526,"AMAGER STRANDPARK, ØRESUND",0.19,0.1872,0.2525,0.2525,0.2499,,middel
2026-09-29T19:17:18Z,2026-09-29T19:13:15Z,DKBW1578,SLUSEHOLMEN HAVNEBAD,0.2074,0.1927,0.2525,0.2525,0.2499,,middel
2026-09-29T19:17:18Z,2026-09-29T19:13:15Z,DKBW1667,KALVEBOD BØLGE BADEZONE,0.1904,0.1873,0.2525,0.2525,0.2499,,middel
2026-09-29T19:17:18Z,2026-09-29T19:13:15Z,DKBW4,"KBS, UD FOR HYLDETANGEN",0.0418,0.0346,0.1405,0.1405,0.0422,,middel
2026-09-29T19:17:18Z,2026-09-29T19:13:15Z,DKBW1464,"VALLENSBÆK STRAND, VED SKRUBBEN",,,,,,all-stormwater,hoej
2026-09-29T19:17:18Z,2026-09-29T19:13:15Z,DKBW1590,LODSPARKEN,0.1772,0.183,0.2525,0.2525,0.2499,,middel
2026-09-29T19:17:18Z,2026-09-29T19:13:15Z,DKBW1593,TAARBÆK HAVN,0.0222,0.0181,0.2525,0.2525,0.2499,,middel
2026-09-29T19:17:18Z,2026-09-29T19:13:15Z,DKBW8,DRAGØR NORDSTRAND,0,0,0.2525,0.2525,0.2499,,middel
2026-09-29T19:17:18Z,2026-09-29T19:13:15Z,DKBW1904,STRANDEN VED VALBYPARKEN,0.1922,0.1879,0.2525,0.2525,0.2499,,middel
2026-09-29T19:17:18Z,2026-09-29T19:13:15Z,DKBW1913,HVIDOVRE HAVN,0.1779,0.1832,0.2525,0.2525,0.2499,,middel
2026-09-29T19:17:18Z,2026-09-29T19:13:15Z,DKBW32,FREDERIKSDAL FRIBAD,0.0896,0.0812,0.2459,0.2459,0.1037,,lav
2026-09-29T19:17:18Z,2026-09-29T19:13:15Z,DKBW1527,"AMAGER STRANDPARK, LAGUNEN",0.1928,0.1881,0.2525,0.2525,0.2499,,middel
2026-09-29T19:17:18Z,2026-09-29T19:13:15Z,DKBW1598,SYD FOR KASTRUP LYSTBÅDEHAVN,0,0,0.2525,0.2525,0.2499,,middel
2026-09-29T19:17:18Z,2026-09-29T19:13:15Z,DKBW1629,HALFDANSGADE BADEZONE,0.1938,0.1885,0.2525,0.2525,0.2499,,middel
2026-09-29T19:17:18Z,2026-09-29T19:13:15Z,DKBW1652,SKOVSHOVED HAVBAD,0.002,0.0047,0.2525,0.2525,0.2499,,middel
2026-09-29T19:17:18Z,2026-09-29T19:13:15Z,DKBW1656,SØNDRE REFSHALE BADEZONE,0.1658,0.179,0.2525,0.2525,0.2499,,middel
2026-09-29T19:17:18Z,2026-09-29T19:13:15Z,DKBW1891,SKOVSHOVED SYD,0.017,0.0672,0.2525,0.2525,0.2499,,middel
2026-09-29T19:17:18Z,2026-09-29T19:13:15Z,DKBW10,"DRAGØR SØBAD, NORD",0,0,0.2525,0.2525,0.2499,,middel
2026-09-29T19:17:18Z,2026-09-29T19:13:15Z,DKBW1528,FISKETORVET HAVNEBAD,0.1951,0.1889,0.2525,0.2525,0.2499,,middel
2026-09-29T19:17:18Z,2026-09-29T19:13:15Z,DKBW1520,"KASTRUP SØBAD, NORD FOR KASTRUP LYSTBÅDEHAVN",0.1969,0.1895,0.2525,0.2525,0.2499,,middel
2026-09-29T19:17:18Z,2026-09-29T19:13:15Z,DKBW1579,SVANEMØLLESTRANDEN,0.0482,0.0983,0.2525,0.2525,0.2499,,middel
2026-09-29T19:17:18Z,2026-09-29T19:13:15Z,DKBW1594,BOMBEGRUNDEN TAARBÆK,0.0011,0.0039,0.2525,0.2525,0.2499,,middel
2026-09-29T19:17:18Z,2026-09-29T19:13:15Z,DKBW1907,VANDTRAPPEN BADEZONE,0.2018,0.191,0.2525,0.2525,0.2499,,middel
2026-09-29T19:17:18Z,2026-09-29T19:13:15Z,DKBW1908,BYSKOVEN BADEZONE,0.1909,0.1875,0.2525,0.2525,0.2499,,middel
2026-09-29T19:17:18Z,2026-09-29T19:13:15Z,DKBW20,BELLEVUE STRAND,0.0013,0.0042,0.2525,0.2525,0.2499,,middel
2026-09-29T19:17:18Z,2026-09-29T19:13:15Z,DKBW1772,KVÆSTHUSBROEN,0.1766,0.1828,0.2525,0.2525,0.2499,,middel
2026-09-29T19:17:18Z,2026-09-29T19:13:15Z,DKBW1893,BADEANSTALT I VALLENSBÆK HAVN,,,,,,all-stormwater,hoej
2026-09-29T19:17:18Z,2026-09-29T19:13:15Z,DKBW26,HELLERUP STRAND,0.0331,0.0869,0.2525,0.2525,0.2499,,middel
2026-09-29T19:17:18Z,2026-09-29T19:13:15Z,DKBW1525,ISLANDS BRYGGE HAVNEBAD,0.1911,0.1876,0.2525,0.2525,0.2499,,middel
2026-09-29T19:17:18Z,2026-09-29T19:13:15Z,DKBW1624,HALVANDET BADEZONE,0.1604,0.1771,0.2525,0.2525,0.2499,,middel
2026-09-29T19:17:18Z,2026-09-29T19:13:15Z,DKBW1648,SANDKAJ BADEZONE,0.1492,0.1729,0.2525,0.2525,0.2499,,middel
2026-09-29T19:17:18Z,2026-09-29T19:13:15Z,DKBW1905,HAVNEGADE BADEZONE,0.1805,0.1841,0.2525,0.2525,0.2499,,middel
2026-09-29T19:17:18Z,2026-09-29T19:13:15Z,DKBW1640,HAVNEVIGEN BADEZONE,0.2054,0.1921,0.2525,0.2525,0.2499,,middel
2026-09-29T19:17:18Z,2026-09-29T19:13:15Z,DKBW18,VED KONGELUNDSKROEN,,,,,,all-stormwater,hoej
2026-09-29T19:17:18Z,2026-09-29T19:13:15Z,DKBW1896,LA BANCHINA BADEZONE,0.1666,0.1793,0.2525,0.2525,0.2499,,middel
2026-09-29T19:17:18Z,2026-09-29T19:13:15Z,DKBW1914,MOERTELRENDEN,0.1782,0.1833,0.2525,0.2525,0.2499,,middel
2026-09-29T19:17:18Z,2026-09-29T19:13:15Z,DKBW30,TAARBÆK SØBADEANSTALT,0.0221,0.0181,0.2525,0.2525,0.2499,,middel
2026-09-29T20:17:18Z,2026-09-29T20:13:14Z,DKBW16,SØVANG,,,,,,all-stormwater,hoej
2026-09-29T20:17:18Z,2026-09-29T20:13:14Z,DKBW1906,TEGLHOLM BRYGGE BADEZONE,0.2,0.1904,0.2525,0.2525,0.2499,,middel
2026-09-29T20:17:18Z,2026-09-29T20:13:14Z,DKBW24,CHARLOTTENLUND STRANDPARK,0.0238,0.0779,0.2525,0.2525,0.2499,,middel
2026-09-29T20:17:18Z,2026-09-29T20:13:14Z,DKBW14,AMAGER SYDSTRAND,,,,,,all-stormwater,hoej
2026-09-29T20:17:18Z,2026-09-29T20:13:14Z,DKBW1526,"AMAGER STRANDPARK, ØRESUND",0.1918,0.1878,0.2525,0.2525,0.2499,,middel
2026-09-29T20:17:18Z,2026-09-29T20:13:14Z,DKBW1578,SLUSEHOLMEN HAVNEBAD,0.2087,0.1931,0.2525,0.2525,0.2499,,middel
2026-09-29T20:17:18Z,2026-09-29T20:13:14Z,DKBW1667,KALVEBOD BØLGE BADEZONE,0.1922,0.1879,0.2525,0.2525,0.2499,,middel
2026-09-29T20:17:18Z,2026-09-29T20:13:14Z,DKBW4,"KBS, UD FOR HYLDETANGEN",0.0418,0.0346,0.1405,0.1405,0.0422,,middel
2026-09-29T20:17:18Z,2026-09-29T20:13:14Z,DKBW1464,"VALLENSBÆK STRAND, VED SKRUBBEN",,,,,,all-stormwater,hoej
2026-09-29T20:17:18Z,2026-09-29T20:13:14Z,DKBW1590,LODSPARKEN,0.1794,0.1837,0.2525,0.2525,0.2499,,middel
2026-09-29T20:17:18Z,2026-09-29T20:13:14Z,DKBW1593,TAARBÆK HAVN,0.0222,0.0181,0.2525,0.2525,0.2499,,middel
2026-09-29T20:17:18Z,2026-09-29T20:13:14Z,DKBW8,DRAGØR NORDSTRAND,0,0,0.2525,0.2525,0.2499,,middel
2026-09-29T20:17:18Z,2026-09-29T20:13:14Z,DKBW1904,STRANDEN VED VALBYPARKEN,0.194,0.1885,0.2525,0.2525,0.2499,,middel
2026-09-29T20:17:18Z,2026-09-29T20:13:14Z,DKBW1913,HVIDOVRE HAVN,0.18,0.1839,0.2525,0.2525,0.2499,,middel
2026-09-29T20:17:18Z,2026-09-29T20:13:14Z,DKBW32,FREDERIKSDAL FRIBAD,0.0896,0.0812,0.2459,0.2459,0.1037,,lav
2026-09-29T20:17:18Z,2026-09-29T20:13:14Z,DKBW1527,"AMAGER STRANDPARK, LAGUNEN",0.1945,0.1887,0.2525,0.2525,0.2499,,middel
2026-09-29T20:17:18Z,2026-09-29T20:13:14Z,DKBW1598,SYD FOR KASTRUP LYSTBÅDEHAVN,0,0,0.2525,0.2525,0.2499,,middel
2026-09-29T20:17:18Z,2026-09-29T20:13:14Z,DKBW1629,HALFDANSGADE BADEZONE,0.1955,0.189,0.2525,0.2525,0.2499,,middel
2026-09-29T20:17:18Z,2026-09-29T20:13:14Z,DKBW1652,SKOVSHOVED HAVBAD,0.002,0.0047,0.2525,0.2525,0.2499,,middel
2026-09-29T20:17:18Z,2026-09-29T20:13:14Z,DKBW1656,SØNDRE REFSHALE BADEZONE,0.1682,0.1799,0.2525,0.2525,0.2499,,middel
2026-09-29T20:17:18Z,2026-09-29T20:13:14Z,DKBW1891,SKOVSHOVED SYD,0.0174,0.0673,0.2525,0.2525,0.2499,,middel
2026-09-29T20:17:18Z,2026-09-29T20:13:14Z,DKBW10,"DRAGØR SØBAD, NORD",0,0,0.2525,0.2525,0.2499,,middel
2026-09-29T20:17:18Z,2026-09-29T20:13:14Z,DKBW1528,FISKETORVET HAVNEBAD,0.1968,0.1894,0.2525,0.2525,0.2499,,middel
2026-09-29T20:17:18Z,2026-09-29T20:13:14Z,DKBW1520,"KASTRUP SØBAD, NORD FOR KASTRUP LYSTBÅDEHAVN",0.1986,0.19,0.2525,0.2525,0.2499,,middel
2026-09-29T20:17:18Z,2026-09-29T20:13:14Z,DKBW1579,SVANEMØLLESTRANDEN,0.0483,0.0984,0.2525,0.2525,0.2499,,middel
2026-09-29T20:17:18Z,2026-09-29T20:13:14Z,DKBW1594,BOMBEGRUNDEN TAARBÆK,0.0011,0.0039,0.2525,0.2525,0.2499,,middel
2026-09-29T20:17:18Z,2026-09-29T20:13:14Z,DKBW1907,VANDTRAPPEN BADEZONE,0.2033,0.1915,0.2525,0.2525,0.2499,,middel
2026-09-29T20:17:18Z,2026-09-29T20:13:14Z,DKBW1908,BYSKOVEN BADEZONE,0.1927,0.1881,0.2525,0.2525,0.2499,,middel
2026-09-29T20:17:18Z,2026-09-29T20:13:14Z,DKBW20,BELLEVUE STRAND,0.0014,0.0042,0.2525,0.2525,0.2499,,middel
2026-09-29T20:17:18Z,2026-09-29T20:13:14Z,DKBW1772,KVÆSTHUSBROEN,0.1788,0.1835,0.2525,0.2525,0.2499,,middel
2026-09-29T20:17:18Z,2026-09-29T20:13:14Z,DKBW1893,BADEANSTALT I VALLENSBÆK HAVN,,,,,,all-stormwater,hoej
2026-09-29T20:17:18Z,2026-09-29T20:13:14Z,DKBW26,HELLERUP STRAND,0.0332,0.087,0.2525,0.2525,0.2499,,middel
2026-09-29T20:17:18Z,2026-09-29T20:13:14Z,DKBW1525,ISLANDS BRYGGE HAVNEBAD,0.1929,0.1882,0.2525,0.2525,0.2499,,middel
2026-09-29T20:17:18Z,2026-09-29T20:13:14Z,DKBW1624,HALVANDET BADEZONE,0.1629,0.178,0.2525,0.2525,0.2499,,middel
2026-09-29T20:17:18Z,2026-09-29T20:13:14Z,DKBW1648,SANDKAJ BADEZONE,0.1519,0.1739,0.2525,0.2525,0.2499,,middel
2026-09-29T20:17:18Z,2026-09-29T20:13:14Z,DKBW1905,HAVNEGADE BADEZONE,0.1825,0.1848,0.2525,0.2525,0.2499,,middel
2026-09-29T20:17:18Z,2026-09-29T20:13:14Z,DKBW1640,HAVNEVIGEN BADEZONE,0.2068,0.1925,0.2525,0.2525,0.2499,,middel
2026-09-29T20:17:18Z,2026-09-29T20:13:14Z,DKBW18,VED KONGELUNDSKROEN,,,,,,all-stormwater,hoej
2026-09-29T20:17:18Z,2026-09-29T20:13:14Z,DKBW1896,LA BANCHINA BADEZONE,0.169,0.1801,0.2525,0.2525,0.2499,,middel
2026-09-29T20:17:18Z,2026-09-29T20:13:14Z,DKBW1914,MOERTELRENDEN,0.1803,0.184,0.2525,0.2525,0.2499,,middel
2026-09-29T20:17:18Z,2026-09-29T20:13:14Z,DKBW30,TAARBÆK SØBADEANSTALT,0.0221,0.0181,0.2525,0.2525,0.2499,,middel
2026-09-29T21:17:17Z,2026-09-29T21:13:14Z,DKBW16,SØVANG,,,,,,all-stormwater,hoej
2026-09-29T21:17:17Z,2026-09-29T21:13:14Z,DKBW1906,TEGLHOLM BRYGGE BADEZONE,0.1952,0.1997,0.2525,0.2525,0.2713,,middel
2026-09-29T21:17:17Z,2026-09-29T21:13:14Z,DKBW24,CHARLOTTENLUND STRANDPARK,0.1661,0.1893,0.2525,0.2525,0.2713,,middel
2026-09-29T21:17:17Z,2026-09-29T21:13:14Z,DKBW14,AMAGER SYDSTRAND,,,,,,all-stormwater,hoej
2026-09-29T21:17:17Z,2026-09-29T21:13:14Z,DKBW1526,"AMAGER STRANDPARK, ØRESUND",0.0931,0.0903,0.2525,0.2525,0.2713,,middel
2026-09-29T21:17:17Z,2026-09-29T21:13:14Z,DKBW1578,SLUSEHOLMEN HAVNEBAD,0.1065,0.0944,0.2525,0.2525,0.2713,,hoej
2026-09-29T21:17:17Z,2026-09-29T21:13:14Z,DKBW1667,KALVEBOD BØLGE BADEZONE,0.2229,0.2086,0.2525,0.2525,0.2713,,middel
2026-09-29T21:17:17Z,2026-09-29T21:13:14Z,DKBW4,"KBS, UD FOR HYLDETANGEN",0.1688,0.2875,0.1405,0.2875,0.1705,,middel
2026-09-29T21:17:17Z,2026-09-29T21:13:14Z,DKBW1464,"VALLENSBÆK STRAND, VED SKRUBBEN",,,,,,all-stormwater,hoej
2026-09-29T21:17:17Z,2026-09-29T21:13:14Z,DKBW1590,LODSPARKEN,0.0877,0.0885,0.2525,0.2525,0.2713,,middel
2026-09-29T21:17:17Z,2026-09-29T21:13:14Z,DKBW1593,TAARBÆK HAVN,0.2527,0.2059,0.2525,0.2527,0.2713,,middel
2026-09-29T21:17:17Z,2026-09-29T21:13:14Z,DKBW8,DRAGØR NORDSTRAND,0,0,0.2525,0.2525,0.2713,,middel
2026-09-29T21:17:17Z,2026-09-29T21:13:14Z,DKBW1904,STRANDEN VED VALBYPARKEN,0.0963,0.0913,0.2525,0.2525,0.2713,,middel
2026-09-29T21:17:17Z,2026-09-29T21:13:14Z,DKBW1913,HVIDOVRE HAVN,0.0877,0.0885,0.2525,0.2525,0.2713,,middel
2026-09-29T21:17:17Z,2026-09-29T21:13:14Z,DKBW32,FREDERIKSDAL FRIBAD,0.1256,0.1068,0.2459,0.2459,0.1325,,middel
2026-09-29T21:17:17Z,2026-09-29T21:13:14Z,DKBW1527,"AMAGER STRANDPARK, LAGUNEN",0.0946,0.0908,0.2525,0.2525,0.2713,,middel
2026-09-29T21:17:17Z,2026-09-29T21:13:14Z,DKBW1598,SYD FOR KASTRUP LYSTBÅDEHAVN,0,0,0.2525,0.2525,0.2713,,middel
2026-09-29T21:17:17Z,2026-09-29T21:13:14Z,DKBW1629,HALFDANSGADE BADEZONE,0.2212,0.2081,0.2525,0.2525,0.2713,,middel
2026-09-29T21:17:17Z,2026-09-29T21:13:14Z,DKBW1652,SKOVSHOVED HAVBAD,0.0321,0.0481,0.2525,0.2525,0.2713,,middel
2026-09-29T21:17:17Z,2026-09-29T21:13:14Z,DKBW1656,SØNDRE REFSHALE BADEZONE,0.2339,0.212,0.2525,0.2525,0.2713,,hoej
2026-09-29T21:17:17Z,2026-09-29T21:13:14Z,DKBW1891,SKOVSHOVED SYD,0.1537,0.1845,0.2525,0.2525,0.2713,,middel
2026-09-29T21:17:17Z,2026-09-29T21:13:14Z,DKBW10,"DRAGØR SØBAD, NORD",0,0,0.2525,0.2525,0.2713,,middel
2026-09-29T21:17:17Z,2026-09-29T21:13:14Z,DKBW1528,FISKETORVET HAVNEBAD,0.2122,0.2052,0.2525,0.2525,0.2713,,middel
2026-09-29T21:17:17Z,2026-09-29T21:13:14Z,DKBW1520,"KASTRUP SØBAD, NORD FOR KASTRUP LYSTBÅDEHAVN",0.014,0.0133,0.2525,0.2525,0.2713,,middel
2026-09-29T21:17:17Z,2026-09-29T21:13:14Z,DKBW1579,SVANEMØLLESTRANDEN,0.1901,0.1979,0.2525,0.2525,0.2713,,middel
2026-09-29T21:17:17Z,2026-09-29T21:13:14Z,DKBW1594,BOMBEGRUNDEN TAARBÆK,0.0032,0.0348,0.2525,0.2525,0.2713,,middel
2026-09-29T21:17:17Z,2026-09-29T21:13:14Z,DKBW1907,VANDTRAPPEN BADEZONE,0.1036,0.0935,0.2525,0.2525,0.2713,,hoej
2026-09-29T21:17:17Z,2026-09-29T21:13:14Z,DKBW1908,BYSKOVEN BADEZONE,0.0136,0.0132,0.2525,0.2525,0.2713,,middel
2026-09-29T21:17:17Z,2026-09-29T21:13:14Z,DKBW20,BELLEVUE STRAND,0.0043,0.0384,0.2525,0.2525,0.2713,,middel
2026-09-29T21:17:17Z,2026-09-29T21:13:14Z,DKBW1772,KVÆSTHUSBROEN,0.2345,0.2121,0.2525,0.2525,0.2713,,hoej
2026-09-29T21:17:17Z,2026-09-29T21:13:14Z,DKBW1893,BADEANSTALT I VALLENSBÆK HAVN,,,,,,all-stormwater,hoej
2026-09-29T21:17:17Z,2026-09-29T21:13:14Z,DKBW26,HELLERUP STRAND,0.1762,0.193,0.2525,0.2525,0.2713,,middel
2026-09-29T21:17:17Z,2026-09-29T21:13:14Z,DKBW1525,ISLANDS BRYGGE HAVNEBAD,0.2242,0.209,0.2525,0.2525,0.2713,,middel
2026-09-29T21:17:17Z,2026-09-29T21:13:14Z,DKBW1624,HALVANDET BADEZONE,0.2276,0.2101,0.2525,0.2525,0.2713,,middel
2026-09-29T21:17:17Z,2026-09-29T21:13:14Z,DKBW1648,SANDKAJ BADEZONE,0.2095,0.2044,0.2525,0.2525,0.2713,,middel
2026-09-29T21:17:17Z,2026-09-29T21:13:14Z,DKBW1905,HAVNEGADE BADEZONE,0.2347,0.2122,0.2525,0.2525,0.2713,,hoej
2026-09-29T21:17:17Z,2026-09-29T21:13:14Z,DKBW1640,HAVNEVIGEN BADEZONE,0.1071,0.0946,0.2525,0.2525,0.2713,,hoej
2026-09-29T21:17:17Z,2026-09-29T21:13:14Z,DKBW18,VED KONGELUNDSKROEN,,,,,,all-stormwater,hoej
2026-09-29T21:17:17Z,2026-09-29T21:13:14Z,DKBW1896,LA BANCHINA BADEZONE,0.236,0.2126,0.2525,0.2525,0.2713,,hoej
2026-09-29T21:17:17Z,2026-09-29T21:13:14Z,DKBW1914,MOERTELRENDEN,0.0883,0.0887,0.2525,0.2525,0.2713,,middel
2026-09-29T21:17:17Z,2026-09-29T21:13:14Z,DKBW30,TAARBÆK SØBADEANSTALT,0.2517,0.2056,0.2525,0.2525,0.2713,,middel
2026-09-29T22:17:16Z,2026-09-29T22:13:14Z,DKBW16,SØVANG,,,,,,all-stormwater,hoej
2026-09-29T22:17:16Z,2026-09-29T22:13:14Z,DKBW1906,TEGLHOLM BRYGGE BADEZONE,0.1944,0.1958,0.2525,0.2525,0.264,,middel
2026-09-29T22:17:16Z,2026-09-29T22:13:14Z,DKBW24,CHARLOTTENLUND STRANDPARK,0.1674,0.1864,0.2525,0.2525,0.264,,middel
2026-09-29T22:17:16Z,2026-09-29T22:13:14Z,DKBW14,AMAGER SYDSTRAND,,,,,,all-stormwater,hoej
2026-09-29T22:17:16Z,2026-09-29T22:13:14Z,DKBW1526,"AMAGER STRANDPARK, ØRESUND",0.092,0.0882,0.2525,0.2525,0.264,,middel
2026-09-29T22:17:16Z,2026-09-29T22:13:14Z,DKBW1578,SLUSEHOLMEN HAVNEBAD,0.1042,0.0919,0.2525,0.2525,0.264,,hoej
2026-09-29T22:17:16Z,2026-09-29T22:13:14Z,DKBW1667,KALVEBOD BØLGE BADEZONE,0.2199,0.2039,0.2525,0.2525,0.264,,middel
2026-09-29T22:17:16Z,2026-09-29T22:13:14Z,DKBW4,"KBS, UD FOR HYLDETANGEN",0.164,0.2829,0.1405,0.2829,0.1656,,middel
2026-09-29T22:17:16Z,2026-09-29T22:13:14Z,DKBW1464,"VALLENSBÆK STRAND, VED SKRUBBEN",,,,,,all-stormwater,hoej
2026-09-29T22:17:16Z,2026-09-29T22:13:14Z,DKBW1590,LODSPARKEN,0.087,0.0866,0.2525,0.2525,0.264,,middel
2026-09-29T22:17:16Z,2026-09-29T22:13:14Z,DKBW1593,TAARBÆK HAVN,0.2458,0.2003,0.2525,0.2525,0.264,,middel
2026-09-29T22:17:16Z,2026-09-29T22:13:14Z,DKBW8,DRAGØR NORDSTRAND,0,0,0.2525,0.2525,0.264,,middel
2026-09-29T22:17:16Z,2026-09-29T22:13:14Z,DKBW1904,STRANDEN VED VALBYPARKEN,0.0949,0.0891,0.2525,0.2525,0.264,,middel
2026-09-29T22:17:16Z,2026-09-29T22:13:14Z,DKBW1913,HVIDOVRE HAVN,0.087,0.0866,0.2525,0.2525,0.264,,middel
2026-09-29T22:17:16Z,2026-09-29T22:13:14Z,DKBW32,FREDERIKSDAL FRIBAD,0.1471,0.1296,0.2459,0.2459,0.1647,,lav
2026-09-29T22:17:16Z,2026-09-29T22:13:14Z,DKBW1527,"AMAGER STRANDPARK, LAGUNEN",0.0934,0.0886,0.2525,0.2525,0.264,,middel
2026-09-29T22:17:16Z,2026-09-29T22:13:14Z,DKBW1598,SYD FOR KASTRUP LYSTBÅDEHAVN,0,0,0.2525,0.2525,0.264,,middel
2026-09-29T22:17:16Z,2026-09-29T22:13:14Z,DKBW1629,HALFDANSGADE BADEZONE,0.2184,0.2034,0.2525,0.2525,0.264,,middel
2026-09-29T22:17:16Z,2026-09-29T22:13:14Z,DKBW1652,SKOVSHOVED HAVBAD,0.0317,0.0473,0.2525,0.2525,0.264,,middel
2026-09-29T22:17:16Z,2026-09-29T22:13:14Z,DKBW1656,SØNDRE REFSHALE BADEZONE,0.23,0.207,0.2525,0.2525,0.264,,hoej
2026-09-29T22:17:16Z,2026-09-29T22:13:14Z,DKBW1891,SKOVSHOVED SYD,0.1557,0.182,0.2525,0.2525,0.264,,middel
2026-09-29T22:17:16Z,2026-09-29T22:13:14Z,DKBW10,"DRAGØR SØBAD, NORD",0,0,0.2525,0.2525,0.264,,middel
2026-09-29T22:17:16Z,2026-09-29T22:13:14Z,DKBW1528,FISKETORVET HAVNEBAD,0.2101,0.2009,0.2525,0.2525,0.264,,middel
2026-09-29T22:17:16Z,2026-09-29T22:13:14Z,DKBW1520,"KASTRUP SØBAD, NORD FOR KASTRUP LYSTBÅDEHAVN",0.0129,0.0121,0.2525,0.2525,0.264,,middel
2026-09-29T22:17:16Z,2026-09-29T22:13:14Z,DKBW1579,SVANEMØLLESTRANDEN,0.1897,0.1942,0.2525,0.2525,0.264,,middel
2026-09-29T22:17:16Z,2026-09-29T22:13:14Z,DKBW1594,BOMBEGRUNDEN TAARBÆK,0.0033,0.0344,0.2525,0.2525,0.264,,middel
2026-09-29T22:17:16Z,2026-09-29T22:13:14Z,DKBW1907,VANDTRAPPEN BADEZONE,0.1016,0.0911,0.2525,0.2525,0.264,,hoej
2026-09-29T22:17:16Z,2026-09-29T22:13:14Z,DKBW1908,BYSKOVEN BADEZONE,0.0125,0.012,0.2525,0.2525,0.264,,middel
2026-09-29T22:17:16Z,2026-09-29T22:13:14Z,DKBW20,BELLEVUE STRAND,0.0045,0.0379,0.2525,0.2525,0.264,,middel
2026-09-29T22:17:16Z,2026-09-29T22:13:14Z,DKBW1772,KVÆSTHUSBROEN,0.2306,0.2071,0.2525,0.2525,0.264,,hoej
2026-09-29T22:17:16Z,2026-09-29T22:13:14Z,DKBW1893,BADEANSTALT I VALLENSBÆK HAVN,,,,,,all-stormwater,hoej
2026-09-29T22:17:16Z,2026-09-29T22:13:14Z,DKBW26,HELLERUP STRAND,0.1767,0.1897,0.2525,0.2525,0.264,,middel
2026-09-29T22:17:16Z,2026-09-29T22:13:14Z,DKBW1525,ISLANDS BRYGGE HAVNEBAD,0.2211,0.2043,0.2525,0.2525,0.264,,middel
2026-09-29T22:17:16Z,2026-09-29T22:13:14Z,DKBW1624,HALVANDET BADEZONE,0.2243,0.2052,0.2525,0.2525,0.264,,middel
2026-09-29T22:17:16Z,2026-09-29T22:13:14Z,DKBW1648,SANDKAJ BADEZONE,0.2076,0.2001,0.2525,0.2525,0.264,,middel
2026-09-29T22:17:16Z,2026-09-29T22:13:14Z,DKBW1905,HAVNEGADE BADEZONE,0.2307,0.2072,0.2525,0.2525,0.264,,hoej
2026-09-29T22:17:16Z,2026-09-29T22:13:14Z,DKBW1640,HAVNEVIGEN BADEZONE,0.2082,0.2003,0.2525,0.2525,0.264,,middel
2026-09-29T22:17:16Z,2026-09-29T22:13:14Z,DKBW18,VED KONGELUNDSKROEN,,,,,,all-stormwater,hoej
2026-09-29T22:17:16Z,2026-09-29T22:13:14Z,DKBW1896,LA BANCHINA BADEZONE,0.2319,0.2075,0.2525,0.2525,0.264,,hoej
2026-09-29T22:17:16Z,2026-09-29T22:13:14Z,DKBW1914,MOERTELRENDEN,0.0876,0.0868,0.2525,0.2525,0.264,,middel
2026-09-29T22:17:16Z,2026-09-29T22:13:14Z,DKBW30,TAARBÆK SØBADEANSTALT,0.2448,0.2,0.2525,0.2525,0.264,,middel
2026-09-29T23:00:00Z,2026-09-29T22:58:14Z,DKBW16,SØVANG,,,,,,all-stormwater,hoej
2026-09-29T23:00:00Z,2026-09-29T22:58:14Z,DKBW1906,TEGLHOLM BRYGGE BADEZONE,0.1948,0.1959,0.2525,0.2525,0.264,,middel
2026-09-29T23:00:00Z,2026-09-29T22:58:14Z,DKBW24,CHARLOTTENLUND STRANDPARK,0.1678,0.1865,0.2525,0.2525,0.264,,middel
2026-09-29T23:00:00Z,2026-09-29T22:58:14Z,DKBW14,AMAGER SYDSTRAND,,,,,,all-stormwater,hoej
2026-09-29T23:00:00Z,2026-09-29T22:58:14Z,DKBW1526,"AMAGER STRANDPARK, ØRESUND",0.0125,0.012,0.2525,0.2525,0.264,,middel
2026-09-29T23:00:00Z,2026-09-29T22:58:14Z,DKBW1578,SLUSEHOLMEN HAVNEBAD,0.1042,0.0919,0.2525,0.2525,0.264,,hoej
2026-09-29T23:00:00Z,2026-09-29T22:58:14Z,DKBW1667,KALVEBOD BØLGE BADEZONE,0.2202,0.204,0.2525,0.2525,0.264,,middel
2026-09-29T23:00:00Z,2026-09-29T22:58:14Z,DKBW4,"KBS, UD FOR HYLDETANGEN",0.164,0.2829,0.1405,0.2829,0.1656,,middel
2026-09-29T23:00:00Z,2026-09-29T22:58:14Z,DKBW1464,"VALLENSBÆK STRAND, VED SKRUBBEN",,,,,,all-stormwater,hoej
2026-09-29T23:00:00Z,2026-09-29T22:58:14Z,DKBW1590,LODSPARKEN,0.0871,0.0866,0.2525,0.2525,0.264,,middel
2026-09-29T23:00:00Z,2026-09-29T22:58:14Z,DKBW1593,TAARBÆK HAVN,0.2458,0.2003,0.2525,0.2525,0.264,,middel
2026-09-29T23:00:00Z,2026-09-29T22:58:14Z,DKBW8,DRAGØR NORDSTRAND,0,0,0.2525,0.2525,0.264,,middel
2026-09-29T23:00:00Z,2026-09-29T22:58:14Z,DKBW1904,STRANDEN VED VALBYPARKEN,0.095,0.0891,0.2525,0.2525,0.264,,middel
2026-09-29T23:00:00Z,2026-09-29T22:58:14Z,DKBW1913,HVIDOVRE HAVN,0.0872,0.0866,0.2525,0.2525,0.264,,middel
2026-09-29T23:00:00Z,2026-09-29T22:58:14Z,DKBW32,FREDERIKSDAL FRIBAD,0.1471,0.1296,0.2459,0.2459,0.1647,,lav
2026-09-29T23:00:00Z,2026-09-29T22:58:14Z,DKBW1527,"AMAGER STRANDPARK, LAGUNEN",0.0935,0.0887,0.2525,0.2525,0.264,,middel
2026-09-29T23:00:00Z,2026-09-29T22:58:14Z,DKBW1598,SYD FOR KASTRUP LYSTBÅDEHAVN,0,0,0.2525,0.2525,0.264,,middel
2026-09-29T23:00:00Z,2026-09-29T22:58:14Z,DKBW1629,HALFDANSGADE BADEZONE,0.2186,0.2035,0.2525,0.2525,0.264,,middel
2026-09-29T23:00:00Z,2026-09-29T22:58:14Z,DKBW1652,SKOVSHOVED HAVBAD,0.0318,0.0477,0.2525,0.2525,0.264,,middel
2026-09-29T23:00:00Z,2026-09-29T22:58:14Z,DKBW1656,SØNDRE REFSHALE BADEZONE,0.2302,0.207,0.2525,0.2525,0.264,,hoej
2026-09-29T23:00:00Z,2026-09-29T22:58:14Z,DKBW1891,SKOVSHOVED SYD,0.1562,0.1822,0.2525,0.2525,0.264,,middel
2026-09-29T23:00:00Z,2026-09-29T22:58:14Z,DKBW10,"DRAGØR SØBAD, NORD",0,0,0.2525,0.2525,0.264,,middel
2026-09-29T23:00:00Z,2026-09-29T22:58:14Z,DKBW1528,FISKETORVET HAVNEBAD,0.2104,0.2009,0.2525,0.2525,0.264,,middel
2026-09-29T23:00:00Z,2026-09-29T22:58:14Z,DKBW1520,"KASTRUP SØBAD, NORD FOR KASTRUP LYSTBÅDEHAVN",0,0,0.2525,0.2525,0.264,,hoej
2026-09-29T23:00:00Z,2026-09-29T22:58:14Z,DKBW1579,SVANEMØLLESTRANDEN,0.1901,0.1943,0.2525,0.2525,0.264,,middel
2026-09-29T23:00:00Z,2026-09-29T22:58:14Z,DKBW1594,BOMBEGRUNDEN TAARBÆK,0.0034,0.0348,0.2525,0.2525,0.264,,middel
2026-09-29T23:00:00Z,2026-09-29T22:58:14Z,DKBW1907,VANDTRAPPEN BADEZONE,0.1937,0.1956,0.2525,0.2525,0.264,,middel
2026-09-29T23:00:00Z,2026-09-29T22:58:14Z,DKBW1908,BYSKOVEN BADEZONE,0.0125,0.012,0.2525,0.2525,0.264,,middel
2026-09-29T23:00:00Z,2026-09-29T22:58:14Z,DKBW20,BELLEVUE STRAND,0.0046,0.0384,0.2525,0.2525,0.264,,middel
2026-09-29T23:00:00Z,2026-09-29T22:58:14Z,DKBW1772,KVÆSTHUSBROEN,0.2308,0.2072,0.2525,0.2525,0.264,,hoej
2026-09-29T23:00:00Z,2026-09-29T22:58:14Z,DKBW1893,BADEANSTALT I VALLENSBÆK HAVN,,,,,,all-stormwater,hoej
2026-09-29T23:00:00Z,2026-09-29T22:58:14Z,DKBW26,HELLERUP STRAND,0.1772,0.1899,0.2525,0.2525,0.264,,middel
2026-09-29T23:00:00Z,2026-09-29T22:58:14Z,DKBW1525,ISLANDS BRYGGE HAVNEBAD,0.2214,0.2044,0.2525,0.2525,0.264,,middel
2026-09-29T23:00:00Z,2026-09-29T22:58:14Z,DKBW1624,HALVANDET BADEZONE,0.2245,0.2053,0.2525,0.2525,0.264,,middel
2026-09-29T23:00:00Z,2026-09-29T22:58:14Z,DKBW1648,SANDKAJ BADEZONE,0.2079,0.2002,0.2525,0.2525,0.264,,middel
2026-09-29T23:00:00Z,2026-09-29T22:58:14Z,DKBW1905,HAVNEGADE BADEZONE,0.2309,0.2072,0.2525,0.2525,0.264,,hoej
2026-09-29T23:00:00Z,2026-09-29T22:58:14Z,DKBW1640,HAVNEVIGEN BADEZONE,0.2085,0.2003,0.2525,0.2525,0.264,,middel
2026-09-29T23:00:00Z,2026-09-29T22:58:14Z,DKBW18,VED KONGELUNDSKROEN,,,,,,all-stormwater,hoej
2026-09-29T23:00:00Z,2026-09-29T22:58:14Z,DKBW1896,LA BANCHINA BADEZONE,0.2321,0.2076,0.2525,0.2525,0.264,,hoej
2026-09-29T23:00:00Z,2026-09-29T22:58:14Z,DKBW1914,MOERTELRENDEN,0.0877,0.0868,0.2525,0.2525,0.264,,middel
2026-09-29T23:00:00Z,2026-09-29T22:58:14Z,DKBW30,TAARBÆK SØBADEANSTALT,0.2448,0.2,0.2525,0.2525,0.264,,middel
2026-09-29T23:17:19Z,2026-09-29T23:13:14Z,DKBW16,SØVANG,,,,,,all-stormwater,hoej
2026-09-29T23:17:19Z,2026-09-29T23:13:14Z,DKBW1906,TEGLHOLM BRYGGE BADEZONE,0.204,0.1917,0.2525,0.2525,0.2499,,middel
2026-09-29T23:17:19Z,2026-09-29T23:13:14Z,DKBW24,CHARLOTTENLUND STRANDPARK,0.0196,0.0467,0.2525,0.2525,0.2499,,middel
2026-09-29T23:17:19Z,2026-09-29T23:13:14Z,DKBW14,AMAGER SYDSTRAND,,,,,,all-stormwater,hoej
2026-09-29T23:17:19Z,2026-09-29T23:13:14Z,DKBW1526,"AMAGER STRANDPARK, ØRESUND",0.1963,0.1893,0.2525,0.2525,0.2499,,middel
2026-09-29T23:17:19Z,2026-09-29T23:13:14Z,DKBW1578,SLUSEHOLMEN HAVNEBAD,0.2121,0.1942,0.2525,0.2525,0.2499,,middel
2026-09-29T23:17:19Z,2026-09-29T23:13:14Z,DKBW1667,KALVEBOD BØLGE BADEZONE,0.1967,0.1894,0.2525,0.2525,0.2499,,middel
2026-09-29T23:17:19Z,2026-09-29T23:13:14Z,DKBW4,"KBS, UD FOR HYLDETANGEN",0.0418,0.0346,0.1405,0.1405,0.0422,,middel
2026-09-29T23:17:19Z,2026-09-29T23:13:14Z,DKBW1464,"VALLENSBÆK STRAND, VED SKRUBBEN",,,,,,all-stormwater,hoej
2026-09-29T23:17:19Z,2026-09-29T23:13:14Z,DKBW1590,LODSPARKEN,0.1847,0.1855,0.2525,0.2525,0.2499,,middel
2026-09-29T23:17:19Z,2026-09-29T23:13:14Z,DKBW1593,TAARBÆK HAVN,0.0222,0.0181,0.2525,0.2525,0.2499,,middel
2026-09-29T23:17:19Z,2026-09-29T23:13:14Z,DKBW8,DRAGØR NORDSTRAND,0,0,0.2525,0.2525,0.2499,,middel
2026-09-29T23:17:19Z,2026-09-29T23:13:14Z,DKBW1904,STRANDEN VED VALBYPARKEN,0.1984,0.1899,0.2525,0.2525,0.2499,,middel
2026-09-29T23:17:19Z,2026-09-29T23:13:14Z,DKBW1913,HVIDOVRE HAVN,0.1853,0.1857,0.2525,0.2525,0.2499,,middel
2026-09-29T23:17:19Z,2026-09-29T23:13:14Z,DKBW32,FREDERIKSDAL FRIBAD,0.0896,0.0812,0.2459,0.2459,0.1037,,lav
2026-09-29T23:17:19Z,2026-09-29T23:13:14Z,DKBW1527,"AMAGER STRANDPARK, LAGUNEN",0.1989,0.1901,0.2525,0.2525,0.2499,,middel
2026-09-29T23:17:19Z,2026-09-29T23:13:14Z,DKBW1598,SYD FOR KASTRUP LYSTBÅDEHAVN,0,0,0.2525,0.2525,0.2499,,middel
2026-09-29T23:17:19Z,2026-09-29T23:13:14Z,DKBW1629,HALFDANSGADE BADEZONE,0.1998,0.1904,0.2525,0.2525,0.2499,,middel
2026-09-29T23:17:19Z,2026-09-29T23:13:14Z,DKBW1652,SKOVSHOVED HAVBAD,0.0017,0.0032,0.2525,0.2525,0.2499,,middel
2026-09-29T23:17:19Z,2026-09-29T23:13:14Z,DKBW1656,SØNDRE REFSHALE BADEZONE,0.1742,0.182,0.2525,0.2525,0.2499,,middel
2026-09-29T23:17:19Z,2026-09-29T23:13:14Z,DKBW1891,SKOVSHOVED SYD,0.0183,0.0361,0.2525,0.2525,0.2499,,middel
2026-09-29T23:17:19Z,2026-09-29T23:13:14Z,DKBW10,"DRAGØR SØBAD, NORD",0,0,0.2525,0.2525,0.2499,,middel
2026-09-29T23:17:19Z,2026-09-29T23:13:14Z,DKBW1528,FISKETORVET HAVNEBAD,0.201,0.1907,0.2525,0.2525,0.2499,,middel
2026-09-29T23:17:19Z,2026-09-29T23:13:14Z,DKBW1520,"KASTRUP SØBAD, NORD FOR KASTRUP LYSTBÅDEHAVN",0,0,0.2525,0.2525,0.2499,,hoej
2026-09-29T23:17:19Z,2026-09-29T23:13:14Z,DKBW1579,SVANEMØLLESTRANDEN,0.0222,0.0702,0.2525,0.2525,0.2499,,middel
2026-09-29T23:17:19Z,2026-09-29T23:13:14Z,DKBW1594,BOMBEGRUNDEN TAARBÆK,0.0002,0.0023,0.2525,0.2525,0.2499,,middel
2026-09-29T23:17:19Z,2026-09-29T23:13:14Z,DKBW1907,VANDTRAPPEN BADEZONE,0.2071,0.1926,0.2525,0.2525,0.2499,,middel
2026-09-29T23:17:19Z,2026-09-29T23:13:14Z,DKBW1908,BYSKOVEN BADEZONE,0.1972,0.1895,0.2525,0.2525,0.2499,,middel
2026-09-29T23:17:19Z,2026-09-29T23:13:14Z,DKBW20,BELLEVUE STRAND,0.0003,0.0025,0.2525,0.2525,0.2499,,middel
2026-09-29T23:17:19Z,2026-09-29T23:13:14Z,DKBW1772,KVÆSTHUSBROEN,0.1842,0.1853,0.2525,0.2525,0.2499,,middel
2026-09-29T23:17:19Z,2026-09-29T23:13:14Z,DKBW1893,BADEANSTALT I VALLENSBÆK HAVN,,,,,,all-stormwater,hoej
2026-09-29T23:17:19Z,2026-09-29T23:13:14Z,DKBW26,HELLERUP STRAND,0.0207,0.0566,0.2525,0.2525,0.2499,,middel
2026-09-29T23:17:19Z,2026-09-29T23:13:14Z,DKBW1525,ISLANDS BRYGGE HAVNEBAD,0.1974,0.1896,0.2525,0.2525,0.2499,,middel
2026-09-29T23:17:19Z,2026-09-29T23:13:14Z,DKBW1624,HALVANDET BADEZONE,0.1692,0.1802,0.2525,0.2525,0.2499,,middel
2026-09-29T23:17:19Z,2026-09-29T23:13:14Z,DKBW1648,SANDKAJ BADEZONE,0.1587,0.1764,0.2525,0.2525,0.2499,,middel
2026-09-29T23:17:19Z,2026-09-29T23:13:14Z,DKBW1905,HAVNEGADE BADEZONE,0.1877,0.1865,0.2525,0.2525,0.2499,,middel
2026-09-29T23:17:19Z,2026-09-29T23:13:14Z,DKBW1640,HAVNEVIGEN BADEZONE,0.2103,0.1936,0.2525,0.2525,0.2499,,middel
2026-09-29T23:17:19Z,2026-09-29T23:13:14Z,DKBW18,VED KONGELUNDSKROEN,,,,,,all-stormwater,hoej
2026-09-29T23:17:19Z,2026-09-29T23:13:14Z,DKBW1896,LA BANCHINA BADEZONE,0.175,0.1822,0.2525,0.2525,0.2499,,middel
2026-09-29T23:17:19Z,2026-09-29T23:13:14Z,DKBW1914,MOERTELRENDEN,0.1856,0.1858,0.2525,0.2525,0.2499,,middel
2026-09-29T23:17:19Z,2026-09-29T23:13:14Z,DKBW30,TAARBÆK SØBADEANSTALT,0.0221,0.0181,0.2525,0.2525,0.2499,,middel
2026-09-30T00:17:17Z,2026-09-30T00:13:14Z,DKBW16,SØVANG,,,,,,all-stormwater,hoej
2026-09-30T00:17:17Z,2026-09-30T00:13:14Z,DKBW1906,TEGLHOLM BRYGGE BADEZONE,0.1823,0.1848,0.2525,0.2525,0.2499,,middel
2026-09-30T00:17:17Z,2026-09-30T00:13:14Z,DKBW24,CHARLOTTENLUND STRANDPARK,0.1563,0.1756,0.2525,0.2525,0.2499,,middel
2026-09-30T00:17:17Z,2026-09-30T00:13:14Z,DKBW14,AMAGER SYDSTRAND,,,,,,all-stormwater,hoej
2026-09-30T00:17:17Z,2026-09-30T00:13:14Z,DKBW1526,"AMAGER STRANDPARK, ØRESUND",0.0099,0.0096,0.2525,0.2525,0.2499,,middel
2026-09-30T00:17:17Z,2026-09-30T00:13:14Z,DKBW1578,SLUSEHOLMEN HAVNEBAD,0.0978,0.0865,0.2525,0.2525,0.2499,,hoej
2026-09-30T00:17:17Z,2026-09-30T00:13:14Z,DKBW1667,KALVEBOD BØLGE BADEZONE,0.207,0.1927,0.2525,0.2525,0.2499,,middel
2026-09-30T00:17:17Z,2026-09-30T00:13:14Z,DKBW4,"KBS, UD FOR HYLDETANGEN",0,0,0.1405,0.1405,0,,lav
2026-09-30T00:17:17Z,2026-09-30T00:13:14Z,DKBW1464,"VALLENSBÆK STRAND, VED SKRUBBEN",,,,,,all-stormwater,hoej
2026-09-30T00:17:17Z,2026-09-30T00:13:14Z,DKBW1590,LODSPARKEN,0.0813,0.0813,0.2525,0.2525,0.2499,,middel
2026-09-30T00:17:17Z,2026-09-30T00:13:14Z,DKBW1593,TAARBÆK HAVN,0.2324,0.1893,0.2525,0.2525,0.2499,,middel
2026-09-30T00:17:17Z,2026-09-30T00:13:14Z,DKBW8,DRAGØR NORDSTRAND,0,0,0.2525,0.2525,0.2499,,middel
2026-09-30T00:17:17Z,2026-09-30T00:13:14Z,DKBW1904,STRANDEN VED VALBYPARKEN,0.0889,0.0838,0.2525,0.2525,0.2499,,middel
2026-09-30T00:17:17Z,2026-09-30T00:13:14Z,DKBW1913,HVIDOVRE HAVN,0.0813,0.0813,0.2525,0.2525,0.2499,,middel
2026-09-30T00:17:17Z,2026-09-30T00:13:14Z,DKBW32,FREDERIKSDAL FRIBAD,0.2287,0.2014,0.2459,0.2459,0.2559,,lav
2026-09-30T00:17:17Z,2026-09-30T00:13:14Z,DKBW1527,"AMAGER STRANDPARK, LAGUNEN",0.0874,0.0833,0.2525,0.2525,0.2499,,middel
2026-09-30T00:17:17Z,2026-09-30T00:13:14Z,DKBW1598,SYD FOR KASTRUP LYSTBÅDEHAVN,0,0,0.2525,0.2525,0.2499,,middel
2026-09-30T00:17:17Z,2026-09-30T00:13:14Z,DKBW1629,HALFDANSGADE BADEZONE,0.2055,0.1922,0.2525,0.2525,0.2499,,middel
2026-09-30T00:17:17Z,2026-09-30T00:13:14Z,DKBW1652,SKOVSHOVED HAVBAD,0.0118,0.0397,0.2525,0.2525,0.2499,,middel
2026-09-30T00:17:17Z,2026-09-30T00:13:14Z,DKBW1656,SØNDRE REFSHALE BADEZONE,0.2168,0.1956,0.2525,0.2525,0.2499,,hoej
2026-09-30T00:17:17Z,2026-09-30T00:13:14Z,DKBW1891,SKOVSHOVED SYD,0.1451,0.1713,0.2525,0.2525,0.2499,,middel
2026-09-30T00:17:17Z,2026-09-30T00:13:14Z,DKBW10,"DRAGØR SØBAD, NORD",0,0,0.2525,0.2525,0.2499,,middel
2026-09-30T00:17:17Z,2026-09-30T00:13:14Z,DKBW1528,FISKETORVET HAVNEBAD,0.1975,0.1897,0.2525,0.2525,0.2499,,middel
2026-09-30T00:17:17Z,2026-09-30T00:13:14Z,DKBW1520,"KASTRUP SØBAD, NORD FOR KASTRUP LYSTBÅDEHAVN",0,0,0.2525,0.2525,0.2499,,hoej
2026-09-30T00:17:17Z,2026-09-30T00:13:14Z,DKBW1579,SVANEMØLLESTRANDEN,0.1778,0.1832,0.2525,0.2525,0.2499,,middel
2026-09-30T00:17:17Z,2026-09-30T00:13:14Z,DKBW1594,BOMBEGRUNDEN TAARBÆK,0.002,0.0278,0.2525,0.2525,0.2499,,middel
2026-09-30T00:17:17Z,2026-09-30T00:13:14Z,DKBW1907,VANDTRAPPEN BADEZONE,0.1813,0.1844,0.2525,0.2525,0.2499,,middel
2026-09-30T00:17:17Z,2026-09-30T00:13:14Z,DKBW1908,BYSKOVEN BADEZONE,0.0099,0.0096,0.2525,0.2525,0.2499,,middel
2026-09-30T00:17:17Z,2026-09-30T00:13:14Z,DKBW20,BELLEVUE STRAND,0.0027,0.031,0.2525,0.2525,0.2499,,middel
2026-09-30T00:17:17Z,2026-09-30T00:13:14Z,DKBW1772,KVÆSTHUSBROEN,0.2174,0.1958,0.2525,0.2525,0.2499,,hoej
2026-09-30T00:17:17Z,2026-09-30T00:13:14Z,DKBW1893,BADEANSTALT I VALLENSBÆK HAVN,,,,,,all-stormwater,hoej
2026-09-30T00:17:17Z,2026-09-30T00:13:14Z,DKBW26,HELLERUP STRAND,0.1653,0.1789,0.2525,0.2525,0.2499,,middel
2026-09-30T00:17:17Z,2026-09-30T00:13:14Z,DKBW1525,ISLANDS BRYGGE HAVNEBAD,0.2082,0.193,0.2525,0.2525,0.2499,,middel
2026-09-30T00:17:17Z,2026-09-30T00:13:14Z,DKBW1624,HALVANDET BADEZONE,0.2113,0.194,0.2525,0.2525,0.2499,,middel
2026-09-30T00:17:17Z,2026-09-30T00:13:14Z,DKBW1648,SANDKAJ BADEZONE,0.1951,0.1889,0.2525,0.2525,0.2499,,middel
2026-09-30T00:17:17Z,2026-09-30T00:13:14Z,DKBW1905,HAVNEGADE BADEZONE,0.2175,0.1958,0.2525,0.2525,0.2499,,hoej
2026-09-30T00:17:17Z,2026-09-30T00:13:14Z,DKBW1640,HAVNEVIGEN BADEZONE,0.1957,0.1891,0.2525,0.2525,0.2499,,middel
2026-09-30T00:17:17Z,2026-09-30T00:13:14Z,DKBW18,VED KONGELUNDSKROEN,,,,,,all-stormwater,hoej
2026-09-30T00:17:17Z,2026-09-30T00:13:14Z,DKBW1896,LA BANCHINA BADEZONE,0.2186,0.1962,0.2525,0.2525,0.2499,,hoej
2026-09-30T00:17:17Z,2026-09-30T00:13:14Z,DKBW1914,MOERTELRENDEN,0.0818,0.0815,0.2525,0.2525,0.2499,,middel
2026-09-30T00:17:17Z,2026-09-30T00:13:14Z,DKBW30,TAARBÆK SØBADEANSTALT,0.2314,0.1891,0.2525,0.2525,0.2499,,middel
2026-09-30T01:17:16Z,2026-09-30T01:13:14Z,DKBW16,SØVANG,,,,,,all-stormwater,hoej
2026-09-30T01:17:16Z,2026-09-30T01:13:14Z,DKBW1906,TEGLHOLM BRYGGE BADEZONE,0.1768,0.1795,0.2539,0.2539,0.2431,,middel
2026-09-30T01:17:16Z,2026-09-30T01:13:14Z,DKBW24,CHARLOTTENLUND STRANDPARK,0.1513,0.1705,0.2539,0.2539,0.2431,,middel
2026-09-30T01:17:16Z,2026-09-30T01:13:14Z,DKBW14,AMAGER SYDSTRAND,,,,,,all-stormwater,hoej
2026-09-30T01:17:16Z,2026-09-30T01:13:14Z,DKBW1526,"AMAGER STRANDPARK, ØRESUND",0.0833,0.0804,0.2539,0.2539,0.2431,,middel
2026-09-30T01:17:16Z,2026-09-30T01:13:14Z,DKBW1578,SLUSEHOLMEN HAVNEBAD,0.0948,0.0839,0.2539,0.2539,0.2431,,hoej
2026-09-30T01:17:16Z,2026-09-30T01:13:14Z,DKBW1667,KALVEBOD BØLGE BADEZONE,0.201,0.1873,0.2539,0.2539,0.2431,,middel
2026-09-30T01:17:16Z,2026-09-30T01:13:14Z,DKBW4,"KBS, UD FOR HYLDETANGEN",0.1503,0.2696,0.1504,0.2696,0.1518,,middel
2026-09-30T01:17:16Z,2026-09-30T01:13:14Z,DKBW1464,"VALLENSBÆK STRAND, VED SKRUBBEN",,,,,,all-stormwater,hoej
2026-09-30T01:17:16Z,2026-09-30T01:13:14Z,DKBW1590,LODSPARKEN,0.0786,0.0788,0.2539,0.2539,0.2431,,middel
2026-09-30T01:17:16Z,2026-09-30T01:13:14Z,DKBW1593,TAARBÆK HAVN,0.2259,0.1841,0.2539,0.2539,0.2431,,middel
2026-09-30T01:17:16Z,2026-09-30T01:13:14Z,DKBW8,DRAGØR NORDSTRAND,0,0,0.2539,0.2539,0.2431,,middel
2026-09-30T01:17:16Z,2026-09-30T01:13:14Z,DKBW1904,STRANDEN VED VALBYPARKEN,0.086,0.0812,0.2539,0.2539,0.2431,,middel
2026-09-30T01:17:16Z,2026-09-30T01:13:14Z,DKBW1913,HVIDOVRE HAVN,0.0786,0.0788,0.2539,0.2539,0.2431,,middel
2026-09-30T01:17:16Z,2026-09-30T01:13:14Z,DKBW32,FREDERIKSDAL FRIBAD,0.2685,0.2366,0.244,0.2685,0.3005,,lav
2026-09-30T01:17:16Z,2026-09-30T01:13:14Z,DKBW1527,"AMAGER STRANDPARK, LAGUNEN",0.0846,0.0808,0.2539,0.2539,0.2431,,middel
2026-09-30T01:17:16Z,2026-09-30T01:13:14Z,DKBW1598,SYD FOR KASTRUP LYSTBÅDEHAVN,0,0,0.2539,0.2539,0.2431,,middel
2026-09-30T01:17:16Z,2026-09-30T01:13:14Z,DKBW1629,HALFDANSGADE BADEZONE,0.1995,0.1868,0.2539,0.2539,0.2431,,middel
2026-09-30T01:17:16Z,2026-09-30T01:13:14Z,DKBW1652,SKOVSHOVED HAVBAD,0.0268,0.037,0.2539,0.2539,0.2431,,middel
2026-09-30T01:17:16Z,2026-09-30T01:13:14Z,DKBW1656,SØNDRE REFSHALE BADEZONE,0.2106,0.1902,0.2539,0.2539,0.2431,,hoej
2026-09-30T01:17:16Z,2026-09-30T01:13:14Z,DKBW1891,SKOVSHOVED SYD,0.1403,0.1664,0.2539,0.2539,0.2431,,middel
2026-09-30T01:17:16Z,2026-09-30T01:13:14Z,DKBW10,"DRAGØR SØBAD, NORD",0,0,0.2539,0.2539,0.2431,,middel
2026-09-30T01:17:16Z,2026-09-30T01:13:14Z,DKBW1528,FISKETORVET HAVNEBAD,0.1916,0.1844,0.2539,0.2539,0.2431,,middel
2026-09-30T01:17:16Z,2026-09-30T01:13:14Z,DKBW1520,"KASTRUP SØBAD, NORD FOR KASTRUP LYSTBÅDEHAVN",0.0089,0.0085,0.2539,0.2539,0.2431,,middel
2026-09-30T01:17:16Z,2026-09-30T01:13:14Z,DKBW1579,SVANEMØLLESTRANDEN,0.1723,0.178,0.2539,0.2539,0.2431,,middel
2026-09-30T01:17:16Z,2026-09-30T01:13:14Z,DKBW1594,BOMBEGRUNDEN TAARBÆK,0.0016,0.0255,0.2539,0.2539,0.2431,,middel
2026-09-30T01:17:16Z,2026-09-30T01:13:14Z,DKBW1907,VANDTRAPPEN BADEZONE,0.1758,0.1792,0.2539,0.2539,0.2431,,middel
2026-09-30T01:17:16Z,2026-09-30T01:13:14Z,DKBW1908,BYSKOVEN BADEZONE,0.0087,0.0084,0.2539,0.2539,0.2431,,middel
2026-09-30T01:17:16Z,2026-09-30T01:13:14Z,DKBW20,BELLEVUE STRAND,0.0023,0.0286,0.2539,0.2539,0.2431,,middel
2026-09-30T01:17:16Z,2026-09-30T01:13:14Z,DKBW1772,KVÆSTHUSBROEN,0.2111,0.1904,0.2539,0.2539,0.2431,,hoej
2026-09-30T01:17:16Z,2026-09-30T01:13:14Z,DKBW1893,BADEANSTALT I VALLENSBÆK HAVN,,,,,,all-stormwater,hoej
2026-09-30T01:17:16Z,2026-09-30T01:13:14Z,DKBW26,HELLERUP STRAND,0.1601,0.1737,0.2539,0.2539,0.2431,,middel
2026-09-30T01:17:16Z,2026-09-30T01:13:14Z,DKBW1525,ISLANDS BRYGGE HAVNEBAD,0.2022,0.1877,0.2539,0.2539,0.2431,,middel
2026-09-30T01:17:16Z,2026-09-30T01:13:14Z,DKBW1624,HALVANDET BADEZONE,0.2051,0.1886,0.2539,0.2539,0.2431,,middel
2026-09-30T01:17:16Z,2026-09-30T01:13:14Z,DKBW1648,SANDKAJ BADEZONE,0.1893,0.1836,0.2539,0.2539,0.2431,,middel
2026-09-30T01:17:16Z,2026-09-30T01:13:14Z,DKBW1905,HAVNEGADE BADEZONE,0.2113,0.1904,0.2539,0.2539,0.2431,,hoej
2026-09-30T01:17:16Z,2026-09-30T01:13:14Z,DKBW1640,HAVNEVIGEN BADEZONE,0.1898,0.1838,0.2539,0.2539,0.2431,,middel
2026-09-30T01:17:16Z,2026-09-30T01:13:14Z,DKBW18,VED KONGELUNDSKROEN,,,,,,all-stormwater,hoej
2026-09-30T01:17:16Z,2026-09-30T01:13:14Z,DKBW1896,LA BANCHINA BADEZONE,0.2124,0.1907,0.2539,0.2539,0.2431,,hoej
2026-09-30T01:17:16Z,2026-09-30T01:13:14Z,DKBW1914,MOERTELRENDEN,0.0791,0.079,0.2539,0.2539,0.2431,,middel
2026-09-30T01:17:16Z,2026-09-30T01:13:14Z,DKBW30,TAARBÆK SØBADEANSTALT,0.225,0.1838,0.2539,0.2539,0.2431,,middel
2026-09-30T02:09:42Z,2026-09-30T01:58:14Z,DKBW16,SØVANG,,,,,,all-stormwater,hoej
2026-09-30T02:09:42Z,2026-09-30T01:58:14Z,DKBW1906,TEGLHOLM BRYGGE BADEZONE,0.1711,0.1617,0.2539,0.2539,0.2114,,middel
2026-09-30T02:09:42Z,2026-09-30T01:58:14Z,DKBW24,CHARLOTTENLUND STRANDPARK,0.0125,0.0251,0.2539,0.2539,0.2114,,middel
2026-09-30T02:09:42Z,2026-09-30T01:58:14Z,DKBW14,AMAGER SYDSTRAND,,,,,,all-stormwater,hoej
2026-09-30T02:09:42Z,2026-09-30T01:58:14Z,DKBW1526,"AMAGER STRANDPARK, ØRESUND",0.1644,0.1596,0.2539,0.2539,0.2114,,middel
2026-09-30T02:09:42Z,2026-09-30T01:58:14Z,DKBW1578,SLUSEHOLMEN HAVNEBAD,0.1782,0.1639,0.2539,0.2539,0.2114,,middel
2026-09-30T02:09:42Z,2026-09-30T01:58:14Z,DKBW1667,KALVEBOD BØLGE BADEZONE,0.1647,0.1597,0.2539,0.2539,0.2114,,middel
2026-09-30T02:09:42Z,2026-09-30T01:58:14Z,DKBW4,"KBS, UD FOR HYLDETANGEN",0.0306,0.0253,0.1504,0.1504,0.0309,,middel
2026-09-30T02:09:42Z,2026-09-30T01:58:14Z,DKBW1464,"VALLENSBÆK STRAND, VED SKRUBBEN",,,,,,all-stormwater,hoej
2026-09-30T02:09:42Z,2026-09-30T01:58:14Z,DKBW1590,LODSPARKEN,0.1543,0.1563,0.2539,0.2539,0.2114,,middel
2026-09-30T02:09:42Z,2026-09-30T01:58:14Z,DKBW1593,TAARBÆK HAVN,0.0116,0.0094,0.2539,0.2539,0.2114,,middel
2026-09-30T02:09:42Z,2026-09-30T01:58:14Z,DKBW8,DRAGØR NORDSTRAND,0,0,0.2539,0.2539,0.2114,,middel
2026-09-30T02:09:42Z,2026-09-30T01:58:14Z,DKBW1904,STRANDEN VED VALBYPARKEN,0.1662,0.1602,0.2539,0.2539,0.2114,,middel
2026-09-30T02:09:42Z,2026-09-30T01:58:14Z,DKBW1913,HVIDOVRE HAVN,0.1548,0.1564,0.2539,0.2539,0.2114,,middel
2026-09-30T02:09:42Z,2026-09-30T01:58:14Z,DKBW32,FREDERIKSDAL FRIBAD,0.0728,0.066,0.244,0.244,0.0843,,lav
2026-09-30T02:09:42Z,2026-09-30T01:58:14Z,DKBW1527,"AMAGER STRANDPARK, LAGUNEN",0.1666,0.1603,0.2539,0.2539,0.2114,,middel
2026-09-30T02:09:42Z,2026-09-30T01:58:14Z,DKBW1598,SYD FOR KASTRUP LYSTBÅDEHAVN,0,0,0.2539,0.2539,0.2114,,middel
2026-09-30T02:09:42Z,2026-09-30T01:58:14Z,DKBW1629,HALFDANSGADE BADEZONE,0.1674,0.1606,0.2539,0.2539,0.2114,,middel
2026-09-30T02:09:42Z,2026-09-30T01:58:14Z,DKBW1652,SKOVSHOVED HAVBAD,0.0,0.0002,0.2539,0.2539,0.2114,,middel
2026-09-30T02:09:42Z,2026-09-30T01:58:14Z,DKBW1656,SØNDRE REFSHALE BADEZONE,0.1451,0.1532,0.2539,0.2539,0.2114,,middel
2026-09-30T02:09:42Z,2026-09-30T01:58:14Z,DKBW1891,SKOVSHOVED SYD,0.0116,0.0177,0.2539,0.2539,0.2114,,middel
2026-09-30T02:09:42Z,2026-09-30T01:58:14Z,DKBW10,"DRAGØR SØBAD, NORD",0,0,0.2539,0.2539,0.2114,,middel
2026-09-30T02:09:42Z,2026-09-30T01:58:14Z,DKBW1528,FISKETORVET HAVNEBAD,0.1685,0.1609,0.2539,0.2539,0.2114,,middel
2026-09-30T02:09:42Z,2026-09-30T01:58:14Z,DKBW1520,"KASTRUP SØBAD, NORD FOR KASTRUP LYSTBÅDEHAVN",0.1699,0.1613,0.2539,0.2539,0.2114,,middel
2026-09-30T02:09:42Z,2026-09-30T01:58:14Z,DKBW1579,SVANEMØLLESTRANDEN,0.0142,0.0439,0.2539,0.2539,0.2114,,middel
2026-09-30T02:09:42Z,2026-09-30T01:58:14Z,DKBW1594,BOMBEGRUNDEN TAARBÆK,0.0,0.0001,0.2539,0.2539,0.2114,,middel
2026-09-30T02:09:42Z,2026-09-30T01:58:14Z,DKBW1907,VANDTRAPPEN BADEZONE,0.1738,0.1625,0.2539,0.2539,0.2114,,middel
2026-09-30T02:09:42Z,2026-09-30T01:58:14Z,DKBW1908,BYSKOVEN BADEZONE,0.1651,0.1598,0.2539,0.2539,0.2114,,middel
2026-09-30T02:09:42Z,2026-09-30T01:58:14Z,DKBW20,BELLEVUE STRAND,0.0,0.0002,0.2539,0.2539,0.2114,,middel
2026-09-30T02:09:42Z,2026-09-30T01:58:14Z,DKBW1772,KVÆSTHUSBROEN,0.1538,0.1561,0.2539,0.2539,0.2114,,middel
2026-09-30T02:09:42Z,2026-09-30T01:58:14Z,DKBW1893,BADEANSTALT I VALLENSBÆK HAVN,,,,,,all-stormwater,hoej
2026-09-30T02:09:42Z,2026-09-30T01:58:14Z,DKBW26,HELLERUP STRAND,0.0132,0.0327,0.2539,0.2539,0.2114,,middel
2026-09-30T02:09:42Z,2026-09-30T01:58:14Z,DKBW1525,ISLANDS BRYGGE HAVNEBAD,0.1653,0.1599,0.2539,0.2539,0.2114,,middel
2026-09-30T02:09:42Z,2026-09-30T01:58:14Z,DKBW1624,HALVANDET BADEZONE,0.1408,0.1516,0.2539,0.2539,0.2114,,middel
2026-09-30T02:09:42Z,2026-09-30T01:58:14Z,DKBW1648,SANDKAJ BADEZONE,0.1317,0.1483,0.2539,0.2539,0.2114,,middel
2026-09-30T02:09:42Z,2026-09-30T01:58:14Z,DKBW1905,HAVNEGADE BADEZONE,0.1568,0.1571,0.2539,0.2539,0.2114,,middel
2026-09-30T02:09:42Z,2026-09-30T01:58:14Z,DKBW1640,HAVNEVIGEN BADEZONE,0.1766,0.1634,0.2539,0.2539,0.2114,,middel
2026-09-30T02:09:42Z,2026-09-30T01:58:14Z,DKBW18,VED KONGELUNDSKROEN,,,,,,all-stormwater,hoej
2026-09-30T02:09:42Z,2026-09-30T01:58:14Z,DKBW1896,LA BANCHINA BADEZONE,0.1458,0.1534,0.2539,0.2539,0.2114,,middel
2026-09-30T02:09:42Z,2026-09-30T01:58:14Z,DKBW1914,MOERTELRENDEN,0.155,0.1565,0.2539,0.2539,0.2114,,middel
2026-09-30T02:09:42Z,2026-09-30T01:58:14Z,DKBW30,TAARBÆK SØBADEANSTALT,0.0115,0.0094,0.2539,0.2539,0.2114,,middel
2026-09-30T02:17:19Z,2026-09-30T02:13:14Z,DKBW16,SØVANG,,,,,,all-stormwater,hoej
2026-09-30T02:17:19Z,2026-09-30T02:13:14Z,DKBW1906,TEGLHOLM BRYGGE BADEZONE,0.1722,0.1747,0.2539,0.2539,0.2365,,middel
2026-09-30T02:17:19Z,2026-09-30T02:13:14Z,DKBW24,CHARLOTTENLUND STRANDPARK,0.1474,0.166,0.2539,0.2539,0.2365,,middel
2026-09-30T02:17:19Z,2026-09-30T02:13:14Z,DKBW14,AMAGER SYDSTRAND,,,,,,all-stormwater,hoej
2026-09-30T02:17:19Z,2026-09-30T02:13:14Z,DKBW1526,"AMAGER STRANDPARK, ØRESUND",0.0074,0.0072,0.2539,0.2539,0.2365,,middel
2026-09-30T02:17:19Z,2026-09-30T02:13:14Z,DKBW1578,SLUSEHOLMEN HAVNEBAD,0.0081,0.0074,0.2539,0.2539,0.2365,,middel
2026-09-30T02:17:19Z,2026-09-30T02:13:14Z,DKBW1667,KALVEBOD BØLGE BADEZONE,0.1957,0.1822,0.2539,0.2539,0.2365,,middel
2026-09-30T02:17:19Z,2026-09-30T02:13:14Z,DKBW4,"KBS, UD FOR HYLDETANGEN",0.1459,0.2653,0.1504,0.2653,0.1474,,middel
2026-09-30T02:17:19Z,2026-09-30T02:13:14Z,DKBW1464,"VALLENSBÆK STRAND, VED SKRUBBEN",,,,,,all-stormwater,hoej
2026-09-30T02:17:19Z,2026-09-30T02:13:14Z,DKBW1590,LODSPARKEN,0.056,0.0462,0.2539,0.2539,0.2365,,middel
2026-09-30T02:17:19Z,2026-09-30T02:13:14Z,DKBW1593,TAARBÆK HAVN,0.2196,0.1789,0.2539,0.2539,0.2365,,middel
2026-09-30T02:17:19Z,2026-09-30T02:13:14Z,DKBW8,DRAGØR NORDSTRAND,0,0,0.2539,0.2539,0.2365,,middel
2026-09-30T02:17:19Z,2026-09-30T02:13:14Z,DKBW1904,STRANDEN VED VALBYPARKEN,0.0075,0.0073,0.2539,0.2539,0.2365,,middel
2026-09-30T02:17:19Z,2026-09-30T02:13:14Z,DKBW1913,HVIDOVRE HAVN,0.0561,0.0462,0.2539,0.2539,0.2365,,middel
2026-09-30T02:17:19Z,2026-09-30T02:13:14Z,DKBW32,FREDERIKSDAL FRIBAD,0.2708,0.2385,0.244,0.2708,0.303,,lav
2026-09-30T02:17:19Z,2026-09-30T02:13:14Z,DKBW1527,"AMAGER STRANDPARK, LAGUNEN",0.0075,0.0073,0.2539,0.2539,0.2365,,middel
2026-09-30T02:17:19Z,2026-09-30T02:13:14Z,DKBW1598,SYD FOR KASTRUP LYSTBÅDEHAVN,0,0,0.2539,0.2539,0.2365,,middel
2026-09-30T02:17:19Z,2026-09-30T02:13:14Z,DKBW1629,HALFDANSGADE BADEZONE,0.1942,0.1818,0.2539,0.2539,0.2365,,middel
2026-09-30T02:17:19Z,2026-09-30T02:13:14Z,DKBW1652,SKOVSHOVED HAVBAD,0.0254,0.0287,0.2539,0.2539,0.2365,,middel
2026-09-30T02:17:19Z,2026-09-30T02:13:14Z,DKBW1656,SØNDRE REFSHALE BADEZONE,0.205,0.1851,0.2539,0.2539,0.2365,,hoej
2026-09-30T02:17:19Z,2026-09-30T02:13:14Z,DKBW1891,SKOVSHOVED SYD,0.1368,0.1619,0.2539,0.2539,0.2365,,middel
2026-09-30T02:17:19Z,2026-09-30T02:13:14Z,DKBW10,"DRAGØR SØBAD, NORD",0,0,0.2539,0.2539,0.2365,,middel
2026-09-30T02:17:19Z,2026-09-30T02:13:14Z,DKBW1528,FISKETORVET HAVNEBAD,0.1866,0.1794,0.2539,0.2539,0.2365,,middel
2026-09-30T02:17:19Z,2026-09-30T02:13:14Z,DKBW1520,"KASTRUP SØBAD, NORD FOR KASTRUP LYSTBÅDEHAVN",0.0077,0.0073,0.2539,0.2539,0.2365,,middel
2026-09-30T02:17:19Z,2026-09-30T02:13:14Z,DKBW1579,SVANEMØLLESTRANDEN,0.1678,0.1732,0.2539,0.2539,0.2365,,middel
2026-09-30T02:17:19Z,2026-09-30T02:13:14Z,DKBW1594,BOMBEGRUNDEN TAARBÆK,0.0084,0.0075,0.2539,0.2539,0.2365,,hoej
2026-09-30T02:17:19Z,2026-09-30T02:13:14Z,DKBW1907,VANDTRAPPEN BADEZONE,0.0079,0.0074,0.2539,0.2539,0.2365,,middel
2026-09-30T02:17:19Z,2026-09-30T02:13:14Z,DKBW1908,BYSKOVEN BADEZONE,0.0075,0.0072,0.2539,0.2539,0.2365,,middel
2026-09-30T02:17:19Z,2026-09-30T02:13:14Z,DKBW20,BELLEVUE STRAND,0.0088,0.0076,0.2539,0.2539,0.2365,,hoej
2026-09-30T02:17:19Z,2026-09-30T02:13:14Z,DKBW1772,KVÆSTHUSBROEN,0.2055,0.1852,0.2539,0.2539,0.2365,,hoej
2026-09-30T02:17:19Z,2026-09-30T02:13:14Z,DKBW1893,BADEANSTALT I VALLENSBÆK HAVN,,,,,,all-stormwater,hoej
2026-09-30T02:17:19Z,2026-09-30T02:13:14Z,DKBW26,HELLERUP STRAND,0.156,0.1691,0.2539,0.2539,0.2365,,middel
2026-09-30T02:17:19Z,2026-09-30T02:13:14Z,DKBW1525,ISLANDS BRYGGE HAVNEBAD,0.1968,0.1826,0.2539,0.2539,0.2365,,middel
2026-09-30T02:17:19Z,2026-09-30T02:13:14Z,DKBW1624,HALVANDET BADEZONE,0.1997,0.1835,0.2539,0.2539,0.2365,,middel
2026-09-30T02:17:19Z,2026-09-30T02:13:14Z,DKBW1648,SANDKAJ BADEZONE,0.1843,0.1787,0.2539,0.2539,0.2365,,middel
2026-09-30T02:17:19Z,2026-09-30T02:13:14Z,DKBW1905,HAVNEGADE BADEZONE,0.2056,0.1853,0.2539,0.2539,0.2365,,hoej
2026-09-30T02:17:19Z,2026-09-30T02:13:14Z,DKBW1640,HAVNEVIGEN BADEZONE,0.1848,0.1788,0.2539,0.2539,0.2365,,middel
2026-09-30T02:17:19Z,2026-09-30T02:13:14Z,DKBW18,VED KONGELUNDSKROEN,,,,,,all-stormwater,hoej
2026-09-30T02:17:19Z,2026-09-30T02:13:14Z,DKBW1896,LA BANCHINA BADEZONE,0.2067,0.1856,0.2539,0.2539,0.2365,,hoej
2026-09-30T02:17:19Z,2026-09-30T02:13:14Z,DKBW1914,MOERTELRENDEN,0.0512,0.0448,0.2539,0.2539,0.2365,,hoej
2026-09-30T02:17:19Z,2026-09-30T02:13:14Z,DKBW30,TAARBÆK SØBADEANSTALT,0.2187,0.1787,0.2539,0.2539,0.2365,,middel
2026-09-30T03:17:16Z,2026-09-30T03:13:14Z,DKBW16,SØVANG,,,,,,all-stormwater,hoej
2026-09-30T03:17:16Z,2026-09-30T03:13:14Z,DKBW1906,TEGLHOLM BRYGGE BADEZONE,0.1683,0.1702,0.2539,0.2539,0.23,,middel
2026-09-30T03:17:16Z,2026-09-30T03:13:14Z,DKBW24,CHARLOTTENLUND STRANDPARK,0.1445,0.1618,0.2539,0.2539,0.23,,middel
2026-09-30T03:17:16Z,2026-09-30T03:13:14Z,DKBW14,AMAGER SYDSTRAND,,,,,,all-stormwater,hoej
2026-09-30T03:17:16Z,2026-09-30T03:13:14Z,DKBW1526,"AMAGER STRANDPARK, ØRESUND",0.0787,0.0757,0.2539,0.2539,0.23,,middel
2026-09-30T03:17:16Z,2026-09-30T03:13:14Z,DKBW1578,SLUSEHOLMEN HAVNEBAD,0.0894,0.079,0.2539,0.2539,0.23,,hoej
2026-09-30T03:17:16Z,2026-09-30T03:13:14Z,DKBW1667,KALVEBOD BØLGE BADEZONE,0.1909,0.1774,0.2539,0.2539,0.23,,middel
2026-09-30T03:17:16Z,2026-09-30T03:13:14Z,DKBW4,"KBS, UD FOR HYLDETANGEN",0.1414,0.2609,0.1504,0.2609,0.1428,,middel
2026-09-30T03:17:16Z,2026-09-30T03:13:14Z,DKBW1464,"VALLENSBÆK STRAND, VED SKRUBBEN",,,,,,all-stormwater,hoej
2026-09-30T03:17:16Z,2026-09-30T03:13:14Z,DKBW1590,LODSPARKEN,0.0744,0.0743,0.2539,0.2539,0.23,,middel
2026-09-30T03:17:16Z,2026-09-30T03:13:14Z,DKBW1593,TAARBÆK HAVN,0.2134,0.1739,0.2539,0.2539,0.23,,middel
2026-09-30T03:17:16Z,2026-09-30T03:13:14Z,DKBW8,DRAGØR NORDSTRAND,0,0,0.2539,0.2539,0.23,,middel
2026-09-30T03:17:16Z,2026-09-30T03:13:14Z,DKBW1904,STRANDEN VED VALBYPARKEN,0.0813,0.0765,0.2539,0.2539,0.23,,middel
2026-09-30T03:17:16Z,2026-09-30T03:13:14Z,DKBW1913,HVIDOVRE HAVN,0.0744,0.0743,0.2539,0.2539,0.23,,middel
2026-09-30T03:17:16Z,2026-09-30T03:13:14Z,DKBW32,FREDERIKSDAL FRIBAD,0.2962,0.2609,0.244,0.2962,0.3315,,lav
2026-09-30T03:17:16Z,2026-09-30T03:13:14Z,DKBW1527,"AMAGER STRANDPARK, LAGUNEN",0.08,0.0761,0.2539,0.2539,0.23,,middel
2026-09-30T03:17:16Z,2026-09-30T03:13:14Z,DKBW1598,SYD FOR KASTRUP LYSTBÅDEHAVN,0,0,0.2539,0.2539,0.23,,middel
2026-09-30T03:17:16Z,2026-09-30T03:13:14Z,DKBW1629,HALFDANSGADE BADEZONE,0.1895,0.177,0.2539,0.2539,0.23,,middel
2026-09-30T03:17:16Z,2026-09-30T03:13:14Z,DKBW1652,SKOVSHOVED HAVBAD,0.0242,0.0292,0.2539,0.2539,0.23,,middel
2026-09-30T03:17:16Z,2026-09-30T03:13:14Z,DKBW1656,SØNDRE REFSHALE BADEZONE,0.1998,0.1801,0.2539,0.2539,0.23,,hoej
2026-09-30T03:17:16Z,2026-09-30T03:13:14Z,DKBW1891,SKOVSHOVED SYD,0.1342,0.1579,0.2539,0.2539,0.23,,middel
2026-09-30T03:17:16Z,2026-09-30T03:13:14Z,DKBW10,"DRAGØR SØBAD, NORD",0,0,0.2539,0.2539,0.23,,middel
2026-09-30T03:17:16Z,2026-09-30T03:13:14Z,DKBW1528,FISKETORVET HAVNEBAD,0.1822,0.1747,0.2539,0.2539,0.23,,middel
2026-09-30T03:17:16Z,2026-09-30T03:13:14Z,DKBW1520,"KASTRUP SØBAD, NORD FOR KASTRUP LYSTBÅDEHAVN",0.0065,0.0062,0.2539,0.2539,0.23,,middel
2026-09-30T03:17:16Z,2026-09-30T03:13:14Z,DKBW1579,SVANEMØLLESTRANDEN,0.1641,0.1688,0.2539,0.2539,0.23,,middel
2026-09-30T03:17:16Z,2026-09-30T03:13:14Z,DKBW1594,BOMBEGRUNDEN TAARBÆK,0.007,0.019,0.2539,0.2539,0.23,,hoej
2026-09-30T03:17:16Z,2026-09-30T03:13:14Z,DKBW1907,VANDTRAPPEN BADEZONE,0.0871,0.0783,0.2539,0.2539,0.23,,hoej
2026-09-30T03:17:16Z,2026-09-30T03:13:14Z,DKBW1908,BYSKOVEN BADEZONE,0.0063,0.0061,0.2539,0.2539,0.23,,middel
2026-09-30T03:17:16Z,2026-09-30T03:13:14Z,DKBW20,BELLEVUE STRAND,0.0074,0.0216,0.2539,0.2539,0.23,,hoej
2026-09-30T03:17:16Z,2026-09-30T03:13:14Z,DKBW1772,KVÆSTHUSBROEN,0.2003,0.1803,0.2539,0.2539,0.23,,hoej
2026-09-30T03:17:16Z,2026-09-30T03:13:14Z,DKBW1893,BADEANSTALT I VALLENSBÆK HAVN,,,,,,all-stormwater,hoej
2026-09-30T03:17:16Z,2026-09-30T03:13:14Z,DKBW26,HELLERUP STRAND,0.1527,0.1648,0.2539,0.2539,0.23,,middel
2026-09-30T03:17:16Z,2026-09-30T03:13:14Z,DKBW1525,ISLANDS BRYGGE HAVNEBAD,0.1919,0.1777,0.2539,0.2539,0.23,,middel
2026-09-30T03:17:16Z,2026-09-30T03:13:14Z,DKBW1624,HALVANDET BADEZONE,0.1947,0.1786,0.2539,0.2539,0.23,,middel
2026-09-30T03:17:16Z,2026-09-30T03:13:14Z,DKBW1648,SANDKAJ BADEZONE,0.18,0.174,0.2539,0.2539,0.23,,middel
2026-09-30T03:17:16Z,2026-09-30T03:13:14Z,DKBW1905,HAVNEGADE BADEZONE,0.2004,0.1803,0.2539,0.2539,0.23,,hoej
2026-09-30T03:17:16Z,2026-09-30T03:13:14Z,DKBW1640,HAVNEVIGEN BADEZONE,0.0899,0.0791,0.2539,0.2539,0.23,,hoej
2026-09-30T03:17:16Z,2026-09-30T03:13:14Z,DKBW18,VED KONGELUNDSKROEN,,,,,,all-stormwater,hoej
2026-09-30T03:17:16Z,2026-09-30T03:13:14Z,DKBW1896,LA BANCHINA BADEZONE,0.2015,0.1806,0.2539,0.2539,0.23,,hoej
2026-09-30T03:17:16Z,2026-09-30T03:13:14Z,DKBW1914,MOERTELRENDEN,0.0749,0.0745,0.2539,0.2539,0.23,,middel
2026-09-30T03:17:16Z,2026-09-30T03:13:14Z,DKBW30,TAARBÆK SØBADEANSTALT,0.2126,0.1737,0.2539,0.2539,0.23,,middel
2026-09-30T04:18:59Z,2026-09-30T04:13:14Z,DKBW16,SØVANG,,,,,,all-stormwater,hoej
2026-09-30T04:18:59Z,2026-09-30T04:13:14Z,DKBW1906,TEGLHOLM BRYGGE BADEZONE,0.1641,0.1657,0.2539,0.2539,0.2381,,middel
2026-09-30T04:18:59Z,2026-09-30T04:13:14Z,DKBW24,CHARLOTTENLUND STRANDPARK,0.1411,0.1576,0.2539,0.2539,0.2381,,middel
2026-09-30T04:18:59Z,2026-09-30T04:13:14Z,DKBW14,AMAGER SYDSTRAND,,,,,,all-stormwater,hoej
2026-09-30T04:18:59Z,2026-09-30T04:13:14Z,DKBW1526,"AMAGER STRANDPARK, ØRESUND",0.0765,0.0735,0.2539,0.2539,0.2381,,middel
2026-09-30T04:18:59Z,2026-09-30T04:13:14Z,DKBW1578,SLUSEHOLMEN HAVNEBAD,0.0868,0.0766,0.2539,0.2539,0.2381,,hoej
2026-09-30T04:18:59Z,2026-09-30T04:13:14Z,DKBW1667,KALVEBOD BØLGE BADEZONE,0.1859,0.1726,0.2539,0.2539,0.2381,,middel
2026-09-30T04:18:59Z,2026-09-30T04:13:14Z,DKBW4,"KBS, UD FOR HYLDETANGEN",0.137,0.2565,0.1504,0.2565,0.1384,,middel
2026-09-30T04:18:59Z,2026-09-30T04:13:14Z,DKBW1464,"VALLENSBÆK STRAND, VED SKRUBBEN",,,,,,all-stormwater,hoej
2026-09-30T04:18:59Z,2026-09-30T04:13:14Z,DKBW1590,LODSPARKEN,0.0723,0.0721,0.2539,0.2539,0.2381,,middel
2026-09-30T04:18:59Z,2026-09-30T04:13:14Z,DKBW1593,TAARBÆK HAVN,0.2074,0.169,0.2539,0.2539,0.2381,,middel
2026-09-30T04:18:59Z,2026-09-30T04:13:14Z,DKBW8,DRAGØR NORDSTRAND,0,0,0.2539,0.2539,0.2381,,middel
2026-09-30T04:18:59Z,2026-09-30T04:13:14Z,DKBW1904,STRANDEN VED VALBYPARKEN,0.0789,0.0742,0.2539,0.2539,0.2381,,middel
2026-09-30T04:18:59Z,2026-09-30T04:13:14Z,DKBW1913,HVIDOVRE HAVN,0.0723,0.0721,0.2539,0.2539,0.2381,,middel
2026-09-30T04:18:59Z,2026-09-30T04:13:14Z,DKBW32,FREDERIKSDAL FRIBAD,0.3432,0.3023,0.244,0.3432,0.3841,,lav
2026-09-30T04:18:59Z,2026-09-30T04:13:14Z,DKBW1527,"AMAGER STRANDPARK, LAGUNEN",0.0777,0.0738,0.2539,0.2539,0.2381,,middel
2026-09-30T04:18:59Z,2026-09-30T04:13:14Z,DKBW1598,SYD FOR KASTRUP LYSTBÅDEHAVN,0,0,0.2539,0.2539,0.2381,,middel
2026-09-30T04:18:59Z,2026-09-30T04:13:14Z,DKBW1629,HALFDANSGADE BADEZONE,0.1846,0.1722,0.2539,0.2539,0.2381,,middel
2026-09-30T04:18:59Z,2026-09-30T04:13:14Z,DKBW1652,SKOVSHOVED HAVBAD,0.023,0.0289,0.2539,0.2539,0.2381,,middel
2026-09-30T04:18:59Z,2026-09-30T04:13:14Z,DKBW1656,SØNDRE REFSHALE BADEZONE,0.1946,0.1752,0.2539,0.2539,0.2381,,hoej
2026-09-30T04:18:59Z,2026-09-30T04:13:14Z,DKBW1891,SKOVSHOVED SYD,0.1312,0.1539,0.2539,0.2539,0.2381,,middel
2026-09-30T04:18:59Z,2026-09-30T04:13:14Z,DKBW10,"DRAGØR SØBAD, NORD",0,0,0.2539,0.2539,0.2381,,middel
2026-09-30T04:18:59Z,2026-09-30T04:13:14Z,DKBW1528,FISKETORVET HAVNEBAD,0.1775,0.17,0.2539,0.2539,0.2381,,middel
2026-09-30T04:18:59Z,2026-09-30T04:13:14Z,DKBW1520,"KASTRUP SØBAD, NORD FOR KASTRUP LYSTBÅDEHAVN",0,0,0.2539,0.2539,0.2381,,hoej
2026-09-30T04:18:59Z,2026-09-30T04:13:14Z,DKBW1579,SVANEMØLLESTRANDEN,0.1601,0.1643,0.2539,0.2539,0.2381,,middel
2026-09-30T04:18:59Z,2026-09-30T04:13:14Z,DKBW1594,BOMBEGRUNDEN TAARBÆK,0.0057,0.0189,0.2539,0.2539,0.2381,,hoej
2026-09-30T04:18:59Z,2026-09-30T04:13:14Z,DKBW1907,VANDTRAPPEN BADEZONE,0.0846,0.0759,0.2539,0.2539,0.2381,,hoej
2026-09-30T04:18:59Z,2026-09-30T04:13:14Z,DKBW1908,BYSKOVEN BADEZONE,0,0,0.2539,0.2539,0.2381,,middel
2026-09-30T04:18:59Z,2026-09-30T04:13:14Z,DKBW20,BELLEVUE STRAND,0.006,0.0215,0.2539,0.2539,0.2381,,hoej
2026-09-30T04:18:59Z,2026-09-30T04:13:14Z,DKBW1772,KVÆSTHUSBROEN,0.1951,0.1754,0.2539,0.2539,0.2381,,hoej
2026-09-30T04:18:59Z,2026-09-30T04:13:14Z,DKBW1893,BADEANSTALT I VALLENSBÆK HAVN,,,,,,all-stormwater,hoej
2026-09-30T04:18:59Z,2026-09-30T04:13:14Z,DKBW26,HELLERUP STRAND,0.1491,0.1605,0.2539,0.2539,0.2381,,middel
2026-09-30T04:18:59Z,2026-09-30T04:13:14Z,DKBW1525,ISLANDS BRYGGE HAVNEBAD,0.187,0.173,0.2539,0.2539,0.2381,,middel
2026-09-30T04:18:59Z,2026-09-30T04:13:14Z,DKBW1624,HALVANDET BADEZONE,0.1897,0.1738,0.2539,0.2539,0.2381,,middel
2026-09-30T04:18:59Z,2026-09-30T04:13:14Z,DKBW1648,SANDKAJ BADEZONE,0.1754,0.1694,0.2539,0.2539,0.2381,,middel
2026-09-30T04:18:59Z,2026-09-30T04:13:14Z,DKBW1905,HAVNEGADE BADEZONE,0.1952,0.1754,0.2539,0.2539,0.2381,,hoej
2026-09-30T04:18:59Z,2026-09-30T04:13:14Z,DKBW1640,HAVNEVIGEN BADEZONE,0.0872,0.0767,0.2539,0.2539,0.2381,,hoej
2026-09-30T04:18:59Z,2026-09-30T04:13:14Z,DKBW18,VED KONGELUNDSKROEN,,,,,,all-stormwater,hoej
2026-09-30T04:18:59Z,2026-09-30T04:13:14Z,DKBW1896,LA BANCHINA BADEZONE,0.1962,0.1757,0.2539,0.2539,0.2381,,hoej
2026-09-30T04:18:59Z,2026-09-30T04:13:14Z,DKBW1914,MOERTELRENDEN,0.0728,0.0723,0.2539,0.2539,0.2381,,middel
2026-09-30T04:18:59Z,2026-09-30T04:13:14Z,DKBW30,TAARBÆK SØBADEANSTALT,0.2066,0.1688,0.2539,0.2539,0.2381,,middel
2026-09-30T05:17:18Z,2026-09-30T05:13:14Z,DKBW16,SØVANG,,,,,,all-stormwater,hoej
2026-09-30T05:17:18Z,2026-09-30T05:13:14Z,DKBW1906,TEGLHOLM BRYGGE BADEZONE,0.1587,0.1608,0.258,0.258,0.2521,,middel
2026-09-30T05:17:18Z,2026-09-30T05:13:14Z,DKBW24,CHARLOTTENLUND STRANDPARK,0.1361,0.1528,0.258,0.258,0.2521,,middel
2026-09-30T05:17:18Z,2026-09-30T05:13:14Z,DKBW14,AMAGER SYDSTRAND,,,,,,all-stormwater,hoej
2026-09-30T05:17:18Z,2026-09-30T05:13:14Z,DKBW1526,"AMAGER STRANDPARK, ØRESUND",0.0739,0.0711,0.258,0.258,0.2521,,middel
2026-09-30T05:17:18Z,2026-09-30T05:13:14Z,DKBW1578,SLUSEHOLMEN HAVNEBAD,0.084,0.0742,0.258,0.258,0.2521,,hoej
2026-09-30T05:17:18Z,2026-09-30T05:13:14Z,DKBW1667,KALVEBOD BØLGE BADEZONE,0.1802,0.1677,0.258,0.258,0.2521,,middel
2026-09-30T05:17:18Z,2026-09-30T05:13:14Z,DKBW4,"KBS, UD FOR HYLDETANGEN",0.133,0.2524,0.1593,0.2524,0.1343,,middel
2026-09-30T05:17:18Z,2026-09-30T05:13:14Z,DKBW1464,"VALLENSBÆK STRAND, VED SKRUBBEN",,,,,,all-stormwater,hoej
2026-09-30T05:17:18Z,2026-09-30T05:13:14Z,DKBW1590,LODSPARKEN,0.0698,0.0698,0.258,0.258,0.2521,,middel
2026-09-30T05:17:18Z,2026-09-30T05:13:14Z,DKBW1593,TAARBÆK HAVN,0.2015,0.1642,0.258,0.258,0.2521,,middel
2026-09-30T05:17:18Z,2026-09-30T05:13:14Z,DKBW8,DRAGØR NORDSTRAND,0,0,0.258,0.258,0.2521,,middel
2026-09-30T05:17:18Z,2026-09-30T05:13:14Z,DKBW1904,STRANDEN VED VALBYPARKEN,0.0763,0.0719,0.258,0.258,0.2521,,middel
2026-09-30T05:17:18Z,2026-09-30T05:13:14Z,DKBW1913,HVIDOVRE HAVN,0.0698,0.0698,0.258,0.258,0.2521,,middel
2026-09-30T05:17:18Z,2026-09-30T05:13:14Z,DKBW32,FREDERIKSDAL FRIBAD,0.3634,0.3201,0.2463,0.3634,0.4066,,lav
2026-09-30T05:17:18Z,2026-09-30T05:13:14Z,DKBW1527,"AMAGER STRANDPARK, LAGUNEN",0.075,0.0715,0.258,0.258,0.2521,,middel
2026-09-30T05:17:18Z,2026-09-30T05:13:14Z,DKBW1598,SYD FOR KASTRUP LYSTBÅDEHAVN,0,0,0.258,0.258,0.2521,,middel
2026-09-30T05:17:18Z,2026-09-30T05:13:14Z,DKBW1629,HALFDANSGADE BADEZONE,0.1789,0.1673,0.258,0.258,0.2521,,middel
2026-09-30T05:17:18Z,2026-09-30T05:13:14Z,DKBW1652,SKOVSHOVED HAVBAD,0.0215,0.0244,0.258,0.258,0.2521,,middel
2026-09-30T05:17:18Z,2026-09-30T05:13:14Z,DKBW1656,SØNDRE REFSHALE BADEZONE,0.1887,0.1703,0.258,0.258,0.2521,,hoej
2026-09-30T05:17:18Z,2026-09-30T05:13:14Z,DKBW1891,SKOVSHOVED SYD,0.1263,0.1491,0.258,0.258,0.2521,,middel
2026-09-30T05:17:18Z,2026-09-30T05:13:14Z,DKBW10,"DRAGØR SØBAD, NORD",0,0,0.258,0.258,0.2521,,middel
2026-09-30T05:17:18Z,2026-09-30T05:13:14Z,DKBW1528,FISKETORVET HAVNEBAD,0.1719,0.1651,0.258,0.258,0.2521,,middel
2026-09-30T05:17:18Z,2026-09-30T05:13:14Z,DKBW1520,"KASTRUP SØBAD, NORD FOR KASTRUP LYSTBÅDEHAVN",0.0042,0.0039,0.258,0.258,0.2521,,middel
2026-09-30T05:17:18Z,2026-09-30T05:13:14Z,DKBW1579,SVANEMØLLESTRANDEN,0.1548,0.1595,0.258,0.258,0.2521,,middel
2026-09-30T05:17:18Z,2026-09-30T05:13:14Z,DKBW1594,BOMBEGRUNDEN TAARBÆK,0.0043,0.0137,0.258,0.258,0.2521,,hoej
2026-09-30T05:17:18Z,2026-09-30T05:13:14Z,DKBW1907,VANDTRAPPEN BADEZONE,0.0818,0.0736,0.258,0.258,0.2521,,hoej
2026-09-30T05:17:18Z,2026-09-30T05:13:14Z,DKBW1908,BYSKOVEN BADEZONE,0.004,0.0039,0.258,0.258,0.2521,,middel
2026-09-30T05:17:18Z,2026-09-30T05:13:14Z,DKBW20,BELLEVUE STRAND,0.0046,0.0159,0.258,0.258,0.2521,,hoej
2026-09-30T05:17:18Z,2026-09-30T05:13:14Z,DKBW1772,KVÆSTHUSBROEN,0.1892,0.1704,0.258,0.258,0.2521,,hoej
2026-09-30T05:17:18Z,2026-09-30T05:13:14Z,DKBW1893,BADEANSTALT I VALLENSBÆK HAVN,,,,,,all-stormwater,hoej
2026-09-30T05:17:18Z,2026-09-30T05:13:14Z,DKBW26,HELLERUP STRAND,0.1439,0.1557,0.258,0.258,0.2521,,middel
2026-09-30T05:17:18Z,2026-09-30T05:13:14Z,DKBW1525,ISLANDS BRYGGE HAVNEBAD,0.1812,0.168,0.258,0.258,0.2521,,middel
2026-09-30T05:17:18Z,2026-09-30T05:13:14Z,DKBW1624,HALVANDET BADEZONE,0.1839,0.1688,0.258,0.258,0.2521,,middel
2026-09-30T05:17:18Z,2026-09-30T05:13:14Z,DKBW1648,SANDKAJ BADEZONE,0.1699,0.1644,0.258,0.258,0.2521,,middel
2026-09-30T05:17:18Z,2026-09-30T05:13:14Z,DKBW1905,HAVNEGADE BADEZONE,0.1893,0.1704,0.258,0.258,0.2521,,hoej
2026-09-30T05:17:18Z,2026-09-30T05:13:14Z,DKBW1640,HAVNEVIGEN BADEZONE,0.1703,0.1646,0.258,0.258,0.2521,,middel
2026-09-30T05:17:18Z,2026-09-30T05:13:14Z,DKBW18,VED KONGELUNDSKROEN,,,,,,all-stormwater,hoej
2026-09-30T05:17:18Z,2026-09-30T05:13:14Z,DKBW1896,LA BANCHINA BADEZONE,0.1903,0.1707,0.258,0.258,0.2521,,hoej
2026-09-30T05:17:18Z,2026-09-30T05:13:14Z,DKBW1914,MOERTELRENDEN,0.0702,0.0699,0.258,0.258,0.2521,,middel
2026-09-30T05:17:18Z,2026-09-30T05:13:14Z,DKBW30,TAARBÆK SØBADEANSTALT,0.2007,0.164,0.258,0.258,0.2521,,middel
2026-09-30T06:17:17Z,2026-09-30T06:13:14Z,DKBW16,SØVANG,,,,,,all-stormwater,hoej
2026-09-30T06:17:17Z,2026-09-30T06:13:14Z,DKBW1906,TEGLHOLM BRYGGE BADEZONE,0.1543,0.1564,0.258,0.258,0.2115,,middel
2026-09-30T06:17:17Z,2026-09-30T06:13:14Z,DKBW24,CHARLOTTENLUND STRANDPARK,0.1323,0.1486,0.258,0.258,0.2115,,middel
2026-09-30T06:17:17Z,2026-09-30T06:13:14Z,DKBW14,AMAGER SYDSTRAND,,,,,,all-stormwater,hoej
2026-09-30T06:17:17Z,2026-09-30T06:13:14Z,DKBW1526,"AMAGER STRANDPARK, ØRESUND",0.0716,0.0689,0.258,0.258,0.2115,,middel
2026-09-30T06:17:17Z,2026-09-30T06:13:14Z,DKBW1578,SLUSEHOLMEN HAVNEBAD,0.0814,0.0719,0.258,0.258,0.2115,,hoej
2026-09-30T06:17:17Z,2026-09-30T06:13:14Z,DKBW1667,KALVEBOD BØLGE BADEZONE,0.1752,0.163,0.258,0.258,0.2115,,middel
2026-09-30T06:17:17Z,2026-09-30T06:13:14Z,DKBW4,"KBS, UD FOR HYLDETANGEN",0.129,0.2484,0.1593,0.2484,0.1303,,middel
2026-09-30T06:17:17Z,2026-09-30T06:13:14Z,DKBW1464,"VALLENSBÆK STRAND, VED SKRUBBEN",,,,,,all-stormwater,hoej
2026-09-30T06:17:17Z,2026-09-30T06:13:14Z,DKBW1590,LODSPARKEN,0.0676,0.0676,0.258,0.258,0.2115,,middel
2026-09-30T06:17:17Z,2026-09-30T06:13:14Z,DKBW1593,TAARBÆK HAVN,0.1958,0.1595,0.258,0.258,0.2115,,middel
2026-09-30T06:17:17Z,2026-09-30T06:13:14Z,DKBW8,DRAGØR NORDSTRAND,0,0,0.258,0.258,0.2115,,middel
2026-09-30T06:17:17Z,2026-09-30T06:13:14Z,DKBW1904,STRANDEN VED VALBYPARKEN,0.0739,0.0697,0.258,0.258,0.2115,,middel
2026-09-30T06:17:17Z,2026-09-30T06:13:14Z,DKBW1913,HVIDOVRE HAVN,0.0676,0.0676,0.258,0.258,0.2115,,middel
2026-09-30T06:17:17Z,2026-09-30T06:13:14Z,DKBW32,FREDERIKSDAL FRIBAD,0.0938,0.0798,0.2463,0.2463,0.099,,middel
2026-09-30T06:17:17Z,2026-09-30T06:13:14Z,DKBW1527,"AMAGER STRANDPARK, LAGUNEN",0.0727,0.0693,0.258,0.258,0.2115,,middel
2026-09-30T06:17:17Z,2026-09-30T06:13:14Z,DKBW1598,SYD FOR KASTRUP LYSTBÅDEHAVN,0.0001,0.0034,0.258,0.258,0.2115,,middel
2026-09-30T06:17:17Z,2026-09-30T06:13:14Z,DKBW1629,HALFDANSGADE BADEZONE,0.174,0.1627,0.258,0.258,0.2115,,middel
2026-09-30T06:17:17Z,2026-09-30T06:13:14Z,DKBW1652,SKOVSHOVED HAVBAD,0.0202,0.0228,0.258,0.258,0.2115,,middel
2026-09-30T06:17:17Z,2026-09-30T06:13:14Z,DKBW1656,SØNDRE REFSHALE BADEZONE,0.1835,0.1655,0.258,0.258,0.2115,,hoej
2026-09-30T06:17:17Z,2026-09-30T06:13:14Z,DKBW1891,SKOVSHOVED SYD,0.1228,0.145,0.258,0.258,0.2115,,middel
2026-09-30T06:17:17Z,2026-09-30T06:13:14Z,DKBW10,"DRAGØR SØBAD, NORD",0,0,0.258,0.258,0.2115,,middel
2026-09-30T06:17:17Z,2026-09-30T06:13:14Z,DKBW1528,FISKETORVET HAVNEBAD,0.1672,0.1605,0.258,0.258,0.2115,,middel
2026-09-30T06:17:17Z,2026-09-30T06:13:14Z,DKBW1520,"KASTRUP SØBAD, NORD FOR KASTRUP LYSTBÅDEHAVN",0.003,0.0036,0.258,0.258,0.2115,,middel
2026-09-30T06:17:17Z,2026-09-30T06:13:14Z,DKBW1579,SVANEMØLLESTRANDEN,0.1505,0.1551,0.258,0.258,0.2115,,middel
2026-09-30T06:17:17Z,2026-09-30T06:13:14Z,DKBW1594,BOMBEGRUNDEN TAARBÆK,0.003,0.013,0.258,0.258,0.2115,,hoej
2026-09-30T06:17:17Z,2026-09-30T06:13:14Z,DKBW1907,VANDTRAPPEN BADEZONE,0.0793,0.0713,0.258,0.258,0.2115,,hoej
2026-09-30T06:17:17Z,2026-09-30T06:13:14Z,DKBW1908,BYSKOVEN BADEZONE,0.0029,0.0028,0.258,0.258,0.2115,,middel
2026-09-30T06:17:17Z,2026-09-30T06:13:14Z,DKBW20,BELLEVUE STRAND,0.0032,0.0152,0.258,0.258,0.2115,,hoej
2026-09-30T06:17:17Z,2026-09-30T06:13:14Z,DKBW1772,KVÆSTHUSBROEN,0.184,0.1657,0.258,0.258,0.2115,,hoej
2026-09-30T06:17:17Z,2026-09-30T06:13:14Z,DKBW1893,BADEANSTALT I VALLENSBÆK HAVN,,,,,,all-stormwater,hoej
2026-09-30T06:17:17Z,2026-09-30T06:13:14Z,DKBW26,HELLERUP STRAND,0.1399,0.1514,0.258,0.258,0.2115,,middel
2026-09-30T06:17:17Z,2026-09-30T06:13:14Z,DKBW1525,ISLANDS BRYGGE HAVNEBAD,0.1762,0.1633,0.258,0.258,0.2115,,middel
2026-09-30T06:17:17Z,2026-09-30T06:13:14Z,DKBW1624,HALVANDET BADEZONE,0.1788,0.1641,0.258,0.258,0.2115,,middel
2026-09-30T06:17:17Z,2026-09-30T06:13:14Z,DKBW1648,SANDKAJ BADEZONE,0.1652,0.1599,0.258,0.258,0.2115,,middel
2026-09-30T06:17:17Z,2026-09-30T06:13:14Z,DKBW1905,HAVNEGADE BADEZONE,0.1841,0.1657,0.258,0.258,0.2115,,hoej
2026-09-30T06:17:17Z,2026-09-30T06:13:14Z,DKBW1640,HAVNEVIGEN BADEZONE,0.1656,0.16,0.258,0.258,0.2115,,middel
2026-09-30T06:17:17Z,2026-09-30T06:13:14Z,DKBW18,VED KONGELUNDSKROEN,,,,,,all-stormwater,hoej
2026-09-30T06:17:17Z,2026-09-30T06:13:14Z,DKBW1896,LA BANCHINA BADEZONE,0.185,0.166,0.258,0.258,0.2115,,hoej
2026-09-30T06:17:17Z,2026-09-30T06:13:14Z,DKBW1914,MOERTELRENDEN,0.0681,0.0678,0.258,0.258,0.2115,,middel
2026-09-30T06:17:17Z,2026-09-30T06:13:14Z,DKBW30,TAARBÆK SØBADEANSTALT,0.195,0.1593,0.258,0.258,0.2115,,middel
2026-09-30T07:17:16Z,2026-09-30T07:13:14Z,DKBW16,SØVANG,,,,,,all-stormwater,hoej
2026-09-30T07:17:16Z,2026-09-30T07:13:14Z,DKBW1906,TEGLHOLM BRYGGE BADEZONE,0.151,0.1523,0.258,0.258,0.3478,,middel
2026-09-30T07:17:16Z,2026-09-30T07:13:14Z,DKBW24,CHARLOTTENLUND STRANDPARK,0.1299,0.1449,0.258,0.258,0.3478,,middel
2026-09-30T07:17:16Z,2026-09-30T07:13:14Z,DKBW14,AMAGER SYDSTRAND,,,,,,all-stormwater,hoej
2026-09-30T07:17:16Z,2026-09-30T07:13:14Z,DKBW1526,"AMAGER STRANDPARK, ØRESUND",0.0697,0.0669,0.258,0.258,0.3478,,middel
2026-09-30T07:17:16Z,2026-09-30T07:13:14Z,DKBW1578,SLUSEHOLMEN HAVNEBAD,0.079,0.0697,0.258,0.258,0.3478,,hoej
2026-09-30T07:17:16Z,2026-09-30T07:13:14Z,DKBW1667,KALVEBOD BØLGE BADEZONE,0.171,0.1587,0.258,0.258,0.3478,,middel
2026-09-30T07:17:16Z,2026-09-30T07:13:14Z,DKBW4,"KBS, UD FOR HYLDETANGEN",0.1249,0.2443,0.1593,0.2443,0.1261,,middel
2026-09-30T07:17:16Z,2026-09-30T07:13:14Z,DKBW1464,"VALLENSBÆK STRAND, VED SKRUBBEN",,,,,,all-stormwater,hoej
2026-09-30T07:17:16Z,2026-09-30T07:13:14Z,DKBW1590,LODSPARKEN,0.0659,0.0657,0.258,0.258,0.3478,,middel
2026-09-30T07:17:16Z,2026-09-30T07:13:14Z,DKBW1593,TAARBÆK HAVN,0.1902,0.155,0.258,0.258,0.3478,,middel
2026-09-30T07:17:16Z,2026-09-30T07:13:14Z,DKBW8,DRAGØR NORDSTRAND,0,0,0.258,0.258,0.3478,,middel
2026-09-30T07:17:16Z,2026-09-30T07:13:14Z,DKBW1904,STRANDEN VED VALBYPARKEN,0.0719,0.0676,0.258,0.258,0.3478,,middel
2026-09-30T07:17:16Z,2026-09-30T07:13:14Z,DKBW1913,HVIDOVRE HAVN,0.0659,0.0657,0.258,0.258,0.3478,,middel
2026-09-30T07:17:16Z,2026-09-30T07:13:14Z,DKBW32,FREDERIKSDAL FRIBAD,0.5015,0.4418,0.2463,0.5015,0.5613,,lav
2026-09-30T07:17:16Z,2026-09-30T07:13:14Z,DKBW1527,"AMAGER STRANDPARK, LAGUNEN",0.0708,0.0672,0.258,0.258,0.3478,,middel
2026-09-30T07:17:16Z,2026-09-30T07:13:14Z,DKBW1598,SYD FOR KASTRUP LYSTBÅDEHAVN,0.0004,0.0047,0.258,0.258,0.3478,,middel
2026-09-30T07:17:16Z,2026-09-30T07:13:14Z,DKBW1629,HALFDANSGADE BADEZONE,0.1698,0.1583,0.258,0.258,0.3478,,middel
2026-09-30T07:17:16Z,2026-09-30T07:13:14Z,DKBW1652,SKOVSHOVED HAVBAD,0.0311,0.0353,0.258,0.258,0.3478,,middel
2026-09-30T07:17:16Z,2026-09-30T07:13:14Z,DKBW1656,SØNDRE REFSHALE BADEZONE,0.1789,0.1611,0.258,0.258,0.3478,,hoej
2026-09-30T07:17:16Z,2026-09-30T07:13:14Z,DKBW1891,SKOVSHOVED SYD,0.1208,0.1415,0.258,0.258,0.3478,,middel
2026-09-30T07:17:16Z,2026-09-30T07:13:14Z,DKBW10,"DRAGØR SØBAD, NORD",0,0,0.258,0.258,0.3478,,middel
2026-09-30T07:17:16Z,2026-09-30T07:13:14Z,DKBW1528,FISKETORVET HAVNEBAD,0.1633,0.1563,0.258,0.258,0.3478,,middel
2026-09-30T07:17:16Z,2026-09-30T07:13:14Z,DKBW1520,"KASTRUP SØBAD, NORD FOR KASTRUP LYSTBÅDEHAVN",0.0019,0.005,0.258,0.258,0.3478,,middel
2026-09-30T07:17:16Z,2026-09-30T07:13:14Z,DKBW1579,SVANEMØLLESTRANDEN,0.1474,0.1511,0.258,0.258,0.3478,,middel
2026-09-30T07:17:16Z,2026-09-30T07:13:14Z,DKBW1594,BOMBEGRUNDEN TAARBÆK,0.0018,0.02,0.258,0.258,0.3478,,hoej
2026-09-30T07:17:16Z,2026-09-30T07:13:14Z,DKBW1907,VANDTRAPPEN BADEZONE,0.077,0.0691,0.258,0.258,0.3478,,hoej
2026-09-30T07:17:16Z,2026-09-30T07:13:14Z,DKBW1908,BYSKOVEN BADEZONE,0.0018,0.0018,0.258,0.258,0.3478,,middel
2026-09-30T07:17:16Z,2026-09-30T07:13:14Z,DKBW20,BELLEVUE STRAND,0.0019,0.0225,0.258,0.258,0.3478,,hoej
2026-09-30T07:17:16Z,2026-09-30T07:13:14Z,DKBW1772,KVÆSTHUSBROEN,0.1794,0.1612,0.258,0.258,0.3478,,hoej
2026-09-30T07:17:16Z,2026-09-30T07:13:14Z,DKBW1893,BADEANSTALT I VALLENSBÆK HAVN,,,,,,all-stormwater,hoej
2026-09-30T07:17:16Z,2026-09-30T07:13:14Z,DKBW26,HELLERUP STRAND,0.1372,0.1476,0.258,0.258,0.3478,,middel
2026-09-30T07:17:16Z,2026-09-30T07:13:14Z,DKBW1525,ISLANDS BRYGGE HAVNEBAD,0.172,0.159,0.258,0.258,0.3478,,middel
2026-09-30T07:17:16Z,2026-09-30T07:13:14Z,DKBW1624,HALVANDET BADEZONE,0.1744,0.1597,0.258,0.258,0.3478,,middel
2026-09-30T07:17:16Z,2026-09-30T07:13:14Z,DKBW1648,SANDKAJ BADEZONE,0.1614,0.1557,0.258,0.258,0.3478,,middel
2026-09-30T07:17:16Z,2026-09-30T07:13:14Z,DKBW1905,HAVNEGADE BADEZONE,0.1795,0.1613,0.258,0.258,0.3478,,hoej
2026-09-30T07:17:16Z,2026-09-30T07:13:14Z,DKBW1640,HAVNEVIGEN BADEZONE,0.1618,0.1558,0.258,0.258,0.3478,,middel
2026-09-30T07:17:16Z,2026-09-30T07:13:14Z,DKBW18,VED KONGELUNDSKROEN,,,,,,all-stormwater,hoej
2026-09-30T07:17:16Z,2026-09-30T07:13:14Z,DKBW1896,LA BANCHINA BADEZONE,0.1804,0.1615,0.258,0.258,0.3478,,hoej
2026-09-30T07:17:16Z,2026-09-30T07:13:14Z,DKBW1914,MOERTELRENDEN,0.0663,0.0658,0.258,0.258,0.3478,,middel
2026-09-30T07:17:16Z,2026-09-30T07:13:14Z,DKBW30,TAARBÆK SØBADEANSTALT,0.1894,0.1547,0.258,0.258,0.3478,,middel
2026-09-30T08:17:16Z,2026-09-30T08:13:14Z,DKBW16,SØVANG,,,,,,all-stormwater,hoej
2026-09-30T08:17:16Z,2026-09-30T08:13:14Z,DKBW1906,TEGLHOLM BRYGGE BADEZONE,0.1481,0.1485,0.258,0.258,0.3582,,middel
2026-09-30T08:17:16Z,2026-09-30T08:13:14Z,DKBW24,CHARLOTTENLUND STRANDPARK,0.1279,0.1415,0.258,0.258,0.3582,,middel
2026-09-30T08:17:16Z,2026-09-30T08:13:14Z,DKBW14,AMAGER SYDSTRAND,,,,,,all-stormwater,hoej
2026-09-30T08:17:16Z,2026-09-30T08:13:14Z,DKBW1526,"AMAGER STRANDPARK, ØRESUND",0.001,0.0061,0.258,0.258,0.3582,,middel
2026-09-30T08:17:16Z,2026-09-30T08:13:14Z,DKBW1578,SLUSEHOLMEN HAVNEBAD,0.0134,0.0238,0.258,0.258,0.3582,,middel
2026-09-30T08:17:16Z,2026-09-30T08:13:14Z,DKBW1667,KALVEBOD BØLGE BADEZONE,0.1671,0.1545,0.258,0.258,0.3582,,middel
2026-09-30T08:17:16Z,2026-09-30T08:13:14Z,DKBW4,"KBS, UD FOR HYLDETANGEN",0.1211,0.2404,0.1593,0.2404,0.1223,,middel
2026-09-30T08:17:16Z,2026-09-30T08:13:14Z,DKBW1464,"VALLENSBÆK STRAND, VED SKRUBBEN",,,,,,all-stormwater,hoej
2026-09-30T08:17:16Z,2026-09-30T08:13:14Z,DKBW1590,LODSPARKEN,0.0421,0.0347,0.258,0.258,0.3582,,middel
2026-09-30T08:17:16Z,2026-09-30T08:13:14Z,DKBW1593,TAARBÆK HAVN,0.1847,0.1505,0.258,0.258,0.3582,,middel
2026-09-30T08:17:16Z,2026-09-30T08:13:14Z,DKBW8,DRAGØR NORDSTRAND,0,0,0.258,0.258,0.3582,,middel
2026-09-30T08:17:16Z,2026-09-30T08:13:14Z,DKBW1904,STRANDEN VED VALBYPARKEN,0.0236,0.0287,0.258,0.258,0.3582,,hoej
2026-09-30T08:17:16Z,2026-09-30T08:13:14Z,DKBW1913,HVIDOVRE HAVN,0.0422,0.0347,0.258,0.258,0.3582,,middel
2026-09-30T08:17:16Z,2026-09-30T08:13:14Z,DKBW32,FREDERIKSDAL FRIBAD,0.5166,0.4551,0.2463,0.5166,0.5781,,lav
2026-09-30T08:17:16Z,2026-09-30T08:13:14Z,DKBW1527,"AMAGER STRANDPARK, LAGUNEN",0.0011,0.0064,0.258,0.258,0.3582,,middel
2026-09-30T08:17:16Z,2026-09-30T08:13:14Z,DKBW1598,SYD FOR KASTRUP LYSTBÅDEHAVN,0.0008,0.0056,0.258,0.258,0.3582,,middel
2026-09-30T08:17:16Z,2026-09-30T08:13:14Z,DKBW1629,HALFDANSGADE BADEZONE,0.1659,0.1542,0.258,0.258,0.3582,,middel
2026-09-30T08:17:16Z,2026-09-30T08:13:14Z,DKBW1652,SKOVSHOVED HAVBAD,0.0325,0.0367,0.258,0.258,0.3582,,middel
2026-09-30T08:17:16Z,2026-09-30T08:13:14Z,DKBW1656,SØNDRE REFSHALE BADEZONE,0.1746,0.1568,0.258,0.258,0.3582,,hoej
2026-09-30T08:17:16Z,2026-09-30T08:13:14Z,DKBW1891,SKOVSHOVED SYD,0.1191,0.1382,0.258,0.258,0.3582,,middel
2026-09-30T08:17:16Z,2026-09-30T08:13:14Z,DKBW10,"DRAGØR SØBAD, NORD",0,0,0.258,0.258,0.3582,,middel
2026-09-30T08:17:16Z,2026-09-30T08:13:14Z,DKBW1528,FISKETORVET HAVNEBAD,0.1598,0.1523,0.258,0.258,0.3582,,middel
2026-09-30T08:17:16Z,2026-09-30T08:13:14Z,DKBW1520,"KASTRUP SØBAD, NORD FOR KASTRUP LYSTBÅDEHAVN",0.0009,0.0059,0.258,0.258,0.3582,,middel
2026-09-30T08:17:16Z,2026-09-30T08:13:14Z,DKBW1579,SVANEMØLLESTRANDEN,0.1445,0.1473,0.258,0.258,0.3582,,middel
2026-09-30T08:17:16Z,2026-09-30T08:13:14Z,DKBW1594,BOMBEGRUNDEN TAARBÆK,0.0006,0.0036,0.258,0.258,0.3582,,hoej
2026-09-30T08:17:16Z,2026-09-30T08:13:14Z,DKBW1907,VANDTRAPPEN BADEZONE,0.0198,0.0243,0.258,0.258,0.3582,,middel
2026-09-30T08:17:16Z,2026-09-30T08:13:14Z,DKBW1908,BYSKOVEN BADEZONE,0.0008,0.0007,0.258,0.258,0.3582,,middel
2026-09-30T08:17:16Z,2026-09-30T08:13:14Z,DKBW20,BELLEVUE STRAND,0.0006,0.0039,0.258,0.258,0.3582,,hoej
2026-09-30T08:17:16Z,2026-09-30T08:13:14Z,DKBW1772,KVÆSTHUSBROEN,0.175,0.1569,0.258,0.258,0.3582,,hoej
2026-09-30T08:17:16Z,2026-09-30T08:13:14Z,DKBW1893,BADEANSTALT I VALLENSBÆK HAVN,,,,,,all-stormwater,hoej
2026-09-30T08:17:16Z,2026-09-30T08:13:14Z,DKBW26,HELLERUP STRAND,0.1349,0.144,0.258,0.258,0.3582,,middel
2026-09-30T08:17:16Z,2026-09-30T08:13:14Z,DKBW1525,ISLANDS BRYGGE HAVNEBAD,0.168,0.1548,0.258,0.258,0.3582,,middel
2026-09-30T08:17:16Z,2026-09-30T08:13:14Z,DKBW1624,HALVANDET BADEZONE,0.1703,0.1555,0.258,0.258,0.3582,,middel
2026-09-30T08:17:16Z,2026-09-30T08:13:14Z,DKBW1648,SANDKAJ BADEZONE,0.1579,0.1517,0.258,0.258,0.3582,,middel
2026-09-30T08:17:16Z,2026-09-30T08:13:14Z,DKBW1905,HAVNEGADE BADEZONE,0.1751,0.1569,0.258,0.258,0.3582,,hoej
2026-09-30T08:17:16Z,2026-09-30T08:13:14Z,DKBW1640,HAVNEVIGEN BADEZONE,0.1583,0.1518,0.258,0.258,0.3582,,middel
2026-09-30T08:17:16Z,2026-09-30T08:13:14Z,DKBW18,VED KONGELUNDSKROEN,,,,,,all-stormwater,hoej
2026-09-30T08:17:16Z,2026-09-30T08:13:14Z,DKBW1896,LA BANCHINA BADEZONE,0.176,0.1572,0.258,0.258,0.3582,,hoej
2026-09-30T08:17:16Z,2026-09-30T08:13:14Z,DKBW1914,MOERTELRENDEN,0.0368,0.0332,0.258,0.258,0.3582,,hoej
2026-09-30T08:17:16Z,2026-09-30T08:13:14Z,DKBW30,TAARBÆK SØBADEANSTALT,0.1839,0.1503,0.258,0.258,0.3582,,middel
